id,dataset
616206452,int
616226398,int
1129016958,fsf
1174566572,fsf
107013897,twt
1175053682,fsf
1175677580,fsf
334249560,twt
88866261,twt
1174778426,fsf
616296594,int
616544230,int
1130216966,fsf
401190123,twt
616325196,int
617745271,int
1374959215,int
716473104,int
1372493953,int
1124360551,fsf
1176045456,fsf
157864555,twt
189730759,twt
1174317492,fsf
1174360562,fsf
616891841,int
1176037879,fsf
202155524,twt
617788541,int
1127297354,fsf
53671214,twt
1127411401,fsf
1174898036,fsf
1174457058,fsf
1176067166,fsf
616224637,int
1176223429,fsf
229286608,twt
202511395,twt
129899218,twt
616302072,int
617236155,int
1176174571,fsf
617710286,int
616337604,int
617605452,int
185933483,twt
1176150378,fsf
422415442,twt
181225107,twt
616223567,int
1176388189,fsf
616448213,int
621412525,int
1127216318,fsf
346747623,twt
1175840936,fsf
130303998,twt
1174387664,fsf
1128486390,fsf
617078388,int
619219990,int
1127822533,fsf
1175872345,fsf
361350314,twt
355993172,twt
1175711664,fsf
295394982,twt
1176288571,fsf
1130535104,fsf
617538588,int
622793906,int
585883867,twt
1126962823,fsf
616288152,int
1176054547,fsf
616222843,int
617867481,int
616208980,int
616300077,int
1176172730,fsf
1176198690,fsf
1175719664,fsf
1176274290,fsf
1174713944,fsf
617279109,int
109075883,twt
616646437,int
1176405116,fsf
1124739583,fsf
1174855417,fsf
617173576,int
291191096,twt
20726266,twt
152846674,twt
1174342740,fsf
169433349,twt
479340177,twt
1174811528,fsf
1208410542,int
616303560,int
620739715,int
1373450377,int
616285401,int
242186430,twt
622524146,int
199815995,twt
54047372,twt
1129288938,fsf
332882634,twt
619513437,int
292442271,twt
392188753,twt
616217939,int
710814337,int
1174982719,fsf
708529440,int
1174680708,fsf
1174627123,fsf
619683215,int
394416247,twt
223329964,twt
57757511,twt
1174876764,fsf
617494611,int
714583566,int
617452824,int
1175734488,fsf
617111228,int
616229522,int
1175951042,fsf
1174435964,fsf
245280307,twt
1176283176,fsf
1176090313,fsf
1175980688,fsf
402630337,twt
618223383,int
1385228084,int
329489449,twt
112131340,twt
1176301609,fsf
617437469,int
621414410,int
616220414,int
1208295348,int
616218947,int
618945271,int
261915122,twt
616308387,int
616263058,int
617590863,int
104657589,twt
544481555,twt
1176024900,fsf
1175006178,fsf
616758171,int
1176177198,fsf
617662277,int
1174400497,fsf
616217762,int
617888487,int
619810380,int
618615426,int
617245921,int
558153258,twt
620687869,int
394725471,twt
616500089,int
1129401444,fsf
384501016,twt
617732455,int
1127827542,fsf
616227562,int
1128706746,fsf
1174648291,fsf
1175720130,fsf
504867024,twt
1130534586,fsf
328612451,twt
620777740,int
1130259265,fsf
97275343,twt
1219039568,int
1129803002,fsf
1130225450,fsf
1129901942,fsf
1127132214,fsf
616211479,int
619369704,int
616210933,int
10935572,twt
1174762351,fsf
616727070,int
92525390,twt
616854398,int
1175993282,fsf
597614760,twt
1174933712,fsf
620896239,int
582855209,twt
195874688,twt
1174670046,fsf
1129937737,fsf
1129397028,twt
616205957,int
1175898612,fsf
1130403349,fsf
1127894718,fsf
616299699,int
1175757835,fsf
202440814,twt
1174409298,fsf
1175883632,fsf
616231447,int
716451656,int
617279835,int
52346698,twt
622304985,int
1176194707,fsf
710092674,int
466557338,twt
1175062736,fsf
475035176,twt
1174553017,fsf
231035428,twt
1127880368,fsf
158541730,twt
129729416,twt
233884874,twt
1128394315,fsf
50449844,twt
616874546,int
616285149,int
261627134,twt
616230778,int
1127066796,fsf
616300368,int
1174700300,fsf
616977822,int
616221038,int
529329358,twt
1176249991,fsf
620696383,int
222154371,twt
1387393236,int
1124550980,fsf
1129290072,fsf
1175848021,fsf
617400276,int
1174775082,fsf
716289278,int
1176279901,fsf
616218743,int
617733045,int
1127914004,fsf
618215489,int
1128666674,fsf
616755124,int
616304159,int
1176070208,fsf
616566914,int
94528740,twt
1175741276,fsf
619448053,int
616753922,int
508032449,twt
1127839795,fsf
1175025703,fsf
616791162,int
1174694204,fsf
616225522,int
412614875,twt
1176358165,fsf
1175782370,fsf
105696650,twt
1130538576,fsf
83697927,twt
545647644,twt
1174435530,fsf
1175904811,fsf
616583718,int
443037335,twt
616224125,int
1127023860,fsf
1175791177,fsf
1127645011,fsf
620259574,int
1367487373,int
617309307,int
617447770,int
712317120,int
616225411,int
151474227,twt
618499240,int
619235948,int
253111142,twt
1130110020,fsf
621412482,int
1207752978,int
617276858,int
616218488,int
252139342,twt
1174330140,fsf
1174885004,fsf
611817370,twt
1391998039,int
1176031873,fsf
1174750884,fsf
619441415,int
616211005,int
617236411,int
617293369,int
1176277345,fsf
290499654,int
1127303257,fsf
617398277,int
616219076,int
1175943655,fsf
1387702238,int
616212148,int
1176319747,fsf
616231544,int
1176344617,fsf
616224133,int
617342164,int
1174944620,fsf
618136325,int
1127515314,fsf
1174402410,fsf
1175806116,fsf
1128697718,fsf
616234909,int
34589722,twt
616438405,int
1130213556,fsf
622866052,int
1174898930,fsf
1174804556,fsf
335052095,twt
617843808,int
93225500,twt
1175992374,fsf
1175000504,fsf
616650103,int
1176127388,fsf
1175788465,fsf
1176267397,fsf
101399567,twt
616312923,int
245685332,twt
618549078,int
404334610,twt
358263991,twt
1208757007,int
1124447899,fsf
1175933244,fsf
1175633166,fsf
333805197,twt
622357843,int
303932719,int
1174509800,fsf
616287702,int
89963109,twt
319071294,twt
147266930,twt
616862788,int
620776121,int
84539426,twt
616218557,int
1174742864,fsf
212928560,twt
1175772264,fsf
1175629345,fsf
1127260830,fsf
1176382580,fsf
1174331750,fsf
616810995,int
1175868074,fsf
422318647,twt
616210814,int
616206656,int
29940598,twt
616561810,int
1129905792,fsf
128620164,twt
616687643,int
135026061,twt
618689737,int
617471280,int
616871628,int
622928583,int
173215914,twt
1176151704,fsf
1176419695,fsf
73473444,twt
351514291,twt
616997089,int
616222607,int
616230280,int
616299006,int
1126921074,fsf
1174847785,fsf
616394546,int
617824831,int
207293756,twt
1124807293,fsf
1128355266,fsf
617410411,int
616224899,int
1175653093,fsf
616535986,int
1175634584,fsf
1386172154,int
1174789676,fsf
616304457,int
1128816360,fsf
616229738,int
620419987,int
379259119,twt
617096658,int
616392153,int
1127241931,fsf
270595940,twt
616232053,int
1175626327,fsf
1174944276,fsf
619598059,int
1176362071,fsf
1128398388,fsf
1127218854,fsf
21196037,twt
1127992975,fsf
1208193505,int
1174751144,fsf
341335650,twt
1174410324,fsf
1176149502,fsf
1127816366,fsf
616311015,int
619406337,int
617617449,int
616232257,int
616699097,int
618220272,int
616231375,int
116397637,twt
335610997,twt
616553484,int
1174929679,fsf
194026156,twt
1129918525,fsf
1175009000,fsf
1126886184,fsf
259042485,twt
616219883,int
619542769,int
1130157896,fsf
1174869769,fsf
454616346,twt
1174926474,fsf
1370781445,int
1127150011,fsf
617445392,int
330273328,twt
617801213,int
1213549526,int
1208895733,int
1128419868,fsf
616299315,int
1174395410,fsf
617155487,int
337653685,twt
616225373,int
1208639550,int
616300803,int
273432870,twt
616229977,int
241553849,twt
1174851200,fsf
616212203,int
317248347,twt
198833831,twt
616297194,int
617739493,int
616575636,int
617898741,int
711397128,int
1175980453,fsf
112540516,twt
616224700,int
1176105391,fsf
617556297,int
1130546598,fsf
617602159,int
619563674,int
1175717354,fsf
101330413,twt
620175784,int
621377933,int
1130415098,fsf
616287579,int
617176526,int
616500983,int
1175828748,fsf
1176241388,fsf
1176385015,fsf
616349387,int
617524589,int
616880989,int
1128458438,fsf
619588265,int
617638457,int
1126399904,fsf
1174622690,fsf
1127391530,fsf
617280711,int
254716078,twt
618134374,int
251855577,twt
1175587045,fsf
617837077,int
1175028782,fsf
616211257,int
1176131214,fsf
138211958,twt
616302717,int
1130396822,fsf
617110971,int
616230368,int
70277715,twt
140176665,twt
617825921,int
616956640,int
83293188,twt
616305756,int
616225564,int
512084670,twt
144602443,twt
1175837136,fsf
616648049,int
1176165122,fsf
1127891892,fsf
1124788411,fsf
1174518524,fsf
413650968,twt
1176173497,fsf
1174515206,fsf
616843743,int
1174778406,fsf
1174341054,fsf
617072174,int
616206631,int
616795584,int
1127059790,fsf
1174676743,fsf
460577572,twt
1381167558,int
1174411070,fsf
1128144613,fsf
617051815,int
1174740535,fsf
1128284804,fsf
75683534,twt
1175833148,fsf
189040110,twt
618145336,int
35008954,twt
465998255,twt
616235884,int
710998206,int
38520305,twt
616520119,int
125528862,twt
254976820,twt
1175777869,fsf
1174616234,fsf
616215005,int
616512844,int
103159736,twt
616312189,int
616218377,int
538558418,twt
616313064,int
499854962,twt
619305569,int
1175972964,fsf
616222768,int
1174538528,fsf
1174464710,fsf
1387417639,int
620765352,int
616223734,int
1127581338,fsf
75807122,twt
1129032277,fsf
1373641104,int
1174621862,fsf
1175754096,fsf
1128888824,fsf
1125357410,fsf
370733068,twt
618208393,int
77443610,twt
1127093012,fsf
1130534930,fsf
1175803050,fsf
1174684957,fsf
1174851499,fsf
616833719,int
195913271,int
28265406,twt
1174383524,fsf
1176324859,fsf
616204178,int
616224764,int
1176392124,fsf
616223671,int
1174444022,fsf
100219528,twt
616998237,int
617712875,int
1176120223,fsf
616230997,int
1128898598,fsf
72110028,int
617556760,int
1368184886,int
1174427628,fsf
616300029,int
239525864,twt
617718785,int
407868184,twt
1174374654,fsf
1128254628,fsf
1175854238,fsf
107914508,twt
616872091,int
254247600,twt
1175787168,fsf
617458994,int
1127137806,fsf
616224676,int
1175693322,fsf
1175937380,fsf
616227469,int
147107988,twt
616304394,int
716053231,int
617284243,int
1127963340,fsf
617766838,int
616218326,int
1176253664,fsf
400069220,twt
1175961673,fsf
619018390,int
1126883186,fsf
616288341,int
1130384803,fsf
1174717800,fsf
1208281129,int
36299291,twt
713380862,int
617747498,int
96871607,twt
21365952,twt
72348749,twt
1128718424,fsf
1174330058,fsf
184988281,twt
1128493195,fsf
616937163,int
124964940,twt
302513351,twt
1175062507,fsf
617279043,int
520701091,twt
1174998998,fsf
616887730,int
184922888,twt
1120176186,fsf
1175968620,fsf
618505565,int
1127590879,fsf
1127478864,fsf
1174433286,fsf
1127177594,fsf
616621744,int
1176213703,fsf
618982638,int
616207430,int
1174403612,fsf
616232630,int
124447429,twt
1175705202,fsf
1130386950,fsf
1127838836,fsf
1176047184,fsf
1126057680,fsf
616217624,int
1174710902,fsf
617081967,int
616223147,int
618349118,int
106622116,twt
1381607736,int
616298907,int
1176267386,fsf
708650725,int
134678238,twt
1175801724,fsf
395021188,twt
230030181,twt
1174682425,fsf
1174787304,fsf
1174450896,fsf
1130623285,fsf
1176159360,fsf
346790259,twt
1127105509,fsf
1175767867,fsf
1125327924,fsf
1208024365,int
1174977500,fsf
520214369,twt
1174756808,fsf
1174335446,fsf
119926900,twt
1174679592,fsf
616331366,int
1175615983,fsf
619118183,int
337161218,twt
325767923,twt
523035519,twt
616301106,int
67946273,twt
416995459,twt
142150030,twt
616227622,int
616206269,int
616222831,int
621874598,int
1175774436,fsf
616297419,int
617689102,int
616305963,int
1174925106,fsf
1124301420,fsf
618372072,int
710386668,int
271619712,twt
1175650981,fsf
1174733100,fsf
1174913503,fsf
616302336,int
616307780,int
617641534,int
1174812978,fsf
97859473,twt
616313439,int
616219934,int
1127305652,fsf
50055682,twt
1174743524,fsf
1175003000,fsf
40010436,twt
617706549,int
708732794,int
1175881286,fsf
134332869,twt
1176175902,fsf
159719768,twt
616453934,int
709158032,int
490713181,twt
1127828666,fsf
1176422048,fsf
25836383,twt
616310157,int
39328305,twt
616544238,int
96730829,twt
1174648296,fsf
1175726604,fsf
619422439,int
1130123028,fsf
37384589,int
1124249136,fsf
153921560,twt
616230346,int
1174425121,fsf
411288201,twt
150861478,twt
617828146,int
133434448,twt
1176427063,fsf
620320700,int
169147207,twt
616285659,int
709547976,int
1125890246,fsf
1127322342,fsf
1174431079,fsf
1129936399,fsf
554590139,twt
193607094,twt
617096445,int
1174514420,fsf
1176384235,fsf
616223167,int
620753960,int
1391832212,int
1174917374,fsf
616235842,int
395458764,twt
1176308636,fsf
297255017,twt
1174341847,fsf
617739091,int
616232512,int
616217714,int
621733211,int
617692004,int
1208624760,int
189015964,twt
617241478,int
1174437590,fsf
21706899,twt
619784136,int
616299078,int
105830531,twt
1174874869,fsf
1098285654,twt
617557216,int
1127478085,fsf
617228152,int
152259498,twt
617668598,int
1174580582,fsf
616824681,int
616206467,int
57475867,twt
617060374,int
1174372298,fsf
617696176,int
1126958802,fsf
1175038892,fsf
422850440,twt
619552741,int
617727291,int
261931118,twt
616209703,int
582554537,twt
616284642,int
316402288,twt
221009412,twt
1174620793,fsf
1127064612,fsf
580423549,twt
192269471,twt
619048475,int
1175773806,fsf
1174759088,fsf
1176194977,fsf
275881452,twt
1374103256,int
616633553,int
164432890,twt
1208404442,int
1386619668,int
616300149,int
1208844938,int
356674188,twt
616232251,int
1128629346,fsf
350039038,twt
51184465,twt
450179797,twt
1174656450,fsf
80194139,twt
616777049,int
210428729,twt
1174970576,fsf
617047718,int
1213479486,int
1176006872,fsf
1129729476,fsf
617373638,int
514818877,twt
1175624556,fsf
140200549,twt
616220681,int
616234888,int
105510200,twt
1130249922,fsf
1381040010,int
31776715,twt
1174644632,fsf
102336226,twt
1176175699,fsf
362228315,twt
617284591,int
244812839,twt
1175029616,fsf
1125604190,fsf
244254961,twt
153824393,twt
1124711090,fsf
100370448,twt
316585017,twt
21972434,twt
618211955,int
1174436491,fsf
1127484458,fsf
616207079,int
1176063571,fsf
236623139,twt
1128764245,fsf
1176220436,fsf
1176184358,fsf
455070011,twt
1175960761,fsf
616208212,int
616302786,int
114099935,twt
60257479,twt
1174539534,fsf
616301301,int
710621238,int
616227574,int
618249107,int
1175825581,fsf
217055469,twt
616287345,int
617301783,int
202886194,twt
1175931889,fsf
617273229,int
618277797,int
619512380,int
617736822,int
616709340,int
33438880,twt
616228561,int
616215323,int
169141228,twt
1127772061,fsf
1174603392,fsf
617575079,int
616302333,int
1175021809,fsf
1207879530,int
421419585,twt
259706720,twt
356172796,twt
616301361,int
354306025,twt
1124407771,fsf
1127183491,fsf
616218776,int
1174711836,fsf
1174382539,fsf
1208119178,int
16753788,twt
1127371730,fsf
616298811,int
620112188,int
148151604,twt
1174554060,fsf
288912572,twt
1218517542,int
1175061374,fsf
616223419,int
468338356,twt
616308033,int
709554859,int
617831397,int
1175651917,fsf
1174361588,fsf
1130271691,fsf
35959749,twt
1174696087,fsf
619468845,int
1175044778,fsf
708676321,int
1130295176,fsf
1174927723,fsf
1176141625,fsf
616225861,int
64968114,twt
616450260,int
1174444872,fsf
42570158,twt
1128680906,fsf
1128246877,fsf
1124643068,fsf
622286034,int
1130458686,fsf
618262473,int
19951698,twt
357101224,twt
1126840332,fsf
1175793452,fsf
1176282888,fsf
616297275,int
62969150,twt
616710259,int
616284570,int
1174652005,fsf
1174853904,fsf
1174445989,fsf
1174986182,fsf
1175055697,fsf
306215704,twt
621834892,int
1176077330,fsf
622572415,int
616215784,int
616231795,int
412025289,twt
1128650161,fsf
1176247080,fsf
1174982916,fsf
616224313,int
184849544,twt
616297320,int
616306866,int
475732319,int
191725589,twt
1129940900,fsf
1175011819,fsf
571300851,twt
1127433188,fsf
709094335,int
1176398449,fsf
1174577899,fsf
1174739257,fsf
122963011,twt
1126890631,fsf
1128403068,fsf
227650216,twt
617564443,int
616891343,int
616635449,int
56232036,twt
617684430,int
1176308588,fsf
1128251834,fsf
1176275664,fsf
616231564,int
616437167,int
1174543622,fsf
183580684,twt
28222509,twt
375106107,twt
168872531,twt
1175021929,fsf
1174638079,fsf
618803772,int
1127892150,fsf
1175956076,fsf
509038409,twt
1128187680,fsf
537276941,twt
1125979442,fsf
239312585,twt
616414201,int
635863952,twt
1175937997,fsf
1130581675,fsf
617647029,int
617369459,int
1174562730,fsf
198414396,twt
321581818,twt
1208441712,int
1129919894,fsf
239732544,twt
320725572,twt
620156433,int
1208662998,int
1388819528,int
1130298409,fsf
616328439,int
616298784,int
1175718902,fsf
195541103,twt
278082770,twt
1127314142,fsf
105748476,twt
616301049,int
1128356431,fsf
617359641,int
1126890798,fsf
122511648,twt
1174417388,fsf
144748986,twt
1126950427,fsf
617073588,int
1174818847,fsf
1128530372,fsf
618153400,int
239895893,twt
1175901152,fsf
1209174511,int
1176197136,fsf
1174407720,fsf
616221044,int
1130522202,fsf
618928185,int
258322288,twt
616579375,int
616880011,int
329804273,twt
1208423114,int
1175871524,fsf
227811080,twt
157614264,twt
1176426272,fsf
616973721,int
616293207,int
1174450668,fsf
270442712,twt
1127582702,fsf
1127400348,fsf
616304112,int
616224374,int
617262093,int
617627840,int
1127769554,fsf
616224076,int
95782748,twt
1122936860,twt
247979863,twt
616736089,int
617430051,int
1174873122,fsf
616227250,int
396755498,twt
1176393222,fsf
1174643767,fsf
237036122,twt
616207376,int
1366923541,int
616221794,int
73766975,twt
616227970,int
375174626,twt
141394735,twt
617254082,int
1130284382,fsf
1175732936,fsf
616231144,int
1128728185,fsf
616237669,int
1381459980,int
622366249,int
709392979,int
457013718,twt
617560837,int
617392176,int
1383712140,int
616354262,int
1013213588,twt
1176157068,fsf
617534754,int
195625268,twt
1174906022,fsf
1176074503,fsf
1208801689,int
617096196,int
382916532,twt
1127946307,fsf
616319798,int
154527192,twt
616206563,int
616218482,int
1174352306,fsf
618393696,int
616300842,int
616774511,int
1175064218,fsf
1129477836,fsf
1175918527,fsf
1127034602,fsf
616524118,int
112188483,twt
1176263858,fsf
1368097362,int
158369900,twt
141886393,twt
616228429,int
564015559,twt
147813988,twt
616217972,int
1127587958,fsf
617695825,int
617315471,int
1174962156,fsf
563363271,twt
616230896,int
616206386,int
616297983,int
1175850312,fsf
1176030852,fsf
1175874906,fsf
622255721,int
240422007,twt
1373071759,int
1174429314,fsf
616300515,int
590916061,twt
1127015257,fsf
1174425702,fsf
192193390,twt
254059795,twt
88517573,twt
1174472216,fsf
1127114233,fsf
1381069658,int
1127077592,fsf
1175878608,fsf
1174366058,fsf
1369480706,int
617396030,int
616598289,int
617736616,int
139270785,twt
267092571,twt
1174413146,fsf
1174396562,fsf
1208622896,int
616212358,int
523607344,twt
617429491,int
198572784,twt
1128511538,fsf
617373484,int
617596978,int
1176318060,fsf
599789901,twt
717691526,twt
262867461,twt
66984417,twt
1174739790,fsf
616904387,int
616876048,int
616382834,int
1128250548,fsf
1128470257,fsf
1176038917,fsf
1127026316,fsf
1127081611,fsf
616236079,int
1174994395,fsf
617473160,int
1174909136,fsf
569994470,twt
617053599,int
1175057606,fsf
617772457,int
616287324,int
1174338175,fsf
348489687,twt
616224925,int
1176186649,fsf
617356028,int
310445390,twt
1176337327,fsf
50660716,twt
708947054,int
56163699,twt
1124616192,fsf
83895093,twt
1174706054,fsf
616613637,int
1176388351,fsf
619225021,int
1126439455,fsf
622545293,int
1174560156,fsf
711678624,int
1127332626,fsf
96123681,twt
619411152,int
1174735315,fsf
616236223,int
1174510238,fsf
1176129667,fsf
618739511,int
616684545,int
616222720,int
1174991155,fsf
346747046,twt
616299576,int
1370501162,int
616210993,int
1124453858,fsf
619466144,int
617451689,int
1381512248,int
616217828,int
616300512,int
617299004,int
514736144,twt
171066133,twt
620220804,int
1129326936,fsf
1381246512,int
1174550876,fsf
619020183,int
307819895,twt
616681075,int
127375715,twt
1174414464,fsf
1174560212,fsf
435591257,twt
617818221,int
1128588481,fsf
209169103,twt
1127948335,fsf
125514462,twt
398429222,twt
619463113,int
72024595,twt
1174497528,fsf
616221926,int
618239464,int
1124632188,fsf
249011468,twt
1127324448,fsf
618404984,int
317330851,twt
282813691,twt
77413855,twt
161085466,twt
616310832,int
616908229,int
1174887464,fsf
1174739436,fsf
617679199,int
1128517003,fsf
1129895606,fsf
616206664,int
617784376,int
616914106,int
67828913,twt
30993019,twt
616225018,int
616993101,int
380246735,twt
1175864395,fsf
1174723886,fsf
265617529,twt
616714447,int
135680610,twt
1130570449,fsf
1174850017,fsf
616222051,int
1207753332,int
19230427,twt
75921800,twt
1174337233,fsf
1175818194,fsf
1213030910,int
616385430,int
616990658,int
1174379054,fsf
491750411,twt
617438377,int
1124264132,fsf
1128822200,fsf
377994769,twt
921913526,twt
1175700618,fsf
1176421460,fsf
1174908596,fsf
322334942,twt
1129040058,fsf
1370681630,int
1175758454,fsf
1126978626,fsf
1174433768,fsf
616313250,int
57710065,twt
198277538,twt
616206200,int
1174672777,fsf
216039493,twt
1030686715,twt
1175642052,fsf
716470938,int
616219148,int
1127771377,fsf
619723557,int
1174413920,fsf
1174739780,fsf
253239439,twt
764770615,twt
1176277519,fsf
1367040230,int
1208650584,int
616544491,int
616341300,int
1127029874,fsf
322560937,twt
1130539062,fsf
1174679323,fsf
171990690,twt
349392750,int
172164229,twt
189211293,twt
1174905187,fsf
48109055,twt
1176325658,fsf
1175819569,fsf
616218845,int
619727032,int
617733611,int
617446883,int
712468867,int
96882337,twt
1176259471,fsf
110875970,twt
973256785,twt
616227352,int
1128361064,fsf
1174665463,fsf
1176329180,fsf
1127056663,fsf
713127517,int
77668831,twt
1175963882,fsf
1174349246,fsf
156242211,twt
1127067181,fsf
616998587,int
124419079,twt
617821602,int
618887115,int
1176104192,fsf
1127315730,fsf
616632879,int
257278802,twt
47497854,twt
135555380,twt
199843531,twt
616424372,int
1174754300,fsf
1130305728,fsf
1130518314,fsf
1174642170,fsf
1127302868,fsf
1175990276,fsf
616235848,int
1128300438,fsf
1176219258,fsf
157769562,twt
546818678,twt
1174619377,fsf
616228258,int
475549626,twt
617578990,int
617034173,int
1174414201,fsf
1174322688,fsf
616804331,int
1205024066,int
618195959,int
164239619,twt
1174924308,fsf
1129950846,fsf
1127042088,fsf
380597201,twt
1175690418,fsf
617389950,int
1127389794,fsf
1127687125,fsf
617539440,int
55197144,twt
1130064529,fsf
616229203,int
1176344048,fsf
616299531,int
544805302,twt
128278995,twt
1176380456,fsf
617742720,int
618186707,int
229906054,twt
619418083,int
616308894,int
616920480,int
1174771632,fsf
1175031572,fsf
292533078,twt
420200172,twt
616977419,int
182071638,twt
616730427,int
1126130328,fsf
617214370,int
55639200,twt
250216358,twt
1175940716,fsf
1175015820,fsf
617721359,int
1176246091,fsf
1023549769,twt
616217345,int
1174434985,fsf
1175830736,fsf
616250278,int
616903526,int
616235338,int
1127809698,fsf
1176100699,fsf
617830441,int
1130207582,fsf
616231585,int
1127942606,fsf
1174971644,fsf
1175681424,fsf
617011109,int
1208952572,int
1208689016,int
618529778,int
617299578,int
301529735,twt
355843642,twt
616757321,int
619472899,int
120957631,twt
1174946815,fsf
617758824,int
616226596,int
1174443134,fsf
616230506,int
617690311,int
620598613,int
224567425,twt
1174768531,fsf
1175011722,fsf
144038714,twt
618752804,int
616627945,int
617020884,int
616222864,int
1176214640,fsf
616308801,int
1125962952,fsf
1176040076,fsf
1174398458,fsf
617510269,int
1176381348,fsf
448310199,twt
338107834,twt
616322025,int
1176314646,fsf
1174638181,fsf
289531155,twt
214998068,twt
1369749661,int
1175614022,fsf
1174832804,fsf
101892747,twt
951793016,twt
616841344,int
555263333,twt
1129813304,fsf
966110664,twt
616596310,int
1127025932,fsf
616226164,int
1208037522,int
617490522,int
1175834918,fsf
616263295,int
254545789,twt
1176258824,fsf
1174631851,fsf
347430365,twt
1174399688,fsf
1176394070,fsf
217230913,twt
616989279,int
618249287,int
618945206,int
45954898,twt
620519953,int
1174330976,fsf
616302783,int
1176217807,fsf
1127000612,fsf
617597399,int
1174357490,fsf
39321660,twt
1174577719,fsf
1205093317,int
250231381,twt
616206143,int
1128012338,fsf
1124613985,fsf
1174706798,fsf
190796770,twt
616301904,int
617020095,int
621364003,int
116265574,twt
1175982799,fsf
277203011,twt
263925079,twt
1128263910,fsf
67856562,twt
616853412,int
255195150,twt
616224547,int
563914220,twt
619664425,int
616455360,int
616772277,int
588962156,twt
1218559916,int
1127159532,fsf
620515439,int
303469076,twt
617633344,int
1175612930,fsf
617679830,int
617294403,int
1176363709,fsf
616225051,int
550717230,twt
1366784677,int
620111964,int
1126916953,fsf
1129894363,fsf
233145356,twt
80479674,twt
1174983931,fsf
1176039984,fsf
618853944,int
1213131912,int
487650514,twt
265551997,twt
617859996,int
1174438993,fsf
119227710,twt
1129034947,fsf
617029885,int
618500176,int
1174345260,fsf
630700348,twt
1175968452,fsf
1130321509,fsf
715004359,int
616221752,int
1281271908,twt
250970687,twt
315492745,twt
1174420404,fsf
1175699864,fsf
1174872906,fsf
1127105233,fsf
346754293,twt
1174679113,fsf
616235260,int
1175593494,fsf
112200531,twt
1127036438,fsf
548300100,twt
621962667,int
616299144,int
1174707146,fsf
229243865,twt
617021605,int
1176026473,fsf
1175755050,fsf
616726886,int
1128530996,fsf
616381786,int
1175654954,fsf
1174981094,fsf
1176218598,fsf
616873653,int
1127286650,fsf
616221239,int
617629634,int
617234497,int
279388955,twt
214549887,twt
145022907,twt
148896431,twt
618758991,int
709713920,int
711117829,int
617695084,int
423342037,twt
1208394786,int
1127733422,fsf
295202314,twt
616231654,int
1129972454,fsf
1175762274,fsf
1174552537,fsf
616980013,int
1127373948,fsf
1212870672,int
616806334,int
710176700,int
616300671,int
617105824,int
1130227346,fsf
170144297,twt
38021637,twt
617396809,int
55962452,twt
260440734,twt
1174619839,fsf
617461581,int
611238815,twt
1174763443,fsf
1128635107,fsf
616256389,int
1127844894,fsf
169474438,twt
108061353,twt
123952912,twt
616891504,int
1174367996,fsf
1124459342,fsf
616228510,int
616386285,int
1205108125,int
1213170564,int
1175897192,fsf
1176372842,fsf
617813940,int
616616287,int
716465820,int
616361034,int
616229482,int
1174699399,fsf
1130268866,fsf
1128379118,fsf
616246319,int
622589126,int
619187098,int
1175597359,fsf
254839933,twt
1175669130,fsf
1174724869,fsf
616805636,int
616217867,int
616232503,int
1175035327,fsf
622111989,int
1175672016,fsf
1174431032,fsf
79860976,twt
616231565,int
91781300,twt
616211512,int
1174743122,fsf
616229068,int
186476710,twt
1174331114,fsf
620474586,int
566429313,twt
616232782,int
617859807,int
241289593,twt
1176131065,fsf
259396381,twt
96487747,twt
1128339972,fsf
735242102,twt
989855300,twt
909766628,twt
617303057,int
79749293,twt
145602813,twt
616792194,int
616206626,int
1130158777,fsf
1175670450,fsf
1174549280,fsf
357756459,twt
88563527,twt
69412978,twt
616305351,int
1176248545,fsf
616217255,int
252818860,twt
1130283200,fsf
626820204,twt
716803351,int
1127064944,fsf
1127688234,fsf
619231739,int
1176405830,fsf
616893835,int
617584099,int
318156874,twt
1381744988,int
64110707,twt
616225156,int
617916495,int
1130549228,fsf
1176247873,fsf
619976364,int
616897643,int
343814415,twt
1175663832,fsf
1213492392,int
620421877,int
115443974,twt
1174644924,fsf
616298739,int
616684038,int
622329814,int
616298898,int
617617831,int
1129076226,fsf
1128223321,fsf
1127849112,fsf
617087922,int
196198266,twt
246498796,twt
620332636,int
1129914116,fsf
534488325,twt
127423382,twt
1127080364,fsf
616222247,int
616296954,int
244447055,twt
184821868,twt
1174734559,fsf
1176270469,fsf
1174959522,fsf
106193762,twt
616401471,int
616300830,int
349979518,twt
48336195,twt
617342501,int
1176132600,fsf
120459203,twt
344796697,twt
617316416,int
619613905,int
616764807,int
89225998,twt
1208435030,int
1176335570,fsf
622736222,int
616206769,int
1174719445,fsf
176506844,twt
1174725366,fsf
622375535,int
616220383,int
616309005,int
616807239,int
616550352,int
616304133,int
616224959,int
99469213,twt
383379752,twt
1130266422,fsf
616212964,int
72849399,twt
616685497,int
616301763,int
1130234461,fsf
616223195,int
616219253,int
616221350,int
616312653,int
197659647,twt
1175869250,fsf
621502353,int
616298418,int
142876983,twt
616289460,int
617450488,int
1174688940,fsf
1176278306,fsf
620518627,int
616219193,int
1176291828,fsf
368596513,twt
282715534,twt
1129948556,fsf
1175816443,fsf
82885728,int
1205078954,int
616298625,int
1174601928,fsf
1128581702,fsf
1127094674,fsf
415627855,twt
299114435,twt
617007034,int
300387928,twt
617639339,int
616400521,int
1391378610,int
136277724,twt
619586346,int
617541822,int
104850934,twt
617821434,int
617198204,int
161291774,twt
616594567,int
1128096152,fsf
618469145,int
617341446,int
215878258,twt
616301994,int
1124348202,fsf
1174632889,fsf
616297401,int
1176225534,fsf
616229767,int
1174352293,fsf
89799649,twt
1175671008,fsf
616303596,int
1176056719,fsf
1175995525,fsf
616916922,int
616205123,int
1174402488,fsf
616225009,int
113971880,twt
616641964,int
442773631,twt
616972396,int
617343116,int
344217570,twt
1175933034,fsf
1174534844,fsf
319802566,twt
617128626,int
616538559,int
