id,dataset,output,classification,class
3610511,E13,0,0,0
5656162,E13,0,0,0
5682702,E13,0,0,0
6067292,E13,0,0,0
6015122,E13,0,0,0
6140012,E13,0,0,0
6134312,E13,0,0,0
6684602,E13,0,0,0
7046912,E13,0,0,0
7470952,E13,0,0,0
8072492,E13,0,0,0
8291932,E13,0,0,0
8858022,E13,0,0,0
8927532,E13,0,0,0
8933252,E13,0,0,0
9351052,E13,0,0,0
9564632,E13,0,0,0
9939012,E13,0,0,0
9993142,E13,0,0,0
10492262,E13,0,0,0
11176152,E13,0,0,0
13260592,E13,0,0,0
14057516,E13,0,0,0
14112759,E13,0,0,0
14492555,E13,0,0,0
14709812,E13,0,0,0
14865840,E13,0,0,0
14958182,E13,0,0,0
15016610,E13,0,0,0
15271419,E13,0,0,0
15391421,E13,0,0,0
15836275,E13,0,0,0
15873303,E13,0,0,0
16093829,E13,0,0,0
16591972,E13,0,0,0
16927266,E13,0,0,0
17654864,E13,0,0,0
17852114,E13,0,0,0
18173213,E13,0,0,0
18527544,E13,0,0,0
18671285,E13,0,0,0
18735790,E13,0,0,0
18800245,E13,0,0,0
19598248,E13,0,0,0
21102000,E13,0,0,0
21770069,E13,0,0,0
22015750,E13,0,0,0
22136015,E13,0,0,0
22203964,E13,0,0,0
22508731,E13,0,0,0
22627606,E13,0,0,0
22985259,E13,0,0,0
23748269,E13,0,0,0
23847948,E13,0,0,0
24352106,E13,0,0,0
24510304,E13,0,0,0
25442408,E13,0,0,0
25911628,E13,0,0,0
26232444,E13,0,0,0
26771352,E13,0,0,0
27241975,E13,0,0,0
27422705,E13,0,0,0
27636956,E13,0,0,0
27887098,E13,0,0,0
28313453,E13,0,0,0
28342883,E13,0,0,0
28363979,E13,0,0,0
28845598,E13,0,0,0
29500667,E13,0,0,0
29510629,E13,0,0,0
29646177,E13,0,0,0
30062603,E13,0,0,0
31102741,E13,0,0,0
31162918,E13,0,0,0
32025215,E13,0,0,0
32130104,E13,0,0,0
32204918,E13,0,0,0
33950570,E13,0,0,0
34355343,E13,0,0,0
34897604,E13,0,0,0
35737313,E13,0,0,0
36190135,E13,0,0,0
36381609,E13,0,0,0
36727238,E13,0,0,0
37539436,E13,0,0,0
37733715,E13,0,0,0
37889070,E13,0,0,0
37922072,E13,0,0,0
38002859,E13,0,0,0
38223194,E13,0,0,0
38730407,E13,0,0,0
38972677,E13,0,0,0
39721490,E13,0,0,0
39748948,E13,0,0,0
41780152,E13,0,0,0
41785738,E13,0,0,0
42676920,E13,0,0,0
42754744,E13,0,0,0
43069058,E13,0,0,0
43870029,E13,0,0,0
43964510,E13,0,0,0
44042861,E13,0,0,0
44335261,E13,0,0,0
44451302,E13,0,0,0
45100798,E13,0,0,0
45307775,E13,0,0,0
45529357,E13,0,0,0
45778279,E13,0,0,0
46137662,E13,0,0,0
46334699,E13,0,0,0
47612213,E13,0,0,0
48034707,E13,0,0,0
48182327,E13,0,0,0
48652450,E13,0,0,0
48989220,E13,0,0,0
49044510,E13,0,0,0
49319803,E13,0,0,0
49341424,E13,0,0,0
49934607,E13,0,0,0
49977491,E13,0,0,0
50571065,E13,0,0,0
50585331,E13,0,0,0
50589337,E13,0,0,0
50598277,E13,0,0,0
50619779,E13,0,0,0
50972738,E13,0,0,0
51005435,E13,0,0,0
51015996,E13,0,0,0
51037293,E13,0,0,0
51150318,E13,0,0,0
51738765,E13,0,0,0
51780170,E13,0,0,0
52157135,E13,0,0,0
53025684,E13,0,0,0
53027768,E13,0,0,0
53621838,E13,0,0,0
54556442,E13,0,0,0
54691030,E13,0,0,0
54864334,E13,0,0,0
54867711,E13,0,0,0
54911584,E13,0,0,0
55550359,E13,0,0,0
55590832,E13,0,0,0
55819049,E13,0,0,0
56326516,E13,0,0,0
56345134,E13,0,0,0
56466070,E13,0,0,0
56662794,E13,0,0,0
56706947,E13,0,0,0
56966762,E13,0,0,0
57365720,E13,0,0,0
57928664,E13,0,0,0
59083826,E13,0,0,0
59402800,E13,0,0,0
60508255,E13,0,0,0
61198155,E13,0,0,0
61452320,E13,0,0,0
61513445,E13,0,0,0
61794519,E13,0,0,0
62017536,E13,0,0,0
62364690,E13,0,0,0
63517006,E13,0,0,0
63822625,E13,0,0,0
64967572,E13,0,0,0
66092090,E13,0,0,0
67002064,E13,0,0,0
67006908,E13,0,0,0
69654626,E13,0,0,0
69843045,E13,0,0,0
69892452,E13,0,0,0
70735118,E13,0,0,0
71295474,E13,0,0,0
71336448,E13,0,0,0
71366031,E13,0,0,0
71495570,E13,0,0,0
71522541,E13,0,0,0
71582266,E13,0,0,0
72149178,E13,0,0,0
72314987,E13,0,0,0
72816504,E13,0,0,0
72890647,E13,0,0,0
72967193,E13,0,0,0
73627373,E13,0,0,0
73799359,E13,0,0,0
74147053,E13,0,0,0
74156552,E13,0,0,0
74486653,E13,0,0,0
74544145,E13,0,0,0
75270480,E13,0,0,0
75320990,E13,0,0,0
75386921,E13,0,0,0
75522479,E13,0,0,0
75777355,E13,0,0,0
76286424,E13,0,0,0
76982240,E13,0,0,0
77165019,E13,0,0,0
77243029,E13,0,0,0
77528520,E13,0,0,0
78116487,E13,0,0,0
78719596,E13,0,0,0
80000814,E13,0,0,0
81056258,E13,0,0,0
81218261,E13,0,0,0
81239268,E13,0,0,0
81352611,E13,0,0,0
81592426,E13,0,0,0
81680710,E13,0,0,0
81915249,E13,0,0,0
82068999,E13,0,0,0
82324675,E13,0,0,0
82837121,E13,0,0,0
83087554,E13,0,0,0
83236897,E13,0,0,0
83338869,E13,0,0,0
83581269,E13,0,0,0
84114885,E13,0,0,0
84214494,E13,0,0,0
84426046,E13,0,0,0
84561646,E13,0,0,0
84596057,E13,0,0,0
85184915,E13,0,0,0
85305729,E13,0,0,0
85391583,E13,0,0,0
85637186,E13,0,0,0
85668015,E13,0,0,0
85866409,E13,0,0,0
86036102,E13,0,0,0
86353404,E13,0,0,0
86525417,E13,0,0,0
86561552,E13,0,0,0
86612717,E13,0,0,0
86741673,E13,0,0,0
86981924,E13,0,0,0
87654715,E13,0,0,0
88528666,E13,0,0,0
89237976,E13,0,0,0
89734891,E13,0,0,0
91303893,E13,0,0,0
92225723,E13,0,0,0
92403540,E13,0,0,0
93259719,E13,0,0,0
93648877,E13,0,0,0
94841494,E13,0,0,0
95008519,E13,0,0,0
95243555,E13,0,0,0
95452901,E13,0,0,0
96338067,E13,0,0,0
96586973,E13,0,0,0
98481107,E13,0,0,0
98913291,E13,0,0,0
100459808,E13,0,0,0
100996879,E13,0,0,0
101503282,E13,0,0,0
102422355,E13,0,0,0
102760709,E13,0,0,0
103055195,E13,0,0,0
103304208,E13,0,0,0
104235671,E13,0,0,0
104566770,E13,0,0,0
104754590,E13,0,0,0
104770020,E13,0,0,0
104775098,E13,0,0,0
104818930,E13,0,0,0
104897833,E13,0,0,0
105128951,E13,0,0,0
105429377,E13,0,0,0
105496654,E13,0,0,0
106456147,E13,0,0,0
107216254,E13,0,0,0
107421428,E13,0,0,0
107990833,E13,0,0,0
108148833,E13,0,0,0
108557681,E13,0,0,0
109079114,E13,0,0,0
110273768,E13,0,0,0
110439086,E13,0,0,0
110942781,E13,0,0,0
111354131,E13,0,0,0
111924058,E13,0,0,0
112745297,E13,0,0,0
113487244,E13,0,0,0
113746083,E13,0,0,0
114467204,E13,0,0,0
114541436,E13,0,0,0
115340992,E13,0,0,0
115349856,E13,0,0,0
115955798,E13,0,0,0
116190007,E13,0,0,0
116538160,E13,0,0,0
117463248,E13,0,0,0
117708359,E13,0,0,0
117755159,E13,0,0,0
118024286,E13,0,0,0
118339229,E13,0,0,0
118898139,E13,0,0,0
119065059,E13,0,0,0
123582130,E13,0,0,0
123912727,E13,0,0,0
124439362,E13,0,0,0
124578978,E13,0,0,0
125088832,E13,0,0,0
126727689,E13,0,0,0
126737626,E13,0,0,0
128587032,E13,0,0,0
129214047,E13,0,0,0
129586152,E13,0,0,0
130766020,E13,0,0,0
131435310,E13,0,0,0
132104173,E13,0,0,0
132128902,E13,0,0,0
132182052,E13,0,0,0
132621562,E13,0,0,0
132888488,E13,0,0,0
132983450,E13,0,0,0
133447001,E13,0,0,0
134526134,E13,0,0,0
134803800,E13,0,0,0
135111235,E13,0,0,0
135248338,E13,0,0,0
135441917,E13,0,0,0
135525784,E13,0,0,0
135894129,E13,0,0,0
136622745,E13,0,0,0
136692380,E13,0,0,0
137390297,E13,0,0,0
138322603,E13,0,0,0
138438793,E13,0,0,0
138529938,E13,0,0,0
138867555,E13,0,0,0
140030010,E13,0,0,0
140191830,E13,0,0,0
140410819,E13,0,0,0
141669233,E13,0,0,0
142238323,E13,0,0,0
142335653,E13,0,0,0
143990497,E13,0,0,0
144207876,E13,0,0,0
144305807,E13,0,0,0
145748083,E13,0,0,0
146093361,E13,0,0,0
148536610,E13,0,0,0
149278846,E13,0,0,0
150026364,E13,0,0,0
150307637,E13,0,0,0
150983977,E13,0,0,0
151590831,E13,0,0,0
151602547,E13,0,0,0
151832482,E13,0,0,0
153094652,E13,0,0,0
153324815,E13,0,0,0
154267358,E13,0,0,0
154624409,E13,0,0,0
155845161,E13,0,0,0
157290467,E13,0,0,0
158859711,E13,0,0,0
159923003,E13,0,0,0
159931202,E13,0,0,0
160466484,E13,0,0,0
160883386,E13,0,0,0
161612145,E13,0,0,0
161845690,E13,0,0,0
163025432,E13,0,0,0
163354973,E13,0,0,0
163425928,E13,0,0,0
163932767,E13,0,0,0
164074870,E13,0,0,0
165042220,E13,0,0,0
165751518,E13,0,0,0
166094049,E13,0,0,0
168422352,E13,0,0,0
168761446,E13,0,0,0
170352080,E13,0,0,0
170384943,E13,0,0,0
170642321,E13,0,0,0
170649757,E13,0,0,0
170745775,E13,0,0,0
171422343,E13,0,0,0
173006814,E13,0,0,0
173164569,E13,0,0,0
173662542,E13,0,0,0
173788566,E13,0,0,0
174747861,E13,0,0,0
174762418,E13,0,0,0
176362396,E13,0,0,0
178507135,E13,0,0,0
181191549,E13,0,0,0
181477746,E13,0,0,0
182342223,E13,0,0,0
183148817,E13,0,0,0
183149280,E13,0,0,0
183201799,E13,0,0,0
183559621,E13,0,0,0
184102704,E13,0,0,0
184812764,E13,0,0,0
185390609,E13,0,0,0
187185454,E13,0,0,0
187491410,E13,0,0,0
189179659,E13,0,0,0
189263728,E13,0,0,0
190225727,E13,0,0,0
190569663,E13,0,0,0
190591610,E13,0,0,0
191391803,E13,0,0,0
191781461,E13,0,0,0
193657123,E13,0,0,0
193786482,E13,0,0,0
194232740,E13,0,0,0
194896850,E13,0,0,0
195322597,E13,0,0,0
195413637,E13,0,0,0
196514953,E13,0,0,0
196852073,E13,0,0,0
197027748,E13,0,0,0
197336556,E13,0,0,0
197347453,E13,0,0,0
198136015,E13,0,0,0
198196003,E13,0,0,0
198418075,E13,0,0,0
198678682,E13,0,0,0
199147059,E13,0,0,0
199597851,E13,0,0,0
200293129,E13,0,0,0
200482073,E13,0,0,0
201012406,E13,0,0,0
202244649,E13,0,0,0
202555952,E13,0,0,0
203107523,E13,0,0,0
204299339,E13,0,0,0
204480603,E13,0,0,0
206615715,E13,0,0,0
209128079,E13,0,0,0
209559462,E13,0,0,0
209733883,E13,0,0,0
210459173,E13,0,0,0
210483287,E13,0,0,0
210514893,E13,0,0,0
211487690,E13,0,0,0
211904475,E13,0,0,0
212175167,E13,0,0,0
212292079,E13,0,0,0
212724606,E13,0,0,0
212953427,E13,0,0,0
213061611,E13,0,0,0
215216086,E13,0,0,0
216361529,E13,0,0,0
216790973,E13,0,0,0
217350735,E13,0,0,0
218071279,E13,0,0,0
218092490,E13,0,0,0
219346690,E13,0,0,0
219617010,E13,0,0,0
221173559,E13,0,0,0
221690177,E13,0,0,0
221742699,E13,0,0,0
223533298,E13,0,0,0
223840972,E13,0,0,0
225045616,E13,0,0,0
225323618,E13,0,0,0
226197498,E13,0,0,0
226964193,E13,0,0,0
227817668,E13,0,0,0
228056042,E13,0,0,0
228306355,E13,0,0,0
228708687,E13,0,0,0
229298733,E13,0,0,0
229758375,E13,0,0,0
231058132,E13,0,0,0
231377654,E13,0,0,0
232560751,E13,0,0,0
233245609,E13,0,0,0
233287464,E13,0,0,0
234715592,E13,0,0,0
235303172,E13,0,0,0
237747438,E13,0,0,0
238107344,E13,0,0,0
240346934,E13,0,0,0
242064566,E13,0,0,0
242123621,E13,0,0,0
242301103,E13,0,0,0
242319331,E13,0,0,0
242341704,E13,0,0,0
243891976,E13,0,0,0
244625605,E13,0,0,0
245306807,E13,0,0,0
245430145,E13,0,0,0
245953131,E13,0,0,0
245970658,E13,0,0,0
246208736,E13,0,0,0
246886628,E13,0,0,0
249122012,E13,0,0,0
249692862,E13,0,0,0
250171190,E13,0,0,0
250842076,E13,0,0,0
250851165,E13,0,0,0
251313896,E13,0,0,0
251500925,E13,0,0,0
252516822,E13,0,0,0
252686122,E13,0,0,0
253281330,E13,0,0,0
254558097,E13,0,0,0
255656786,E13,0,0,0
256598881,E13,0,0,0
256689270,E13,0,0,0
257399906,E13,0,0,0
258762800,E13,0,0,0
259160079,E13,0,0,0
259428725,E13,0,0,0
259773527,E13,0,0,0
259894552,E13,0,0,0
259934562,E13,0,0,0
260636096,E13,0,0,0
260693820,E13,0,0,0
261223538,E13,0,0,0
262100774,E13,0,0,0
262165317,E13,0,0,0
262199092,E13,0,0,0
262235136,E13,0,0,0
262328083,E13,0,0,0
262898875,E13,0,0,0
263278290,E13,0,0,0
264333523,E13,0,0,0
264801154,E13,0,0,0
265419912,E13,0,0,0
265529493,E13,0,0,0
268773741,E13,0,0,0
269535022,E13,0,0,0
270472440,E13,0,0,0
271032827,E13,0,0,0
272876921,E13,0,0,0
273686840,E13,0,0,0
274536794,E13,0,0,0
279139861,E13,0,0,0
279147035,E13,0,0,0
279211405,E13,0,0,0
279461605,E13,0,0,0
279557700,E13,0,0,0
279644158,E13,0,0,0
282738890,E13,0,0,0
283521316,E13,0,0,0
283906965,E13,0,0,0
284481700,E13,0,0,0
284657297,E13,0,0,0
285724171,E13,0,0,0
286790717,E13,0,0,0
286798567,E13,0,0,0
287557719,E13,0,0,0
288148846,E13,0,0,0
288798453,E13,0,0,0
289859824,E13,0,0,0
290723075,E13,0,0,0
290734286,E13,0,0,0
291290779,E13,0,0,0
291314239,E13,0,0,0
291403211,E13,0,0,0
292565648,E13,0,0,0
292577710,E13,0,0,0
292912980,E13,0,0,0
293394867,E13,0,0,0
295168932,E13,0,0,0
295788103,E13,0,0,0
295961505,E13,0,0,0
296876973,E13,0,0,0
296999433,E13,0,0,0
298018338,E13,0,0,0
298459779,E13,0,0,0
298489056,E13,0,0,0
299837277,E13,0,0,0
299837762,E13,0,0,0
300796010,E13,0,0,0
300838107,E13,0,0,0
302114763,E13,0,0,0
305386550,E13,0,0,0
305553835,E13,0,0,0
305551682,E13,0,0,0
307790129,E13,0,0,0
308151060,E13,0,0,0
308672071,E13,0,0,0
309800578,E13,0,0,0
310250028,E13,0,0,0
310401703,E13,0,0,0
310496499,E13,0,0,0
311394394,E13,0,0,0
311505461,E13,0,0,0
314030119,E13,0,0,0
314922007,E13,0,0,0
315436528,E13,0,0,0
318661130,E13,0,0,0
319054277,E13,0,0,0
319091474,E13,0,0,0
320880780,E13,0,0,0
321266890,E13,0,0,0
321281383,E13,0,0,0
321425967,E13,0,0,0
322587980,E13,0,0,0
323379897,E13,0,0,0
323809354,E13,0,0,0
323937090,E13,0,0,0
324440293,E13,0,0,0
325551297,E13,0,0,0
326054560,E13,0,0,0
327397233,E13,0,0,0
327510902,E13,0,0,0
329008715,E13,0,0,0
329103684,E13,0,0,0
330202919,E13,0,0,0
330327779,E13,0,0,0
331312863,E13,0,0,0
331875962,E13,0,0,0
332389973,E13,0,0,0
332699729,E13,0,0,0
335208230,E13,0,0,0
335832794,E13,0,0,0
335837698,E13,0,0,0
336406661,E13,0,0,0
337161930,E13,0,0,0
338284756,E13,0,0,0
339058002,E13,0,0,0
340346783,E13,0,0,0
340364061,E13,0,0,0
340396112,E13,0,0,0
340951450,E13,0,0,0
341339579,E13,0,0,0
343307517,E13,0,0,0
343473585,E13,0,0,0
344525772,E13,0,0,0
346829273,E13,0,0,0
347274232,E13,0,0,0
348430064,E13,0,0,0
348981732,E13,0,0,0
349204176,E13,0,0,0
349626625,E13,0,0,0
349929809,E13,0,0,0
350160058,E13,0,0,0
350244854,E13,0,0,0
350791585,E13,0,0,0
351555225,E13,0,0,0
353011489,E13,0,0,0
353768504,E13,0,0,0
354796858,E13,0,0,0
354818247,E13,0,0,0
355600495,E13,0,0,0
357129429,E13,0,0,0
358733502,E13,0,0,0
359926634,E13,0,0,0
360547500,E13,0,0,0
361097511,E13,0,0,0
361746019,E13,0,0,0
361784332,E13,0,0,0
362993719,E13,0,0,0
363251033,E13,0,0,0
363830865,E13,0,0,0
364111442,E13,0,0,0
364277230,E13,0,0,0
364323869,E13,0,0,0
364776732,E13,0,0,0
364805437,E13,0,0,0
364851614,E13,0,0,0
365372541,E13,0,0,0
365383515,E13,0,0,0
365440652,E13,0,0,0
365622635,E13,0,0,0
365665311,E13,0,0,0
366116632,E13,0,0,0
367240411,E13,0,0,0
368540321,E13,0,0,0
368579486,E13,0,0,0
369537903,E13,0,0,0
370193929,E13,0,0,0
370625229,E13,0,0,0
370850929,E13,0,0,0
373579998,E13,0,0,0
373947833,E13,0,0,0
374062715,E13,0,0,0
374488191,E13,0,0,0
375209946,E13,0,0,0
376425777,E13,0,0,0
376677633,E13,0,0,0
376705770,E13,0,0,0
377304816,E13,0,0,0
377389027,E13,0,0,0
377914761,E13,0,0,0
378009515,E13,0,0,0
379114417,E13,0,0,0
379260334,E13,0,0,0
380015773,E13,0,0,0
380172348,E13,0,0,0
380319760,E13,0,0,0
381030516,E13,0,0,0
381666513,E13,0,0,0
381950248,E13,0,0,0
381960133,E13,0,0,0
382178634,E13,0,0,0
382271109,E13,0,0,0
383292062,E13,0,0,0
383387954,E13,0,0,0
383825758,E13,0,0,0
384753006,E13,0,0,0
384932218,E13,0,0,0
385868840,E13,0,0,0
386034126,E13,0,0,0
386779723,E13,0,0,0
387718926,E13,0,0,0
387971079,E13,0,0,0
388348486,E13,0,0,0
388842116,E13,0,0,0
389400082,E13,0,0,0
389652102,E13,0,0,0
389715862,E13,0,0,0
390428793,E13,0,0,0
390730174,E13,0,0,0
390759955,E13,0,0,0
390972554,E13,0,0,0
391362651,E13,0,0,0
391526633,E13,0,0,0
391572279,E13,0,0,0
391614396,E13,0,0,0
391924068,E13,0,0,0
392210280,E13,0,0,0
392247237,E13,0,0,0
392676979,E13,0,0,0
393628023,E13,0,0,0
393980520,E13,0,0,0
394004577,E13,0,0,0
394007331,E13,0,0,0
394217175,E13,0,0,0
394233142,E13,0,0,0
394628127,E13,0,0,0
394726610,E13,0,0,0
394814291,E13,0,0,0
395014721,E13,0,0,0
396173375,E13,0,0,0
396462550,E13,0,0,0
396515695,E13,0,0,0
396618509,E13,0,0,0
396625283,E13,0,0,0
396796142,E13,0,0,0
396898731,E13,0,0,0
396900261,E13,0,0,0
397236414,E13,0,0,0
397320325,E13,0,0,0
397324373,E13,0,0,0
397534181,E13,0,0,0
397629967,E13,0,0,0
398090733,E13,0,0,0
398442529,E13,0,0,0
399484359,E13,0,0,0
399572723,E13,0,0,0
400300086,E13,0,0,0
400546232,E13,0,0,0
400748069,E13,0,0,0
401423776,E13,0,0,0
401502696,E13,0,0,0
402866477,E13,0,0,0
402955893,E13,0,0,0
402979897,E13,0,0,0
403461794,E13,0,0,0
403766373,E13,0,0,0
404069171,E13,0,0,0
404987270,E13,0,0,0
405035087,E13,0,0,0
405140479,E13,0,0,0
405418046,E13,0,0,0
405574548,E13,0,0,0
406165467,E13,0,0,0
406162937,E13,0,0,0
406907214,E13,0,0,0
406962616,E13,0,0,0
407024811,E13,0,0,0
407101499,E13,0,0,0
407689676,E13,0,0,0
407844335,E13,0,0,0
407964674,E13,0,0,0
408087080,E13,0,0,0
408348854,E13,0,0,0
408466988,E13,0,0,0
409118790,E13,0,0,0
410044683,E13,0,0,0
410719897,E13,0,0,0
410941537,E13,0,0,0
411386883,E13,0,0,0
411410885,E13,0,0,0
412112516,E13,0,0,0
412145728,E13,0,0,0
412240393,E13,0,0,0
412325725,E13,0,0,0
412601262,E13,0,0,0
413233876,E13,0,0,0
413255529,E13,0,0,0
413269532,E13,0,0,0
413296140,E13,0,0,0
413332388,E13,0,0,0
413917055,E13,0,0,0
414966228,E13,0,0,0
415021649,E13,0,0,0
415063303,E13,0,0,0
415073613,E13,0,0,0
415630833,E13,0,0,0
415900150,E13,0,0,0
416157197,E13,0,0,0
416194495,E13,0,0,0
416351352,E13,0,0,0
416502198,E13,0,0,0
417190929,E13,0,0,0
417280214,E13,0,0,0
417735070,E13,0,0,0
417770099,E13,0,0,0
417807946,E13,0,0,0
417833332,E13,0,0,0
418024172,E13,0,0,0
418046391,E13,0,0,0
418140622,E13,0,0,0
418153325,E13,0,0,0
418247241,E13,0,0,0
418584043,E13,0,0,0
418641071,E13,0,0,0
418762910,E13,0,0,0
418986680,E13,0,0,0
419519797,E13,0,0,0
419617449,E13,0,0,0
419617600,E13,0,0,0
419672622,E13,0,0,0
420253558,E13,0,0,0
420995289,E13,0,0,0
421002902,E13,0,0,0
421346603,E13,0,0,0
421847529,E13,0,0,0
422807985,E13,0,0,0
422830732,E13,0,0,0
423021992,E13,0,0,0
423613846,E13,0,0,0
424265380,E13,0,0,0
424273053,E13,0,0,0
425223279,E13,0,0,0
425263052,E13,0,0,0
425380217,E13,0,0,0
425759519,E13,0,0,0
425840466,E13,0,0,0
425908255,E13,0,0,0
426044579,E13,0,0,0
426178907,E13,0,0,0
426531620,E13,0,0,0
427676471,E13,0,0,0
427674701,E13,0,0,0
428117425,E13,0,0,0
428202366,E13,0,0,0
428261162,E13,0,0,0
428263137,E13,0,0,0
428384851,E13,0,0,0
428904234,E13,0,0,0
428981185,E13,0,0,0
429262110,E13,0,0,0
429718007,E13,0,0,0
429808930,E13,0,0,0
432377556,E13,0,0,0
432624274,E13,0,0,0
433162117,E13,0,0,0
433304048,E13,0,0,0
433319326,E13,0,0,0
433546930,E13,0,0,0
433627975,E13,0,0,0
433984610,E13,0,0,0
434460614,E13,0,0,0
434591482,E13,0,0,0
434731905,E13,0,0,0
434826176,E13,0,0,0
434832805,E13,0,0,0
435224000,E13,0,0,0
435269515,E13,0,0,0
435327100,E13,0,0,0
435724709,E13,0,0,0
436612105,E13,0,0,0
436807160,E13,0,0,0
436961762,E13,0,0,0
437007483,E13,0,0,0
437363242,E13,0,0,0
437456557,E13,0,0,0
437783167,E13,0,0,0
438437579,E13,0,0,0
438484498,E13,0,0,0
438760662,E13,0,0,0
438756932,E13,0,0,0
439054192,E13,0,0,0
439062828,E13,0,0,0
718684188,E13,0,0,0
478994018,E13,0,0,0
984297403,E13,0,0,0
551056105,E13,0,0,0
439855752,E13,0,0,0
439875805,E13,0,0,0
479451474,E13,0,0,0
439972535,E13,0,0,0
440184518,E13,0,0,0
479677768,E13,0,0,0
440311767,E13,0,0,0
479725767,E13,0,0,0
722214212,E13,0,0,0
985509799,E13,0,0,0
551835101,E13,0,0,0
440691931,E13,0,0,0
551894180,E13,0,0,0
479832822,E13,0,0,0
986163288,E13,0,0,0
440858782,E13,0,0,0
722825599,E13,0,0,0
480279324,E13,0,0,0
552190256,E13,0,0,0
441483457,E13,0,0,0
986839782,E13,0,0,0
552577697,E13,0,0,0
552606214,E13,0,0,0
987068240,E13,0,0,0
442075220,E13,0,0,0
725675244,E13,0,0,0
480715104,E13,0,0,0
480790768,E13,0,0,0
726845964,E13,0,0,0
987656269,E13,0,0,0
553617306,E13,0,0,0
481632109,E13,0,0,0
481648575,E13,0,0,0
988985683,E13,0,0,0
444833485,E13,0,0,0
482086639,E13,0,0,0
554309481,E13,0,0,0
482131412,E13,0,0,0
482157356,E13,0,0,0
482162835,E13,0,0,0
731429204,E13,0,0,0
445345005,E13,0,0,0
482242692,E13,0,0,0
989622720,E13,0,0,0
989639142,E13,0,0,0
445761780,E13,0,0,0
446083368,E13,0,0,0
446143453,E13,0,0,0
733154665,E13,0,0,0
482981498,E13,0,0,0
446590484,E13,0,0,0
734619301,E13,0,0,0
483073065,E13,0,0,0
446987691,E13,0,0,0
991254878,E13,0,0,0
555420716,E13,0,0,0
447241184,E13,0,0,0
555906816,E13,0,0,0
483836463,E13,0,0,0
737616414,E13,0,0,0
484179231,E13,0,0,0
556794851,E13,0,0,0
484613799,E13,0,0,0
993583230,E13,0,0,0
557215750,E13,0,0,0
449219266,E13,0,0,0
485137549,E13,0,0,0
743284770,E13,0,0,0
557616612,E13,0,0,0
450054622,E13,0,0,0
744107612,E13,0,0,0
995452020,E13,0,0,0
485686619,E13,0,0,0
485713097,E13,0,0,0
450630648,E13,0,0,0
450747981,E13,0,0,0
450891761,E13,0,0,0
486198118,E13,0,0,0
451033303,E13,0,0,0
451370524,E13,0,0,0
451397835,E13,0,0,0
486598436,E13,0,0,0
558524379,E13,0,0,0
451597109,E13,0,0,0
486966473,E13,0,0,0
487416678,E13,0,0,0
750948720,E13,0,0,0
751241954,E13,0,0,0
452814756,E13,0,0,0
452828946,E13,0,0,0
453238264,E13,0,0,0
487969309,E13,0,0,0
753397160,E13,0,0,0
560223770,E13,0,0,0
1000486495,E13,0,0,0
560271082,E13,0,0,0
453885595,E13,0,0,0
488706826,E13,0,0,0
755737819,E13,0,0,0
454200724,E13,0,0,0
1001875776,E13,0,0,0
454318003,E13,0,0,0
560657748,E13,0,0,0
454914980,E13,0,0,0
1002533372,E13,0,0,0
489345934,E13,0,0,0
1003664215,E13,0,0,0
455266133,E13,0,0,0
455340385,E13,0,0,0
455651875,E13,0,0,0
455775628,E13,0,0,0
455979285,E13,0,0,0
761723172,E13,0,0,0
762202957,E13,0,0,0
1004883073,E13,0,0,0
562125685,E13,0,0,0
562250174,E13,0,0,0
1006095223,E13,0,0,0
456823762,E13,0,0,0
490625409,E13,0,0,0
765311754,E13,0,0,0
457775543,E13,0,0,0
491690867,E13,0,0,0
492177690,E13,0,0,0
564653953,E13,0,0,0
770176435,E13,0,0,0
492501987,E13,0,0,0
564963576,E13,0,0,0
459628045,E13,0,0,0
459646843,E13,0,0,0
459678083,E13,0,0,0
459680754,E13,0,0,0
1009413198,E13,0,0,0
1010619756,E13,0,0,0
566141260,E13,0,0,0
460985875,E13,0,0,0
493847017,E13,0,0,0
461010838,E13,0,0,0
566374197,E13,0,0,0
493941903,E13,0,0,0
494006512,E13,0,0,0
1011395167,E13,0,0,0
461425627,E13,0,0,0
494262961,E13,0,0,0
494266249,E13,0,0,0
567056353,E13,0,0,0
567155716,E13,0,0,0
567510788,E13,0,0,0
495045945,E13,0,0,0
495053365,E13,0,0,0
495077879,E13,0,0,0
462889040,E13,0,0,0
568453926,E13,0,0,0
462971394,E13,0,0,0
568473793,E13,0,0,0
495507361,E13,0,0,0
495731957,E13,0,0,0
568955495,E13,0,0,0
463246965,E13,0,0,0
1014830304,E13,0,0,0
496144150,E13,0,0,0
463889910,E13,0,0,0
496295496,E13,0,0,0
569879248,E13,0,0,0
496588802,E13,0,0,0
1015888195,E13,0,0,0
496968634,E13,0,0,0
464790896,E13,0,0,0
497125259,E13,0,0,0
464858061,E13,0,0,0
497258691,E13,0,0,0
497302053,E13,0,0,0
465298629,E13,0,0,0
1017813961,E13,0,0,0
465431316,E13,0,0,0
465433625,E13,0,0,0
571938412,E13,0,0,0
498042431,E13,0,0,0
498054058,E13,0,0,0
787115406,E13,0,0,0
498358491,E13,0,0,0
466489818,E13,0,0,0
466686655,E13,0,0,0
498814013,E13,0,0,0
466712165,E13,0,0,0
498826553,E13,0,0,0
466756548,E13,0,0,0
1020696912,E13,0,0,0
498935613,E13,0,0,0
1022226144,E13,0,0,0
573690882,E13,0,0,0
573749510,E13,0,0,0
791874462,E13,0,0,0
792462121,E13,0,0,0
792517914,E13,0,0,0
468198674,E13,0,0,0
499996521,E13,0,0,0
574385968,E13,0,0,0
500246041,E13,0,0,0
794406714,E13,0,0,0
574488060,E13,0,0,0
794598979,E13,1,1,0
795590899,E13,0,0,0
796144921,E13,0,0,0
501094162,E13,0,0,0
501128285,E13,0,0,0
469580096,E13,0,0,0
797833478,E13,0,0,0
470227974,E13,0,0,0
470232795,E13,0,0,0
470254611,E13,0,0,0
470379248,E13,0,0,0
502037826,E13,0,0,0
800130746,E13,0,0,0
800457696,E13,0,0,0
502315142,E13,0,0,0
470868745,E13,0,0,0
502774039,E13,0,0,0
1030992019,E13,0,0,0
1031110604,E13,0,0,0
503051163,E13,0,0,0
471093612,E13,0,0,0
801510450,E13,0,0,0
471203497,E13,0,0,0
1032386005,E13,0,0,0
503425054,E13,0,0,0
577422947,E13,0,0,0
1033055161,E13,1,1,0
471422290,E13,0,0,0
471533963,E13,0,0,0
471826933,E13,0,0,0
471992869,E13,0,0,0
578916985,E13,0,0,0
472765052,E13,0,0,0
472778739,E13,0,0,0
473043012,E13,0,0,0
506055335,E13,0,0,0
1037103888,E13,0,0,0
1037178583,E13,0,0,0
1037384052,E13,0,0,0
506501965,E13,0,0,0
581136968,E13,0,0,0
474043803,E13,0,0,0
581407038,E13,0,0,0
507498746,E13,0,0,0
1038384050,E13,0,0,0
1039093681,E13,0,0,0
813467726,E13,0,0,0
582954523,E13,0,0,0
509056809,E13,0,0,0
583205235,E13,0,0,0
509320296,E13,0,0,0
510047880,E13,0,0,0
1041823142,E13,0,0,0
1042842432,E13,0,0,0
476760491,E13,0,0,0
476800666,E13,0,0,0
585439502,E13,0,0,0
477006767,E13,0,0,0
1044916752,E13,0,0,0
512362882,E13,0,0,0
477309080,E13,0,0,0
585849333,E13,0,0,0
477552640,E13,0,0,0
512455607,E13,0,0,0
585968039,E13,0,0,0
477660093,E13,0,0,0
477824021,E13,0,0,0
1047668299,E13,0,0,0
586584556,E13,0,0,0
825336607,E13,0,0,0
513726022,E13,0,0,0
587326472,E13,0,0,0
587515464,E13,0,0,0
587569514,E13,0,0,0
1050665527,E13,0,0,0
827287514,E13,0,0,0
587665339,E13,0,0,0
1052685680,E13,0,0,0
829400054,E13,0,0,0
515271142,E13,0,0,0
831741072,E13,0,0,0
516038414,E13,0,0,0
834186096,E13,0,0,0
516737722,E13,0,0,0
516811154,E13,0,0,0
835249056,E13,0,0,0
835763546,E13,0,0,0
517073805,E13,0,0,0
517400735,E13,0,0,0
1058497004,E13,0,0,0
517883021,E13,0,0,0
838292834,E13,0,0,0
591104103,E13,0,0,0
1059054242,E13,0,0,0
841859053,E13,0,0,0
592579646,E13,0,0,0
1062916164,E13,0,0,0
593546714,E13,0,0,0
845102904,E13,0,0,0
1064278820,E13,0,0,0
1064992789,E13,0,0,0
594583577,E13,0,0,0
594651076,E13,0,0,0
594683175,E13,0,0,0
848909828,E13,0,0,0
522925470,E13,0,0,0
1065760964,E13,0,0,0
594960544,E13,0,0,0
523331583,E13,0,0,0
523680032,E13,0,0,0
595539789,E13,0,0,0
851233315,E13,0,0,0
524820621,E13,0,0,0
524836438,E13,0,0,0
852611210,E13,0,0,0
596540298,E13,0,0,0
1069178154,E13,0,0,0
597381176,E13,0,0,0
526482947,E13,0,0,0
855282331,E13,0,0,0
1070376564,E13,0,0,0
1070682204,E13,0,0,0
856270100,E13,0,0,0
1071137462,E13,0,0,0
857857747,E13,0,0,0
1072217274,E13,0,0,0
858190442,E13,0,0,0
528501469,E13,0,0,0
858836726,E13,0,0,0
599343100,E13,0,0,0
1074439423,E13,0,0,0
599940695,E13,0,0,0
600090702,E13,0,0,0
529563591,E13,0,0,0
529711103,E13,0,0,0
862068776,E13,0,0,0
862114981,E13,0,0,0
531280420,E13,0,0,0
601192738,E13,0,0,0
863369492,E13,0,0,0
601256893,E13,0,0,0
531442979,E13,0,0,0
531640494,E13,0,0,0
601810260,E13,0,0,0
602182097,E13,0,0,0
602212821,E13,0,0,0
1081092084,E13,0,0,0
533130509,E13,0,0,0
1082746016,E13,0,0,0
1082796816,E13,0,0,0
533552597,E13,0,0,0
1084115989,E13,0,0,0
603836322,E13,0,0,0
868645789,E13,0,0,0
868757713,E13,0,0,0
868906542,E13,0,0,0
535140940,E13,0,0,0
869587356,E13,0,0,0
535333357,E13,0,0,0
870391651,E13,0,0,0
1087095313,E13,0,0,0
605296679,E13,0,0,0
1089293960,E13,0,0,0
1089449275,E13,0,0,0
1090138922,E13,0,0,0
1091884188,E13,0,0,0
875972814,E13,0,0,0
538287562,E13,0,0,0
876501625,E13,0,0,0
608022298,E13,0,0,0
877925696,E13,0,0,0
878747629,E13,0,0,0
1095958825,E13,0,0,0
1096575422,E13,0,0,0
880855315,E13,0,0,0
609496197,E13,0,0,0
882148280,E13,0,0,0
540803768,E13,0,0,0
1099363334,E13,0,0,0
610747900,E13,0,0,0
610861270,E13,0,0,0
610896066,E13,0,0,0
885222252,E13,0,0,0
611783684,E13,0,0,0
542151024,E13,0,0,0
612645350,E13,0,0,0
613523546,E13,0,0,0
889616856,E13,0,0,0
613553896,E13,0,0,0
543842787,E13,0,0,0
1105975490,E13,0,0,0
544470195,E13,0,0,0
545269203,E13,0,0,0
545291748,E13,0,0,0
546039069,E13,0,0,0
546367438,E13,0,0,0
546885822,E13,0,0,0
1111771471,E13,0,0,0
547141135,E13,0,0,0
618038687,E13,0,0,0
547477084,E13,0,0,0
900040604,E13,0,0,0
618382051,E13,0,0,0
547680256,E13,0,0,0
547811916,E13,0,0,0
548605379,E13,0,0,0
548727018,E13,0,0,0
1116460440,E13,0,0,0
620243872,E13,0,0,0
1119028134,E13,0,0,0
621741580,E13,0,0,0
621971039,E13,0,0,0
622239105,E13,0,0,0
908843828,E13,0,0,0
1124327604,E13,0,0,0
624420623,E13,0,0,0
624543149,E13,0,0,0
1127430120,E13,0,0,0
913455692,E13,0,0,0
914725128,E13,0,0,0
1129520276,E13,0,0,0
915739543,E13,0,0,0
1130868744,E13,0,0,0
1130960574,E13,0,0,0
917243564,E13,0,0,0
1132376958,E13,0,0,0
918001130,E13,0,0,0
1133943835,E13,0,0,0
627845498,E13,0,0,0
918993840,E13,0,0,0
628453024,E13,0,0,0
920600658,E13,1,1,0
1137300811,E13,0,0,0
629661106,E13,0,0,0
631128691,E13,0,0,0
631876055,E13,0,0,0
632045063,E13,0,0,0
924714103,E13,0,0,0
632296235,E13,0,0,0
632419314,E13,0,0,0
632742781,E13,0,0,0
632805096,E13,0,0,0
633105430,E13,0,0,0
928712431,E13,0,0,0
1151295038,E13,0,0,0
636107261,E13,0,0,0
930035833,E13,0,0,0
932445193,E13,0,0,0
702445104,E13,0,0,0
702727668,E13,0,0,0
934466887,E13,0,0,0
934949900,E13,0,0,0
936597188,E13,0,0,0
705736374,E13,0,0,0
936902059,E13,0,0,0
706819428,E13,0,0,0
707526853,E13,0,0,0
708429391,E13,0,0,0
938838264,E13,0,0,0
939438061,E13,0,0,0
939617401,E13,0,0,0
711216631,E13,0,0,0
714240744,E13,0,0,0
1168487113,E13,0,0,0
716206832,E13,0,0,0
944648335,E13,0,0,0
944979661,E13,0,0,0
947255689,E13,0,0,0
1174404932,E13,0,0,0
1179541274,E13,0,0,0
951290342,E13,0,0,0
951523590,E13,0,0,0
952055166,E13,0,0,0
953315216,E13,0,0,0
1187572176,E13,0,0,0
1188730825,E13,0,0,0
955497098,E13,0,0,0
1189056510,E13,0,0,0
955806343,E13,0,0,0
1193292998,E13,0,0,0
958530558,E13,0,0,0
961125284,E13,0,0,0
962847698,E13,0,0,0
1204191037,E13,0,0,0
1204535834,E13,0,0,0
964996225,E13,0,0,0
1205795042,E13,0,0,0
1205923694,E13,0,0,0
968446106,E13,0,0,0
970505658,E13,0,0,0
971576125,E13,0,0,0
1216631100,E13,0,0,0
1219155151,E13,0,0,0
1219247983,E13,0,0,0
1219743308,E13,0,0,0
974171288,E13,0,0,0
974190704,E13,0,0,0
974558708,E13,0,0,0
976068038,E13,0,0,0
976844444,E13,0,0,0
977265403,E13,0,0,0
981556177,E13,0,0,0
15350901,E13,0,0,0
407818010,E13,0,0,0
422226730,E13,0,0,0
425138781,E13,0,0,0
120720544,E13,0,0,0
187536784,E13,0,0,0
197602470,E13,0,0,0
207070244,E13,0,0,0
216522413,E13,0,0,0
259680844,E13,0,0,0
301919327,E13,0,0,0
517625408,E13,0,0,0
327900613,E13,0,0,0
522582939,E13,0,0,0
541037205,E13,0,0,0
549083012,E13,0,0,0
558489220,E13,0,0,0
563022345,E13,0,0,0
604758810,E13,0,0,0
835342567,E13,0,0,0
1092912044,E13,0,0,0
1126202310,E13,0,0,0
9011502,E13,0,0,0
52491055,E13,0,0,0
55532545,E13,0,0,0
16043064,E13,0,0,0
20308222,E13,0,0,0
33747826,E13,0,0,0
45314390,E13,0,0,0
48665791,E13,0,0,0
52108988,E13,0,0,0
56697655,E13,0,0,0
83811813,E13,0,0,0
91866745,E13,0,0,0
111628975,E13,0,0,0
114849265,E13,0,0,0
154588620,E13,0,0,0
162092995,E13,0,0,0
168791182,E13,0,0,0
177299735,E13,0,0,0
179588209,E13,0,0,0
190383002,E13,0,0,0
197400952,E13,0,0,0
217533156,E13,0,0,0
222579656,E13,0,0,0
233959454,E13,0,0,0
248292381,E13,0,0,0
252688673,E13,0,0,0
255559955,E13,0,0,0
278618602,E13,0,0,0
295578583,E13,0,0,0
297012777,E13,0,0,0
305187907,E13,0,0,0
318949971,E13,0,0,0
320669433,E13,0,0,0
322051701,E13,0,0,0
327840186,E13,0,0,0
328706026,E13,0,0,0
333960904,E13,0,0,0
337321477,E13,0,0,0
372460791,E13,0,0,0
382247829,E13,0,0,0
418633045,E13,0,0,0
425241854,E13,0,0,0
453285193,E13,0,0,0
469128515,E13,0,0,0
490480487,E13,0,0,0
514338061,E13,0,0,0
521131145,E13,0,0,0
529342153,E13,0,0,0
546314660,E13,0,0,0
604518391,E13,0,0,0
630544784,E13,0,0,0
755461062,E13,0,0,0
755745950,E13,0,0,0
806660965,E13,0,0,0
809654154,E13,0,0,0
810793700,E13,0,0,0
903721722,E13,0,0,0
922305175,E13,0,0,0
925532102,E13,0,0,0
929410398,E13,0,0,0
961773920,E13,0,0,0
1021876490,E13,0,0,0
1096419414,E13,0,0,0
1125217129,E13,0,0,0
1127280169,E13,0,0,0
1156344000,E13,0,0,0
1169114810,E13,1,1,0
1212975186,E13,0,0,0
1213937306,E13,0,0,0
24503,TFP,0,0,0
22903,TFP,0,0,0
382393,TFP,0,0,0
286543,TFP,0,0,0
438023,TFP,0,0,0
586003,TFP,0,0,0
628563,TFP,0,0,0
769985,TFP,0,0,0
2007021,TFP,0,0,0
2731681,TFP,0,0,0
3909541,TFP,0,0,0
5863152,TFP,0,0,0
6082972,TFP,0,0,0
6175692,TFP,0,0,0
6196392,TFP,0,0,0
6618042,TFP,0,0,0
6677972,TFP,0,0,0
7246122,TFP,0,0,0
7527052,TFP,0,0,0
7773732,TFP,0,0,0
8029522,TFP,0,0,0
9664862,TFP,0,0,0
12179872,TFP,0,0,0
12551742,TFP,0,0,0
12700622,TFP,0,0,0
12765892,TFP,0,0,0
14321616,TFP,0,0,0
14443340,TFP,0,0,0
14561441,TFP,0,0,0
15455450,TFP,0,0,0
15453624,TFP,0,0,0
15622858,TFP,0,0,0
15788159,TFP,0,0,0
15922136,TFP,0,0,0
16002194,TFP,0,0,0
16183526,TFP,0,0,0
16270293,TFP,0,0,0
16303802,TFP,0,0,0
16649518,TFP,0,0,0
17085112,TFP,0,0,0
17283453,TFP,0,0,0
17421795,TFP,0,0,0
17426567,TFP,0,0,0
17844234,TFP,0,0,0
17992531,TFP,0,0,0
18721974,TFP,0,0,0
18874774,TFP,0,0,0
19706832,TFP,0,0,0
19701419,TFP,0,0,0
19973780,TFP,0,0,0
20303000,TFP,0,0,0
20542869,TFP,0,0,0
20681942,TFP,0,0,0
21133252,TFP,0,0,0
22015162,TFP,0,0,0
22521283,TFP,0,0,0
22598920,TFP,0,0,0
22596491,TFP,0,0,0
22624920,TFP,0,0,0
22710614,TFP,1,1,0
22752192,TFP,0,0,0
22970058,TFP,0,0,0
23770754,TFP,0,0,0
24176877,TFP,0,0,0
25046383,TFP,0,0,0
25484842,TFP,0,0,0
26261259,TFP,0,0,0
27315878,TFP,0,0,0
29742445,TFP,0,0,0
31135311,TFP,0,0,0
31379656,TFP,0,0,0
33516491,TFP,0,0,0
33679344,TFP,0,0,0
34580222,TFP,0,0,0
36286962,TFP,0,0,0
37186955,TFP,0,0,0
37204587,TFP,0,0,0
39201963,TFP,0,0,0
40337017,TFP,0,0,0
43775439,TFP,0,0,0
44358439,TFP,0,0,0
44604091,TFP,0,0,0
45110939,TFP,0,0,0
45399578,TFP,0,0,0
45562154,TFP,0,0,0
45603460,TFP,0,0,0
47588692,TFP,0,0,0
47610275,TFP,0,0,0
47708690,TFP,0,0,0
49683347,TFP,0,0,0
49726434,TFP,0,0,0
49951518,TFP,0,0,0
49961511,TFP,0,0,0
50594775,TFP,0,0,0
50606585,TFP,0,0,0
50650272,TFP,0,0,0
51065893,TFP,0,0,0
51169895,TFP,0,0,0
51484684,TFP,0,0,0
52140322,TFP,0,0,0
53400463,TFP,0,0,0
56336047,TFP,0,0,0
57573169,TFP,0,0,0
58017998,TFP,0,0,0
58436154,TFP,0,0,0
60340425,TFP,0,0,0
60490488,TFP,0,0,0
63501503,TFP,0,0,0
65402914,TFP,0,0,0
67253599,TFP,0,0,0
67887304,TFP,0,0,0
68123840,TFP,0,0,0
68800287,TFP,0,0,0
68940614,TFP,0,0,0
69575984,TFP,0,0,0
70228722,TFP,0,0,0
74861616,TFP,0,0,0
76612795,TFP,0,0,0
78845364,TFP,0,0,0
82062642,TFP,0,0,0
82118682,TFP,0,0,0
84361482,TFP,0,0,0
84543942,TFP,0,0,0
84838434,TFP,0,0,0
85850428,TFP,0,0,0
86538176,TFP,0,0,0
86626503,TFP,0,0,0
86999643,TFP,0,0,0
87029466,TFP,0,0,0
90436636,TFP,0,0,0
91696007,TFP,0,0,0
93378883,TFP,0,0,0
96114847,TFP,0,0,0
96146127,TFP,0,0,0
96360063,TFP,0,0,0
96450599,TFP,0,0,0
96454595,TFP,0,0,0
96727791,TFP,0,0,0
96737211,TFP,0,0,0
98127075,TFP,0,0,0
103087081,TFP,0,0,0
105768989,TFP,0,0,0
107193314,TFP,0,0,0
107471115,TFP,0,0,0
107991930,TFP,0,0,0
108051742,TFP,0,0,0
109651861,TFP,0,0,0
109848907,TFP,0,0,0
110177863,TFP,0,0,0
111054613,TFP,0,0,0
112232553,TFP,0,0,0
112419862,TFP,0,0,0
112986371,TFP,0,0,0
113134931,TFP,1,1,0
113971060,TFP,0,0,0
114726248,TFP,0,0,0
118241739,TFP,0,0,0
118667244,TFP,0,0,0
121045001,TFP,0,0,0
122111595,TFP,0,0,0
125622122,TFP,0,0,0
125796953,TFP,0,0,0
126065059,TFP,0,0,0
126611558,TFP,0,0,0
128857854,TFP,0,0,0
129176007,TFP,0,0,0
129515952,TFP,0,0,0
131197741,TFP,0,0,0
131202911,TFP,0,0,0
131559802,TFP,0,0,0
131636321,TFP,0,0,0
132569641,TFP,1,1,0
136368506,TFP,0,0,0
139321563,TFP,0,0,0
140527863,TFP,0,0,0
142239909,TFP,0,0,0
144226252,TFP,0,0,0
145422178,TFP,0,0,0
146215776,TFP,0,0,0
149248959,TFP,0,0,0
151607467,TFP,0,0,0
152905850,TFP,0,0,0
154197349,TFP,0,0,0
154477852,TFP,0,0,0
154547583,TFP,0,0,0
156039467,TFP,0,0,0
157042531,TFP,0,0,0
157604170,TFP,0,0,0
160557792,TFP,0,0,0
163075114,TFP,0,0,0
163479707,TFP,0,0,0
167823878,TFP,0,0,0
171640056,TFP,0,0,0
171971541,TFP,0,0,0
173411197,TFP,0,0,0
174354016,TFP,0,0,0
180573776,TFP,0,0,0
180912768,TFP,0,0,0
182511218,TFP,0,0,0
183959464,TFP,0,0,0
184048837,TFP,0,0,0
184777483,TFP,0,0,0
185178011,TFP,0,0,0
185771893,TFP,0,0,0
188047458,TFP,0,0,0
188043254,TFP,0,0,0
189152524,TFP,0,0,0
192912616,TFP,0,0,0
195763762,TFP,0,0,0
196179205,TFP,0,0,0
201724641,TFP,0,0,0
202220813,TFP,0,0,0
202326763,TFP,0,0,0
203583202,TFP,0,0,0
204444302,TFP,0,0,0
204808236,TFP,0,0,0
207138462,TFP,0,0,0
207490418,TFP,0,0,0
210525855,TFP,0,0,0
211462267,TFP,0,0,0
213981500,TFP,0,0,0
214967682,TFP,0,0,0
215992174,TFP,0,0,0
217232725,TFP,0,0,0
220859239,TFP,0,0,0
221964205,TFP,0,0,0
222893837,TFP,0,0,0
223007169,TFP,0,0,0
225060606,TFP,0,0,0
226576785,TFP,0,0,0
226923750,TFP,0,0,0
228711740,TFP,0,0,0
233533428,TFP,0,0,0
233890781,TFP,0,0,0
234430637,TFP,0,0,0
237886553,TFP,0,0,0
238505344,TFP,0,0,0
242272799,TFP,0,0,0
248134718,TFP,0,0,0
252679829,TFP,0,0,0
254602977,TFP,0,0,0
255499265,TFP,0,0,0
257111136,TFP,0,0,0
257400824,TFP,0,0,0
264133279,TFP,0,0,0
265017059,TFP,0,0,0
265731317,TFP,0,0,0
267989312,TFP,0,0,0
271374532,TFP,0,0,0
272121120,TFP,0,0,0
272911207,TFP,0,0,0
275183383,TFP,0,0,0
276983152,TFP,0,0,0
281234838,TFP,0,0,0
282523842,TFP,0,0,0
283013230,TFP,0,0,0
286690782,TFP,0,0,0
286841761,TFP,0,0,0
290147254,TFP,0,0,0
290494853,TFP,0,0,0
290585680,TFP,0,0,0
291949510,TFP,0,0,0
297023247,TFP,0,0,0
299618434,TFP,0,0,0
303061039,TFP,0,0,0
304268784,TFP,0,0,0
312691936,TFP,0,0,0
317336535,TFP,0,0,0
321282277,TFP,0,0,0
326716112,TFP,0,0,0
328117388,TFP,1,1,0
331349150,TFP,0,0,0
338966793,TFP,0,0,0
342957744,TFP,0,0,0
343931635,TFP,0,0,0
344675728,TFP,0,0,0
344780239,TFP,0,0,0
344955391,TFP,0,0,0
353254693,TFP,0,0,0
353608206,TFP,0,0,0
356979186,TFP,0,0,0
359370934,TFP,0,0,0
365993895,TFP,0,0,0
370595287,TFP,0,0,0
372786191,TFP,0,0,0
374138547,TFP,0,0,0
378814988,TFP,1,1,0
379176983,TFP,0,0,0
379296310,TFP,0,0,0
379728710,TFP,0,0,0
381384396,TFP,0,0,0
383145557,TFP,0,0,0
384547005,TFP,0,0,0
384858886,TFP,0,0,0
392094997,TFP,0,0,0
393255100,TFP,0,0,0
395890746,TFP,0,0,0
397337275,TFP,0,0,0
400741034,TFP,0,0,0
400826236,TFP,0,0,0
402034337,TFP,0,0,0
405135128,TFP,0,0,0
405611085,TFP,0,0,0
406150965,TFP,0,0,0
406923780,TFP,0,0,0
407302551,TFP,0,0,0
408637014,TFP,0,0,0
409297732,TFP,0,0,0
409503051,TFP,0,0,0
410193975,TFP,0,0,0
412604603,TFP,0,0,0
421319874,TFP,0,0,0
423410028,TFP,0,0,0
423649561,TFP,0,0,0
424920096,TFP,0,0,0
425209420,TFP,0,0,0
426932675,TFP,0,0,0
428213157,TFP,0,0,0
428259355,TFP,0,0,0
428434740,TFP,0,0,0
429414906,TFP,0,0,0
433988089,TFP,0,0,0
435045600,TFP,0,0,0
437392860,TFP,0,0,0
437721739,TFP,0,0,0
550428173,TFP,0,0,0
479506412,TFP,0,0,0
440128266,TFP,0,0,0
479815906,TFP,0,0,0
986364644,TFP,0,0,0
552027659,TFP,0,0,0
724632068,TFP,0,0,0
987245388,TFP,0,0,0
442592200,TFP,0,0,0
482148232,TFP,0,0,0
446366385,TFP,0,0,0
483227930,TFP,0,0,0
483838785,TFP,0,0,0
449195625,TFP,0,0,0
995328134,TFP,0,0,0
486991172,TFP,0,0,0
487275447,TFP,1,1,0
452726181,TFP,0,0,0
453034522,TFP,0,0,0
487880355,TFP,0,0,0
754656198,TFP,0,0,0
1001305494,TFP,0,0,0
561814955,TFP,0,0,0
766507921,TFP,0,0,0
491275814,TFP,0,0,0
491391312,TFP,0,0,0
769388442,TFP,0,0,0
564751387,TFP,0,0,0
565292271,TFP,0,0,0
493462829,TFP,0,0,0
493919122,TFP,0,0,0
462251578,TFP,1,1,0
495378971,TFP,0,0,0
464014539,TFP,0,0,0
1017001452,TFP,0,0,0
1018511592,TFP,1,1,0
499717759,TFP,0,0,0
573824373,TFP,0,0,0
499933271,TFP,0,0,0
469218793,TFP,0,0,0
501066121,TFP,0,0,0
469454275,TFP,0,0,0
1028535421,TFP,0,0,0
578266551,TFP,0,0,0
504803459,TFP,0,0,0
504944262,TFP,0,0,0
475246008,TFP,0,0,0
475693524,TFP,1,1,0
819790166,TFP,0,0,0
477087533,TFP,0,0,0
515405009,TFP,0,0,0
515909793,TFP,0,0,0
833089766,TFP,0,0,0
834141984,TFP,0,0,0
525408377,TFP,0,0,0
526702246,TFP,0,0,0
602758496,TFP,0,0,0
866254687,TFP,0,0,0
535670031,TFP,0,0,0
605521007,TFP,0,0,0
536512353,TFP,0,0,0
538395588,TFP,0,0,0
607937852,TFP,0,0,0
539143317,TFP,0,0,0
543301439,TFP,0,0,0
543727249,TFP,0,0,0
614249086,TFP,0,0,0
893784643,TFP,0,0,0
898218318,TFP,0,0,0
899934248,TFP,0,0,0
621508569,TFP,0,0,0
622618462,TFP,0,0,0
916815853,TFP,0,0,0
919599445,TFP,0,0,0
629208634,TFP,0,0,0
1147652996,TFP,1,1,0
938775151,TFP,0,0,0
947759960,TFP,0,0,0
948165787,TFP,0,0,0
955966339,TFP,0,0,0
960978096,TFP,0,0,0
962500717,TFP,0,0,0
964327405,TFP,0,0,0
968350345,TFP,0,0,0
971643848,TFP,0,0,0
974434579,TFP,0,0,0
982398253,TFP,0,0,0
982457101,TFP,0,0,0
982676647,TFP,0,0,0
11990112,TFP,0,0,0
14474989,TFP,0,0,0
14867242,TFP,0,0,0
15530118,TFP,0,0,0
17498356,TFP,0,0,0
19861856,TFP,0,0,0
22407164,TFP,0,0,0
22600059,TFP,1,1,0
22840934,TFP,0,0,0
22994885,TFP,0,0,0
30638954,TFP,0,0,0
31107779,TFP,0,0,0
45434489,TFP,0,0,0
47081262,TFP,0,0,0
47637732,TFP,0,0,0
61728897,TFP,0,0,0
72863207,TFP,0,0,0
80849401,TFP,0,0,0
91866630,TFP,0,0,0
96109716,TFP,0,0,0
118197667,TFP,0,0,0
133387350,TFP,0,0,0
206326866,TFP,1,1,0
240173232,TFP,0,0,0
240821668,TFP,0,0,0
254497239,TFP,0,0,0
281623827,TFP,0,0,0
294182639,TFP,0,0,0
305476548,TFP,0,0,0
333412049,TFP,0,0,0
339887833,TFP,0,0,0
363161920,TFP,0,0,0
394789922,TFP,0,0,0
397034400,TFP,0,0,0
425767265,TFP,1,1,0
425878819,TFP,0,0,0
443896569,TFP,0,0,0
488525613,TFP,0,0,0
583885189,TFP,0,0,0
588147020,TFP,0,0,0
614133542,TFP,0,0,0
780431689,TFP,0,0,0
791830218,TFP,0,0,0
821873300,TFP,1,1,0
832044601,TFP,0,0,0
851100607,TFP,0,0,0
890871740,TFP,0,0,0
975603631,TFP,0,0,0
980531466,TFP,0,0,0
983033413,TFP,0,0,0
1010894497,TFP,0,0,0
39588706,TFP,0,0,0
13972932,TFP,0,0,0
90626911,TFP,0,0,0
321257315,TFP,0,0,0
616206452,INT,0,0,1
616226398,INT,0,0,1
1129016958,FSF,0,0,1
1174566572,FSF,0,0,1
107013897,TWT,0,0,1
1175053682,FSF,0,0,1
1175677580,FSF,0,0,1
334249560,TWT,0,0,1
88866261,TWT,0,0,1
1174778426,FSF,0,0,1
616296594,INT,0,0,1
616544230,INT,0,0,1
1130216966,FSF,0,0,1
401190123,TWT,0,0,1
616325196,INT,0,0,1
617745271,INT,0,0,1
1374959215,INT,0,0,1
716473104,INT,0,0,1
1372493953,INT,0,0,1
1124360551,FSF,0,0,1
1176045456,FSF,0,0,1
157864555,TWT,0,0,1
189730759,TWT,0,0,1
1174317492,FSF,0,0,1
1174360562,FSF,0,0,1
616891841,INT,0,0,1
1176037879,FSF,0,0,1
202155524,TWT,0,0,1
617788541,INT,0,0,1
1127297354,FSF,0,0,1
53671214,TWT,0,0,1
1127411401,FSF,0,0,1
1174898036,FSF,0,0,1
1174457058,FSF,0,0,1
1176067166,FSF,0,0,1
616224637,INT,0,0,1
1176223429,FSF,0,0,1
229286608,TWT,0,0,1
202511395,TWT,0,0,1
129899218,TWT,0,0,1
616302072,INT,0,0,1
617236155,INT,0,0,1
1176174571,FSF,0,0,1
617710286,INT,0,0,1
616337604,INT,0,0,1
617605452,INT,0,0,1
185933483,TWT,0,0,1
1176150378,FSF,0,0,1
422415442,TWT,0,0,1
181225107,TWT,0,0,1
616223567,INT,0,0,1
1176388189,FSF,0,0,1
616448213,INT,0,0,1
621412525,INT,0,0,1
1127216318,FSF,0,0,1
346747623,TWT,0,0,1
1175840936,FSF,0,0,1
130303998,TWT,0,0,1
1174387664,FSF,0,0,1
1128486390,FSF,0,0,1
617078388,INT,0,0,1
619219990,INT,0,0,1
1127822533,FSF,0,0,1
1175872345,FSF,0,0,1
361350314,TWT,0,0,1
355993172,TWT,0,0,1
1175711664,FSF,0,0,1
295394982,TWT,0,0,1
1176288571,FSF,0,0,1
1130535104,FSF,0,0,1
617538588,INT,0,0,1
622793906,INT,0,0,1
585883867,TWT,0,0,1
1126962823,FSF,0,0,1
616288152,INT,0,0,1
1176054547,FSF,0,0,1
616222843,INT,0,0,1
617867481,INT,0,0,1
616208980,INT,0,0,1
616300077,INT,0,0,1
1176172730,FSF,0,0,1
1176198690,FSF,0,0,1
1175719664,FSF,0,0,1
1176274290,FSF,0,0,1
1174713944,FSF,0,0,1
617279109,INT,0,0,1
109075883,TWT,0,0,1
616646437,INT,0,0,1
1176405116,FSF,0,0,1
1124739583,FSF,0,0,1
1174855417,FSF,0,0,1
617173576,INT,0,0,1
291191096,TWT,0,0,1
20726266,TWT,0,0,1
152846674,TWT,0,0,1
1174342740,FSF,0,0,1
169433349,TWT,0,0,1
479340177,TWT,0,0,1
1174811528,FSF,0,0,1
1208410542,INT,0,0,1
616303560,INT,0,0,1
620739715,INT,0,0,1
1373450377,INT,0,0,1
616285401,INT,0,0,1
242186430,TWT,0,0,1
622524146,INT,0,0,1
199815995,TWT,0,0,1
54047372,TWT,0,0,1
1129288938,FSF,0,0,1
332882634,TWT,0,0,1
619513437,INT,0,0,1
292442271,TWT,0,0,1
392188753,TWT,0,0,1
616217939,INT,0,0,1
710814337,INT,0,0,1
1174982719,FSF,0,0,1
708529440,INT,0,0,1
1174680708,FSF,0,0,1
1174627123,FSF,0,0,1
619683215,INT,0,0,1
394416247,TWT,0,0,1
223329964,TWT,0,0,1
57757511,TWT,0,0,1
1174876764,FSF,0,0,1
617494611,INT,0,0,1
714583566,INT,0,0,1
617452824,INT,0,0,1
1175734488,FSF,0,0,1
617111228,INT,0,0,1
616229522,INT,0,0,1
1175951042,FSF,0,0,1
1174435964,FSF,0,0,1
245280307,TWT,0,0,1
1176283176,FSF,0,0,1
1176090313,FSF,0,0,1
1175980688,FSF,0,0,1
402630337,TWT,0,0,1
618223383,INT,0,0,1
1385228084,INT,0,0,1
329489449,TWT,0,0,1
112131340,TWT,0,0,1
1176301609,FSF,0,0,1
617437469,INT,0,0,1
621414410,INT,0,0,1
616220414,INT,0,0,1
1208295348,INT,0,0,1
616218947,INT,0,0,1
618945271,INT,0,0,1
261915122,TWT,0,0,1
616308387,INT,0,0,1
616263058,INT,0,0,1
617590863,INT,0,0,1
104657589,TWT,0,0,1
544481555,TWT,0,0,1
1176024900,FSF,0,0,1
1175006178,FSF,0,0,1
616758171,INT,0,0,1
1176177198,FSF,0,0,1
617662277,INT,0,0,1
1174400497,FSF,0,0,1
616217762,INT,0,0,1
617888487,INT,0,0,1
619810380,INT,0,0,1
618615426,INT,0,0,1
617245921,INT,0,0,1
558153258,TWT,0,0,1
620687869,INT,0,0,1
394725471,TWT,0,0,1
616500089,INT,0,0,1
1129401444,FSF,0,0,1
384501016,TWT,0,0,1
617732455,INT,0,0,1
1127827542,FSF,0,0,1
616227562,INT,0,0,1
1128706746,FSF,0,0,1
1174648291,FSF,0,0,1
1175720130,FSF,0,0,1
504867024,TWT,0,0,1
1130534586,FSF,0,0,1
328612451,TWT,0,0,1
620777740,INT,0,0,1
1130259265,FSF,0,0,1
97275343,TWT,0,0,1
1219039568,INT,0,0,1
1129803002,FSF,0,0,1
1130225450,FSF,0,0,1
1129901942,FSF,0,0,1
1127132214,FSF,0,0,1
616211479,INT,0,0,1
619369704,INT,0,0,1
616210933,INT,0,0,1
10935572,TWT,0,0,1
1174762351,FSF,0,0,1
616727070,INT,0,0,1
92525390,TWT,0,0,1
616854398,INT,0,0,1
1175993282,FSF,0,0,1
597614760,TWT,0,0,1
1174933712,FSF,0,0,1
620896239,INT,0,0,1
582855209,TWT,0,0,1
195874688,TWT,0,0,1
1174670046,FSF,0,0,1
1129937737,FSF,0,0,1
1129397028,TWT,0,0,1
616205957,INT,0,0,1
1175898612,FSF,0,0,1
1130403349,FSF,0,0,1
1127894718,FSF,0,0,1
616299699,INT,0,0,1
1175757835,FSF,0,0,1
202440814,TWT,0,0,1
1174409298,FSF,0,0,1
1175883632,FSF,0,0,1
616231447,INT,0,0,1
716451656,INT,0,0,1
617279835,INT,0,0,1
52346698,TWT,0,0,1
622304985,INT,0,0,1
1176194707,FSF,0,0,1
710092674,INT,0,0,1
466557338,TWT,0,0,1
1175062736,FSF,0,0,1
475035176,TWT,0,0,1
1174553017,FSF,0,0,1
231035428,TWT,0,0,1
1127880368,FSF,0,0,1
158541730,TWT,0,0,1
129729416,TWT,0,0,1
233884874,TWT,0,0,1
1128394315,FSF,0,0,1
50449844,TWT,0,0,1
616874546,INT,0,0,1
616285149,INT,0,0,1
261627134,TWT,0,0,1
616230778,INT,0,0,1
1127066796,FSF,0,0,1
616300368,INT,0,0,1
1174700300,FSF,0,0,1
616977822,INT,0,0,1
616221038,INT,0,0,1
529329358,TWT,0,0,1
1176249991,FSF,0,0,1
620696383,INT,0,0,1
222154371,TWT,0,0,1
1387393236,INT,0,0,1
1124550980,FSF,0,0,1
1129290072,FSF,0,0,1
1175848021,FSF,0,0,1
617400276,INT,0,0,1
1174775082,FSF,0,0,1
716289278,INT,0,0,1
1176279901,FSF,0,0,1
616218743,INT,0,0,1
617733045,INT,0,0,1
1127914004,FSF,0,0,1
618215489,INT,0,0,1
1128666674,FSF,0,0,1
616755124,INT,0,0,1
616304159,INT,0,0,1
1176070208,FSF,0,0,1
616566914,INT,0,0,1
94528740,TWT,0,0,1
1175741276,FSF,0,0,1
619448053,INT,0,0,1
616753922,INT,0,0,1
508032449,TWT,0,0,1
1127839795,FSF,0,0,1
1175025703,FSF,0,0,1
616791162,INT,0,0,1
1174694204,FSF,0,0,1
616225522,INT,0,0,1
412614875,TWT,0,0,1
1176358165,FSF,0,0,1
1175782370,FSF,0,0,1
105696650,TWT,0,0,1
1130538576,FSF,0,0,1
83697927,TWT,0,0,1
545647644,TWT,0,0,1
1174435530,FSF,0,0,1
1175904811,FSF,0,0,1
616583718,INT,0,0,1
443037335,TWT,0,0,1
616224125,INT,0,0,1
1127023860,FSF,0,0,1
1175791177,FSF,0,0,1
1127645011,FSF,0,0,1
620259574,INT,0,0,1
1367487373,INT,0,0,1
617309307,INT,0,0,1
617447770,INT,0,0,1
712317120,INT,0,0,1
616225411,INT,0,0,1
151474227,TWT,0,0,1
618499240,INT,0,0,1
619235948,INT,0,0,1
253111142,TWT,0,0,1
1130110020,FSF,0,0,1
621412482,INT,0,0,1
1207752978,INT,0,0,1
617276858,INT,0,0,1
616218488,INT,0,0,1
252139342,TWT,0,0,1
1174330140,FSF,0,0,1
1174885004,FSF,0,0,1
611817370,TWT,0,0,1
1391998039,INT,0,0,1
1176031873,FSF,0,0,1
1174750884,FSF,0,0,1
619441415,INT,0,0,1
616211005,INT,0,0,1
617236411,INT,0,0,1
617293369,INT,0,0,1
1176277345,FSF,0,0,1
290499654,INT,0,0,1
1127303257,FSF,0,0,1
617398277,INT,0,0,1
616219076,INT,0,0,1
1175943655,FSF,0,0,1
1387702238,INT,0,0,1
616212148,INT,0,0,1
1176319747,FSF,0,0,1
616231544,INT,0,0,1
1176344617,FSF,0,0,1
616224133,INT,0,0,1
617342164,INT,0,0,1
1174944620,FSF,0,0,1
618136325,INT,0,0,1
1127515314,FSF,0,0,1
1174402410,FSF,0,0,1
1175806116,FSF,0,0,1
1128697718,FSF,0,0,1
616234909,INT,0,0,1
34589722,TWT,0,0,1
616438405,INT,0,0,1
1130213556,FSF,0,0,1
622866052,INT,0,0,1
1174898930,FSF,0,0,1
1174804556,FSF,0,0,1
335052095,TWT,0,0,1
617843808,INT,0,0,1
93225500,TWT,0,0,1
1175992374,FSF,0,0,1
1175000504,FSF,0,0,1
616650103,INT,0,0,1
1176127388,FSF,0,0,1
1175788465,FSF,0,0,1
1176267397,FSF,0,0,1
101399567,TWT,0,0,1
616312923,INT,0,0,1
245685332,TWT,0,0,1
618549078,INT,0,0,1
404334610,TWT,0,0,1
358263991,TWT,0,0,1
1208757007,INT,0,0,1
1124447899,FSF,0,0,1
1175933244,FSF,0,0,1
1175633166,FSF,0,0,1
333805197,TWT,0,0,1
622357843,INT,0,0,1
303932719,INT,0,0,1
1174509800,FSF,0,0,1
616287702,INT,0,0,1
89963109,TWT,0,0,1
319071294,TWT,0,0,1
147266930,TWT,0,0,1
616862788,INT,0,0,1
620776121,INT,0,0,1
84539426,TWT,0,0,1
616218557,INT,0,0,1
1174742864,FSF,0,0,1
212928560,TWT,0,0,1
1175772264,FSF,0,0,1
1175629345,FSF,0,0,1
1127260830,FSF,0,0,1
1176382580,FSF,0,0,1
1174331750,FSF,0,0,1
616810995,INT,0,0,1
1175868074,FSF,0,0,1
422318647,TWT,0,0,1
616210814,INT,0,0,1
616206656,INT,0,0,1
29940598,TWT,0,0,1
616561810,INT,0,0,1
1129905792,FSF,0,0,1
128620164,TWT,0,0,1
616687643,INT,0,0,1
135026061,TWT,0,0,1
618689737,INT,0,0,1
617471280,INT,0,0,1
616871628,INT,0,0,1
622928583,INT,0,0,1
173215914,TWT,0,0,1
1176151704,FSF,0,0,1
1176419695,FSF,0,0,1
73473444,TWT,0,0,1
351514291,TWT,0,0,1
616997089,INT,0,0,1
616222607,INT,0,0,1
616230280,INT,0,0,1
616299006,INT,0,0,1
1126921074,FSF,0,0,1
1174847785,FSF,0,0,1
616394546,INT,0,0,1
617824831,INT,0,0,1
207293756,TWT,0,0,1
1124807293,FSF,0,0,1
1128355266,FSF,0,0,1
617410411,INT,0,0,1
616224899,INT,0,0,1
1175653093,FSF,0,0,1
616535986,INT,0,0,1
1175634584,FSF,0,0,1
1386172154,INT,0,0,1
1174789676,FSF,0,0,1
616304457,INT,0,0,1
1128816360,FSF,0,0,1
616229738,INT,0,0,1
620419987,INT,0,0,1
379259119,TWT,0,0,1
617096658,INT,0,0,1
616392153,INT,0,0,1
1127241931,FSF,0,0,1
270595940,TWT,0,0,1
616232053,INT,0,0,1
1175626327,FSF,0,0,1
1174944276,FSF,0,0,1
619598059,INT,0,0,1
1176362071,FSF,0,0,1
1128398388,FSF,0,0,1
1127218854,FSF,0,0,1
21196037,TWT,0,0,1
1127992975,FSF,0,0,1
1208193505,INT,0,0,1
1174751144,FSF,0,0,1
341335650,TWT,0,0,1
1174410324,FSF,0,0,1
1176149502,FSF,0,0,1
1127816366,FSF,0,0,1
616311015,INT,0,0,1
619406337,INT,0,0,1
617617449,INT,0,0,1
616232257,INT,0,0,1
616699097,INT,0,0,1
618220272,INT,0,0,1
616231375,INT,0,0,1
116397637,TWT,0,0,1
335610997,TWT,0,0,1
616553484,INT,0,0,1
1174929679,FSF,0,0,1
194026156,TWT,0,0,1
1129918525,FSF,0,0,1
1175009000,FSF,0,0,1
1126886184,FSF,0,0,1
259042485,TWT,0,0,1
616219883,INT,0,0,1
619542769,INT,0,0,1
1130157896,FSF,0,0,1
1174869769,FSF,0,0,1
454616346,TWT,0,0,1
1174926474,FSF,0,0,1
1370781445,INT,0,0,1
1127150011,FSF,0,0,1
617445392,INT,0,0,1
330273328,TWT,0,0,1
617801213,INT,0,0,1
1213549526,INT,0,0,1
1208895733,INT,0,0,1
1128419868,FSF,0,0,1
616299315,INT,0,0,1
1174395410,FSF,0,0,1
617155487,INT,0,0,1
337653685,TWT,0,0,1
616225373,INT,0,0,1
1208639550,INT,0,0,1
616300803,INT,0,0,1
273432870,TWT,0,0,1
616229977,INT,0,0,1
241553849,TWT,0,0,1
1174851200,FSF,0,0,1
616212203,INT,0,0,1
317248347,TWT,0,0,1
198833831,TWT,0,0,1
616297194,INT,0,0,1
617739493,INT,0,0,1
616575636,INT,0,0,1
617898741,INT,0,0,1
711397128,INT,0,0,1
1175980453,FSF,0,0,1
112540516,TWT,0,0,1
616224700,INT,0,0,1
1176105391,FSF,0,0,1
617556297,INT,0,0,1
1130546598,FSF,0,0,1
617602159,INT,0,0,1
619563674,INT,0,0,1
1175717354,FSF,0,0,1
101330413,TWT,0,0,1
620175784,INT,0,0,1
621377933,INT,0,0,1
1130415098,FSF,0,0,1
616287579,INT,0,0,1
617176526,INT,0,0,1
616500983,INT,0,0,1
1175828748,FSF,0,0,1
1176241388,FSF,0,0,1
1176385015,FSF,0,0,1
616349387,INT,0,0,1
617524589,INT,0,0,1
616880989,INT,0,0,1
1128458438,FSF,0,0,1
619588265,INT,0,0,1
617638457,INT,0,0,1
1126399904,FSF,0,0,1
1174622690,FSF,0,0,1
1127391530,FSF,0,0,1
617280711,INT,0,0,1
254716078,TWT,0,0,1
618134374,INT,0,0,1
251855577,TWT,0,0,1
1175587045,FSF,0,0,1
617837077,INT,0,0,1
1175028782,FSF,0,0,1
616211257,INT,0,0,1
1176131214,FSF,0,0,1
138211958,TWT,0,0,1
616302717,INT,0,0,1
1130396822,FSF,0,0,1
617110971,INT,0,0,1
616230368,INT,0,0,1
70277715,TWT,0,0,1
140176665,TWT,0,0,1
617825921,INT,0,0,1
616956640,INT,0,0,1
83293188,TWT,0,0,1
616305756,INT,0,0,1
616225564,INT,0,0,1
512084670,TWT,0,0,1
144602443,TWT,0,0,1
1175837136,FSF,0,0,1
616648049,INT,0,0,1
1176165122,FSF,0,0,1
1127891892,FSF,0,0,1
1124788411,FSF,0,0,1
1174518524,FSF,0,0,1
413650968,TWT,0,0,1
1176173497,FSF,0,0,1
1174515206,FSF,0,0,1
616843743,INT,0,0,1
1174778406,FSF,0,0,1
1174341054,FSF,0,0,1
617072174,INT,0,0,1
616206631,INT,0,0,1
616795584,INT,0,0,1
1127059790,FSF,0,0,1
1174676743,FSF,0,0,1
460577572,TWT,0,0,1
1381167558,INT,0,0,1
1174411070,FSF,0,0,1
1128144613,FSF,0,0,1
617051815,INT,0,0,1
1174740535,FSF,0,0,1
1128284804,FSF,0,0,1
75683534,TWT,0,0,1
1175833148,FSF,0,0,1
189040110,TWT,0,0,1
618145336,INT,0,0,1
35008954,TWT,0,0,1
465998255,TWT,0,0,1
616235884,INT,0,0,1
710998206,INT,0,0,1
38520305,TWT,0,0,1
616520119,INT,0,0,1
125528862,TWT,0,0,1
254976820,TWT,0,0,1
1175777869,FSF,0,0,1
1174616234,FSF,0,0,1
616215005,INT,0,0,1
616512844,INT,0,0,1
103159736,TWT,0,0,1
616312189,INT,0,0,1
616218377,INT,0,0,1
538558418,TWT,0,0,1
616313064,INT,0,0,1
499854962,TWT,0,0,1
619305569,INT,0,0,1
1175972964,FSF,0,0,1
616222768,INT,0,0,1
1174538528,FSF,0,0,1
1174464710,FSF,0,0,1
1387417639,INT,0,0,1
620765352,INT,0,0,1
616223734,INT,0,0,1
1127581338,FSF,0,0,1
75807122,TWT,0,0,1
1129032277,FSF,0,0,1
1373641104,INT,0,0,1
1174621862,FSF,0,0,1
1175754096,FSF,0,0,1
1128888824,FSF,0,0,1
1125357410,FSF,0,0,1
370733068,TWT,0,0,1
618208393,INT,0,0,1
77443610,TWT,0,0,1
1127093012,FSF,0,0,1
1130534930,FSF,0,0,1
1175803050,FSF,0,0,1
1174684957,FSF,0,0,1
1174851499,FSF,0,0,1
616833719,INT,0,0,1
195913271,INT,1,1,1
28265406,TWT,0,0,1
1174383524,FSF,0,0,1
1176324859,FSF,0,0,1
616204178,INT,0,0,1
616224764,INT,0,0,1
1176392124,FSF,0,0,1
616223671,INT,0,0,1
1174444022,FSF,0,0,1
100219528,TWT,0,0,1
616998237,INT,0,0,1
617712875,INT,0,0,1
1176120223,FSF,0,0,1
616230997,INT,0,0,1
1128898598,FSF,0,0,1
72110028,INT,0,0,1
617556760,INT,0,0,1
1368184886,INT,0,0,1
1174427628,FSF,0,0,1
616300029,INT,0,0,1
239525864,TWT,0,0,1
617718785,INT,0,0,1
407868184,TWT,0,0,1
1174374654,FSF,0,0,1
1128254628,FSF,0,0,1
1175854238,FSF,0,0,1
107914508,TWT,0,0,1
616872091,INT,0,0,1
254247600,TWT,0,0,1
1175787168,FSF,0,0,1
617458994,INT,0,0,1
1127137806,FSF,0,0,1
616224676,INT,0,0,1
1175693322,FSF,0,0,1
1175937380,FSF,0,0,1
616227469,INT,0,0,1
147107988,TWT,0,0,1
616304394,INT,0,0,1
716053231,INT,0,0,1
617284243,INT,0,0,1
1127963340,FSF,0,0,1
617766838,INT,0,0,1
616218326,INT,0,0,1
1176253664,FSF,0,0,1
400069220,TWT,0,0,1
1175961673,FSF,0,0,1
619018390,INT,0,0,1
1126883186,FSF,0,0,1
616288341,INT,0,0,1
1130384803,FSF,0,0,1
1174717800,FSF,0,0,1
1208281129,INT,0,0,1
36299291,TWT,0,0,1
713380862,INT,0,0,1
617747498,INT,0,0,1
96871607,TWT,0,0,1
21365952,TWT,0,0,1
72348749,TWT,0,0,1
1128718424,FSF,0,0,1
1174330058,FSF,0,0,1
184988281,TWT,0,0,1
1128493195,FSF,0,0,1
616937163,INT,0,0,1
124964940,TWT,0,0,1
302513351,TWT,0,0,1
1175062507,FSF,0,0,1
617279043,INT,0,0,1
520701091,TWT,0,0,1
1174998998,FSF,0,0,1
616887730,INT,0,0,1
184922888,TWT,0,0,1
1120176186,FSF,0,0,1
1175968620,FSF,0,0,1
618505565,INT,0,0,1
1127590879,FSF,0,0,1
1127478864,FSF,0,0,1
1174433286,FSF,0,0,1
1127177594,FSF,0,0,1
616621744,INT,0,0,1
1176213703,FSF,0,0,1
618982638,INT,0,0,1
616207430,INT,0,0,1
1174403612,FSF,0,0,1
616232630,INT,0,0,1
124447429,TWT,0,0,1
1175705202,FSF,0,0,1
1130386950,FSF,0,0,1
1127838836,FSF,0,0,1
1176047184,FSF,0,0,1
1126057680,FSF,0,0,1
616217624,INT,0,0,1
1174710902,FSF,0,0,1
617081967,INT,0,0,1
616223147,INT,0,0,1
618349118,INT,0,0,1
106622116,TWT,0,0,1
1381607736,INT,0,0,1
616298907,INT,0,0,1
1176267386,FSF,0,0,1
708650725,INT,0,0,1
134678238,TWT,0,0,1
1175801724,FSF,0,0,1
395021188,TWT,0,0,1
230030181,TWT,0,0,1
1174682425,FSF,0,0,1
1174787304,FSF,0,0,1
1174450896,FSF,0,0,1
1130623285,FSF,0,0,1
1176159360,FSF,0,0,1
346790259,TWT,0,0,1
1127105509,FSF,0,0,1
1175767867,FSF,0,0,1
1125327924,FSF,0,0,1
1208024365,INT,0,0,1
1174977500,FSF,0,0,1
520214369,TWT,0,0,1
1174756808,FSF,0,0,1
1174335446,FSF,0,0,1
119926900,TWT,0,0,1
1174679592,FSF,0,0,1
616331366,INT,0,0,1
1175615983,FSF,0,0,1
619118183,INT,0,0,1
337161218,TWT,0,0,1
325767923,TWT,0,0,1
523035519,TWT,0,0,1
616301106,INT,0,0,1
67946273,TWT,0,0,1
416995459,TWT,0,0,1
142150030,TWT,0,0,1
616227622,INT,0,0,1
616206269,INT,0,0,1
616222831,INT,0,0,1
621874598,INT,0,0,1
1175774436,FSF,0,0,1
616297419,INT,0,0,1
617689102,INT,0,0,1
616305963,INT,0,0,1
1174925106,FSF,0,0,1
1124301420,FSF,0,0,1
618372072,INT,0,0,1
710386668,INT,0,0,1
271619712,TWT,0,0,1
1175650981,FSF,0,0,1
1174733100,FSF,0,0,1
1174913503,FSF,0,0,1
616302336,INT,0,0,1
616307780,INT,0,0,1
617641534,INT,0,0,1
1174812978,FSF,0,0,1
97859473,TWT,0,0,1
616313439,INT,0,0,1
616219934,INT,0,0,1
1127305652,FSF,0,0,1
50055682,TWT,0,0,1
1174743524,FSF,0,0,1
1175003000,FSF,0,0,1
40010436,TWT,0,0,1
617706549,INT,0,0,1
708732794,INT,0,0,1
1175881286,FSF,0,0,1
134332869,TWT,0,0,1
1176175902,FSF,0,0,1
159719768,TWT,0,0,1
616453934,INT,0,0,1
709158032,INT,0,0,1
490713181,TWT,0,0,1
1127828666,FSF,0,0,1
1176422048,FSF,0,0,1
25836383,TWT,0,0,1
616310157,INT,0,0,1
39328305,TWT,0,0,1
616544238,INT,0,0,1
96730829,TWT,0,0,1
1174648296,FSF,0,0,1
1175726604,FSF,0,0,1
619422439,INT,0,0,1
1130123028,FSF,0,0,1
37384589,INT,0,0,1
1124249136,FSF,0,0,1
153921560,TWT,0,0,1
616230346,INT,0,0,1
1174425121,FSF,0,0,1
411288201,TWT,0,0,1
150861478,TWT,0,0,1
617828146,INT,0,0,1
133434448,TWT,0,0,1
1176427063,FSF,0,0,1
620320700,INT,0,0,1
169147207,TWT,0,0,1
616285659,INT,0,0,1
709547976,INT,0,0,1
1125890246,FSF,0,0,1
1127322342,FSF,0,0,1
1174431079,FSF,0,0,1
1129936399,FSF,0,0,1
554590139,TWT,0,0,1
193607094,TWT,0,0,1
617096445,INT,0,0,1
1174514420,FSF,0,0,1
1176384235,FSF,0,0,1
616223167,INT,0,0,1
620753960,INT,0,0,1
1391832212,INT,0,0,1
1174917374,FSF,0,0,1
616235842,INT,0,0,1
395458764,TWT,0,0,1
1176308636,FSF,0,0,1
297255017,TWT,0,0,1
1174341847,FSF,0,0,1
617739091,INT,0,0,1
616232512,INT,0,0,1
616217714,INT,0,0,1
621733211,INT,0,0,1
617692004,INT,0,0,1
1208624760,INT,0,0,1
189015964,TWT,0,0,1
617241478,INT,0,0,1
1174437590,FSF,0,0,1
21706899,TWT,0,0,1
619784136,INT,0,0,1
616299078,INT,0,0,1
105830531,TWT,0,0,1
1174874869,FSF,0,0,1
1098285654,TWT,0,0,1
617557216,INT,0,0,1
1127478085,FSF,0,0,1
617228152,INT,0,0,1
152259498,TWT,0,0,1
617668598,INT,0,0,1
1174580582,FSF,0,0,1
616824681,INT,0,0,1
616206467,INT,0,0,1
57475867,TWT,0,0,1
617060374,INT,0,0,1
1174372298,FSF,0,0,1
617696176,INT,0,0,1
1126958802,FSF,0,0,1
1175038892,FSF,0,0,1
422850440,TWT,0,0,1
619552741,INT,0,0,1
617727291,INT,0,0,1
261931118,TWT,0,0,1
616209703,INT,0,0,1
582554537,TWT,0,0,1
616284642,INT,0,0,1
316402288,TWT,0,0,1
221009412,TWT,0,0,1
1174620793,FSF,0,0,1
1127064612,FSF,0,0,1
580423549,TWT,0,0,1
192269471,TWT,0,0,1
619048475,INT,0,0,1
1175773806,FSF,0,0,1
1174759088,FSF,0,0,1
1176194977,FSF,0,0,1
275881452,TWT,0,0,1
1374103256,INT,0,0,1
616633553,INT,0,0,1
164432890,TWT,0,0,1
1208404442,INT,0,0,1
1386619668,INT,0,0,1
616300149,INT,0,0,1
1208844938,INT,0,0,1
356674188,TWT,0,0,1
616232251,INT,0,0,1
1128629346,FSF,0,0,1
350039038,TWT,0,0,1
51184465,TWT,0,0,1
450179797,TWT,0,0,1
1174656450,FSF,0,0,1
80194139,TWT,0,0,1
616777049,INT,0,0,1
210428729,TWT,0,0,1
1174970576,FSF,0,0,1
617047718,INT,0,0,1
1213479486,INT,0,0,1
1176006872,FSF,0,0,1
1129729476,FSF,0,0,1
617373638,INT,0,0,1
514818877,TWT,0,0,1
1175624556,FSF,0,0,1
140200549,TWT,0,0,1
616220681,INT,0,0,1
616234888,INT,0,0,1
105510200,TWT,0,0,1
1130249922,FSF,0,0,1
1381040010,INT,0,0,1
31776715,TWT,0,0,1
1174644632,FSF,0,0,1
102336226,TWT,0,0,1
1176175699,FSF,0,0,1
362228315,TWT,0,0,1
617284591,INT,0,0,1
244812839,TWT,0,0,1
1175029616,FSF,0,0,1
1125604190,FSF,0,0,1
244254961,TWT,0,0,1
153824393,TWT,0,0,1
1124711090,FSF,0,0,1
100370448,TWT,0,0,1
316585017,TWT,0,0,1
21972434,TWT,0,0,1
618211955,INT,0,0,1
1174436491,FSF,0,0,1
1127484458,FSF,0,0,1
616207079,INT,0,0,1
1176063571,FSF,0,0,1
236623139,TWT,0,0,1
1128764245,FSF,0,0,1
1176220436,FSF,0,0,1
1176184358,FSF,0,0,1
455070011,TWT,0,0,1
1175960761,FSF,0,0,1
616208212,INT,0,0,1
616302786,INT,0,0,1
114099935,TWT,0,0,1
60257479,TWT,0,0,1
1174539534,FSF,0,0,1
616301301,INT,0,0,1
710621238,INT,0,0,1
616227574,INT,0,0,1
618249107,INT,0,0,1
1175825581,FSF,0,0,1
217055469,TWT,0,0,1
616287345,INT,0,0,1
617301783,INT,0,0,1
202886194,TWT,0,0,1
1175931889,FSF,0,0,1
617273229,INT,0,0,1
618277797,INT,0,0,1
619512380,INT,0,0,1
617736822,INT,0,0,1
616709340,INT,0,0,1
33438880,TWT,0,0,1
616228561,INT,0,0,1
616215323,INT,0,0,1
169141228,TWT,0,0,1
1127772061,FSF,0,0,1
1174603392,FSF,0,0,1
617575079,INT,0,0,1
616302333,INT,0,0,1
1175021809,FSF,0,0,1
1207879530,INT,0,0,1
421419585,TWT,0,0,1
259706720,TWT,0,0,1
356172796,TWT,0,0,1
616301361,INT,0,0,1
354306025,TWT,0,0,1
1124407771,FSF,0,0,1
1127183491,FSF,0,0,1
616218776,INT,0,0,1
1174711836,FSF,0,0,1
1174382539,FSF,0,0,1
1208119178,INT,0,0,1
16753788,TWT,0,0,1
1127371730,FSF,0,0,1
616298811,INT,0,0,1
620112188,INT,0,0,1
148151604,TWT,0,0,1
1174554060,FSF,0,0,1
288912572,TWT,0,0,1
1218517542,INT,0,0,1
1175061374,FSF,0,0,1
616223419,INT,0,0,1
468338356,TWT,0,0,1
616308033,INT,0,0,1
709554859,INT,0,0,1
617831397,INT,0,0,1
1175651917,FSF,0,0,1
1174361588,FSF,0,0,1
1130271691,FSF,0,0,1
35959749,TWT,0,0,1
1174696087,FSF,0,0,1
619468845,INT,0,0,1
1175044778,FSF,0,0,1
708676321,INT,0,0,1
1130295176,FSF,0,0,1
1174927723,FSF,0,0,1
1176141625,FSF,0,0,1
616225861,INT,0,0,1
64968114,TWT,0,0,1
616450260,INT,0,0,1
1174444872,FSF,0,0,1
42570158,TWT,0,0,1
1128680906,FSF,0,0,1
1128246877,FSF,0,0,1
1124643068,FSF,0,0,1
622286034,INT,0,0,1
1130458686,FSF,0,0,1
618262473,INT,0,0,1
19951698,TWT,0,0,1
357101224,TWT,0,0,1
1126840332,FSF,0,0,1
1175793452,FSF,0,0,1
1176282888,FSF,0,0,1
616297275,INT,0,0,1
62969150,TWT,0,0,1
616710259,INT,0,0,1
616284570,INT,0,0,1
1174652005,FSF,0,0,1
1174853904,FSF,0,0,1
1174445989,FSF,0,0,1
1174986182,FSF,0,0,1
1175055697,FSF,0,0,1
306215704,TWT,0,0,1
621834892,INT,0,0,1
1176077330,FSF,0,0,1
622572415,INT,0,0,1
616215784,INT,0,0,1
616231795,INT,0,0,1
412025289,TWT,0,0,1
1128650161,FSF,0,0,1
1176247080,FSF,0,0,1
1174982916,FSF,0,0,1
616224313,INT,0,0,1
184849544,TWT,0,0,1
616297320,INT,0,0,1
616306866,INT,0,0,1
475732319,INT,1,1,1
191725589,TWT,0,0,1
1129940900,FSF,0,0,1
1175011819,FSF,0,0,1
571300851,TWT,0,0,1
1127433188,FSF,0,0,1
709094335,INT,0,0,1
1176398449,FSF,0,0,1
1174577899,FSF,0,0,1
1174739257,FSF,0,0,1
122963011,TWT,0,0,1
1126890631,FSF,0,0,1
1128403068,FSF,0,0,1
227650216,TWT,0,0,1
617564443,INT,0,0,1
616891343,INT,0,0,1
616635449,INT,0,0,1
56232036,TWT,0,0,1
617684430,INT,0,0,1
1176308588,FSF,0,0,1
1128251834,FSF,0,0,1
1176275664,FSF,0,0,1
616231564,INT,0,0,1
616437167,INT,0,0,1
1174543622,FSF,0,0,1
183580684,TWT,0,0,1
28222509,TWT,0,0,1
375106107,TWT,0,0,1
168872531,TWT,0,0,1
1175021929,FSF,0,0,1
1174638079,FSF,0,0,1
618803772,INT,0,0,1
1127892150,FSF,0,0,1
1175956076,FSF,0,0,1
509038409,TWT,0,0,1
1128187680,FSF,0,0,1
537276941,TWT,0,0,1
1125979442,FSF,0,0,1
239312585,TWT,0,0,1
616414201,INT,0,0,1
635863952,TWT,0,0,1
1175937997,FSF,0,0,1
1130581675,FSF,0,0,1
617647029,INT,0,0,1
617369459,INT,0,0,1
1174562730,FSF,0,0,1
198414396,TWT,0,0,1
321581818,TWT,0,0,1
1208441712,INT,0,0,1
1129919894,FSF,0,0,1
239732544,TWT,0,0,1
320725572,TWT,0,0,1
620156433,INT,0,0,1
1208662998,INT,0,0,1
1388819528,INT,0,0,1
1130298409,FSF,0,0,1
616328439,INT,0,0,1
616298784,INT,0,0,1
1175718902,FSF,0,0,1
195541103,TWT,0,0,1
278082770,TWT,0,0,1
1127314142,FSF,0,0,1
105748476,TWT,0,0,1
616301049,INT,0,0,1
1128356431,FSF,0,0,1
617359641,INT,0,0,1
1126890798,FSF,0,0,1
122511648,TWT,0,0,1
1174417388,FSF,0,0,1
144748986,TWT,0,0,1
1126950427,FSF,0,0,1
617073588,INT,0,0,1
1174818847,FSF,0,0,1
1128530372,FSF,0,0,1
618153400,INT,0,0,1
239895893,TWT,0,0,1
1175901152,FSF,0,0,1
1209174511,INT,0,0,1
1176197136,FSF,0,0,1
1174407720,FSF,0,0,1
616221044,INT,0,0,1
1130522202,FSF,0,0,1
618928185,INT,0,0,1
258322288,TWT,0,0,1
616579375,INT,0,0,1
616880011,INT,0,0,1
329804273,TWT,0,0,1
1208423114,INT,0,0,1
1175871524,FSF,0,0,1
227811080,TWT,0,0,1
157614264,TWT,0,0,1
1176426272,FSF,0,0,1
616973721,INT,0,0,1
616293207,INT,0,0,1
1174450668,FSF,0,0,1
270442712,TWT,0,0,1
1127582702,FSF,0,0,1
1127400348,FSF,0,0,1
616304112,INT,0,0,1
616224374,INT,0,0,1
617262093,INT,0,0,1
617627840,INT,0,0,1
1127769554,FSF,0,0,1
616224076,INT,0,0,1
95782748,TWT,0,0,1
1122936860,TWT,0,0,1
247979863,TWT,0,0,1
616736089,INT,0,0,1
617430051,INT,0,0,1
1174873122,FSF,0,0,1
616227250,INT,0,0,1
396755498,TWT,0,0,1
1176393222,FSF,0,0,1
1174643767,FSF,0,0,1
237036122,TWT,0,0,1
616207376,INT,0,0,1
1366923541,INT,0,0,1
616221794,INT,0,0,1
73766975,TWT,0,0,1
616227970,INT,0,0,1
375174626,TWT,0,0,1
141394735,TWT,0,0,1
617254082,INT,0,0,1
1130284382,FSF,0,0,1
1175732936,FSF,0,0,1
616231144,INT,0,0,1
1128728185,FSF,0,0,1
616237669,INT,0,0,1
1381459980,INT,0,0,1
622366249,INT,0,0,1
709392979,INT,0,0,1
457013718,TWT,0,0,1
617560837,INT,0,0,1
617392176,INT,0,0,1
1383712140,INT,0,0,1
616354262,INT,0,0,1
1013213588,TWT,0,0,1
1176157068,FSF,0,0,1
617534754,INT,0,0,1
195625268,TWT,0,0,1
1174906022,FSF,0,0,1
1176074503,FSF,0,0,1
1208801689,INT,0,0,1
617096196,INT,0,0,1
382916532,TWT,0,0,1
1127946307,FSF,0,0,1
616319798,INT,0,0,1
154527192,TWT,0,0,1
616206563,INT,0,0,1
616218482,INT,0,0,1
1174352306,FSF,0,0,1
618393696,INT,0,0,1
616300842,INT,0,0,1
616774511,INT,0,0,1
1175064218,FSF,0,0,1
1129477836,FSF,0,0,1
1175918527,FSF,0,0,1
1127034602,FSF,0,0,1
616524118,INT,0,0,1
112188483,TWT,0,0,1
1176263858,FSF,0,0,1
1368097362,INT,0,0,1
158369900,TWT,0,0,1
141886393,TWT,0,0,1
616228429,INT,0,0,1
564015559,TWT,0,0,1
147813988,TWT,0,0,1
616217972,INT,0,0,1
1127587958,FSF,0,0,1
617695825,INT,0,0,1
617315471,INT,0,0,1
1174962156,FSF,0,0,1
563363271,TWT,0,0,1
616230896,INT,0,0,1
616206386,INT,0,0,1
616297983,INT,0,0,1
1175850312,FSF,0,0,1
1176030852,FSF,0,0,1
1175874906,FSF,0,0,1
622255721,INT,0,0,1
240422007,TWT,0,0,1
1373071759,INT,0,0,1
1174429314,FSF,0,0,1
616300515,INT,0,0,1
590916061,TWT,0,0,1
1127015257,FSF,0,0,1
1174425702,FSF,0,0,1
192193390,TWT,0,0,1
254059795,TWT,0,0,1
88517573,TWT,0,0,1
1174472216,FSF,0,0,1
1127114233,FSF,0,0,1
1381069658,INT,0,0,1
1127077592,FSF,0,0,1
1175878608,FSF,0,0,1
1174366058,FSF,0,0,1
1369480706,INT,0,0,1
617396030,INT,0,0,1
616598289,INT,0,0,1
617736616,INT,0,0,1
139270785,TWT,0,0,1
267092571,TWT,0,0,1
1174413146,FSF,0,0,1
1174396562,FSF,0,0,1
1208622896,INT,0,0,1
616212358,INT,0,0,1
523607344,TWT,0,0,1
617429491,INT,0,0,1
198572784,TWT,0,0,1
1128511538,FSF,0,0,1
617373484,INT,0,0,1
617596978,INT,0,0,1
1176318060,FSF,0,0,1
599789901,TWT,0,0,1
717691526,TWT,0,0,1
262867461,TWT,0,0,1
66984417,TWT,0,0,1
1174739790,FSF,0,0,1
616904387,INT,0,0,1
616876048,INT,0,0,1
616382834,INT,0,0,1
1128250548,FSF,0,0,1
1128470257,FSF,0,0,1
1176038917,FSF,0,0,1
1127026316,FSF,0,0,1
1127081611,FSF,0,0,1
616236079,INT,0,0,1
1174994395,FSF,0,0,1
617473160,INT,0,0,1
1174909136,FSF,0,0,1
569994470,TWT,0,0,1
617053599,INT,0,0,1
1175057606,FSF,0,0,1
617772457,INT,0,0,1
616287324,INT,0,0,1
1174338175,FSF,0,0,1
348489687,TWT,0,0,1
616224925,INT,0,0,1
1176186649,FSF,0,0,1
617356028,INT,0,0,1
310445390,TWT,0,0,1
1176337327,FSF,0,0,1
50660716,TWT,0,0,1
708947054,INT,0,0,1
56163699,TWT,0,0,1
1124616192,FSF,0,0,1
83895093,TWT,0,0,1
1174706054,FSF,0,0,1
616613637,INT,0,0,1
1176388351,FSF,0,0,1
619225021,INT,0,0,1
1126439455,FSF,0,0,1
622545293,INT,0,0,1
1174560156,FSF,0,0,1
711678624,INT,0,0,1
1127332626,FSF,0,0,1
96123681,TWT,0,0,1
619411152,INT,0,0,1
1174735315,FSF,0,0,1
616236223,INT,0,0,1
1174510238,FSF,0,0,1
1176129667,FSF,0,0,1
618739511,INT,0,0,1
616684545,INT,0,0,1
616222720,INT,0,0,1
1174991155,FSF,0,0,1
346747046,TWT,0,0,1
616299576,INT,0,0,1
1370501162,INT,0,0,1
616210993,INT,0,0,1
1124453858,FSF,0,0,1
619466144,INT,0,0,1
617451689,INT,0,0,1
1381512248,INT,0,0,1
616217828,INT,0,0,1
616300512,INT,0,0,1
617299004,INT,0,0,1
514736144,TWT,0,0,1
171066133,TWT,0,0,1
620220804,INT,0,0,1
1129326936,FSF,0,0,1
1381246512,INT,0,0,1
1174550876,FSF,0,0,1
619020183,INT,0,0,1
307819895,TWT,0,0,1
616681075,INT,0,0,1
127375715,TWT,0,0,1
1174414464,FSF,0,0,1
1174560212,FSF,0,0,1
435591257,TWT,0,0,1
617818221,INT,0,0,1
1128588481,FSF,0,0,1
209169103,TWT,0,0,1
1127948335,FSF,0,0,1
125514462,TWT,0,0,1
398429222,TWT,0,0,1
619463113,INT,0,0,1
72024595,TWT,0,0,1
1174497528,FSF,0,0,1
616221926,INT,0,0,1
618239464,INT,0,0,1
1124632188,FSF,0,0,1
249011468,TWT,0,0,1
1127324448,FSF,0,0,1
618404984,INT,0,0,1
317330851,TWT,0,0,1
282813691,TWT,0,0,1
77413855,TWT,0,0,1
161085466,TWT,0,0,1
616310832,INT,0,0,1
616908229,INT,0,0,1
1174887464,FSF,0,0,1
1174739436,FSF,0,0,1
617679199,INT,0,0,1
1128517003,FSF,0,0,1
1129895606,FSF,0,0,1
616206664,INT,0,0,1
617784376,INT,0,0,1
616914106,INT,0,0,1
67828913,TWT,0,0,1
30993019,TWT,0,0,1
616225018,INT,0,0,1
616993101,INT,0,0,1
380246735,TWT,0,0,1
1175864395,FSF,0,0,1
1174723886,FSF,0,0,1
265617529,TWT,0,0,1
616714447,INT,0,0,1
135680610,TWT,0,0,1
1130570449,FSF,0,0,1
1174850017,FSF,0,0,1
616222051,INT,0,0,1
1207753332,INT,0,0,1
19230427,TWT,0,0,1
75921800,TWT,0,0,1
1174337233,FSF,0,0,1
1175818194,FSF,0,0,1
1213030910,INT,0,0,1
616385430,INT,0,0,1
616990658,INT,0,0,1
1174379054,FSF,0,0,1
491750411,TWT,0,0,1
617438377,INT,0,0,1
1124264132,FSF,0,0,1
1128822200,FSF,0,0,1
377994769,TWT,0,0,1
921913526,TWT,0,0,1
1175700618,FSF,0,0,1
1176421460,FSF,0,0,1
1174908596,FSF,0,0,1
322334942,TWT,0,0,1
1129040058,FSF,0,0,1
1370681630,INT,0,0,1
1175758454,FSF,0,0,1
1126978626,FSF,0,0,1
1174433768,FSF,0,0,1
616313250,INT,0,0,1
57710065,TWT,0,0,1
198277538,TWT,0,0,1
616206200,INT,0,0,1
1174672777,FSF,0,0,1
216039493,TWT,0,0,1
1030686715,TWT,0,0,1
1175642052,FSF,0,0,1
716470938,INT,0,0,1
616219148,INT,0,0,1
1127771377,FSF,0,0,1
619723557,INT,0,0,1
1174413920,FSF,0,0,1
1174739780,FSF,0,0,1
253239439,TWT,0,0,1
764770615,TWT,0,0,1
1176277519,FSF,0,0,1
1367040230,INT,0,0,1
1208650584,INT,0,0,1
616544491,INT,0,0,1
616341300,INT,0,0,1
1127029874,FSF,0,0,1
322560937,TWT,0,0,1
1130539062,FSF,0,0,1
1174679323,FSF,0,0,1
171990690,TWT,0,0,1
349392750,INT,0,0,1
172164229,TWT,0,0,1
189211293,TWT,0,0,1
1174905187,FSF,0,0,1
48109055,TWT,0,0,1
1176325658,FSF,0,0,1
1175819569,FSF,0,0,1
616218845,INT,0,0,1
619727032,INT,0,0,1
617733611,INT,0,0,1
617446883,INT,0,0,1
712468867,INT,0,0,1
96882337,TWT,0,0,1
1176259471,FSF,0,0,1
110875970,TWT,0,0,1
973256785,TWT,0,0,1
616227352,INT,0,0,1
1128361064,FSF,0,0,1
1174665463,FSF,0,0,1
1176329180,FSF,0,0,1
1127056663,FSF,0,0,1
713127517,INT,0,0,1
77668831,TWT,0,0,1
1175963882,FSF,0,0,1
1174349246,FSF,0,0,1
156242211,TWT,0,0,1
1127067181,FSF,0,0,1
616998587,INT,0,0,1
124419079,TWT,0,0,1
617821602,INT,0,0,1
618887115,INT,0,0,1
1176104192,FSF,0,0,1
1127315730,FSF,0,0,1
616632879,INT,0,0,1
257278802,TWT,0,0,1
47497854,TWT,0,0,1
135555380,TWT,0,0,1
199843531,TWT,0,0,1
616424372,INT,0,0,1
1174754300,FSF,0,0,1
1130305728,FSF,0,0,1
1130518314,FSF,0,0,1
1174642170,FSF,0,0,1
1127302868,FSF,0,0,1
1175990276,FSF,0,0,1
616235848,INT,0,0,1
1128300438,FSF,0,0,1
1176219258,FSF,0,0,1
157769562,TWT,0,0,1
546818678,TWT,0,0,1
1174619377,FSF,0,0,1
616228258,INT,0,0,1
475549626,TWT,0,0,1
617578990,INT,0,0,1
617034173,INT,0,0,1
1174414201,FSF,0,0,1
1174322688,FSF,0,0,1
616804331,INT,0,0,1
1205024066,INT,0,0,1
618195959,INT,0,0,1
164239619,TWT,0,0,1
1174924308,FSF,0,0,1
1129950846,FSF,0,0,1
1127042088,FSF,0,0,1
380597201,TWT,0,0,1
1175690418,FSF,0,0,1
617389950,INT,0,0,1
1127389794,FSF,0,0,1
1127687125,FSF,0,0,1
617539440,INT,0,0,1
55197144,TWT,0,0,1
1130064529,FSF,0,0,1
616229203,INT,0,0,1
1176344048,FSF,0,0,1
616299531,INT,0,0,1
544805302,TWT,0,0,1
128278995,TWT,0,0,1
1176380456,FSF,0,0,1
617742720,INT,0,0,1
618186707,INT,0,0,1
229906054,TWT,0,0,1
619418083,INT,0,0,1
616308894,INT,0,0,1
616920480,INT,0,0,1
1174771632,FSF,0,0,1
1175031572,FSF,0,0,1
292533078,TWT,0,0,1
420200172,TWT,0,0,1
616977419,INT,0,0,1
182071638,TWT,0,0,1
616730427,INT,0,0,1
1126130328,FSF,0,0,1
617214370,INT,0,0,1
55639200,TWT,0,0,1
250216358,TWT,0,0,1
1175940716,FSF,0,0,1
1175015820,FSF,0,0,1
617721359,INT,0,0,1
1176246091,FSF,0,0,1
1023549769,TWT,0,0,1
616217345,INT,0,0,1
1174434985,FSF,0,0,1
1175830736,FSF,0,0,1
616250278,INT,0,0,1
616903526,INT,0,0,1
616235338,INT,0,0,1
1127809698,FSF,0,0,1
1176100699,FSF,0,0,1
617830441,INT,0,0,1
1130207582,FSF,0,0,1
616231585,INT,0,0,1
1127942606,FSF,0,0,1
1174971644,FSF,0,0,1
1175681424,FSF,0,0,1
617011109,INT,0,0,1
1208952572,INT,0,0,1
1208689016,INT,0,0,1
618529778,INT,0,0,1
617299578,INT,0,0,1
301529735,TWT,0,0,1
355843642,TWT,0,0,1
616757321,INT,0,0,1
619472899,INT,0,0,1
120957631,TWT,0,0,1
1174946815,FSF,0,0,1
617758824,INT,0,0,1
616226596,INT,0,0,1
1174443134,FSF,0,0,1
616230506,INT,0,0,1
617690311,INT,0,0,1
620598613,INT,0,0,1
224567425,TWT,0,0,1
1174768531,FSF,0,0,1
1175011722,FSF,0,0,1
144038714,TWT,0,0,1
618752804,INT,0,0,1
616627945,INT,0,0,1
617020884,INT,0,0,1
616222864,INT,0,0,1
1176214640,FSF,0,0,1
616308801,INT,0,0,1
1125962952,FSF,0,0,1
1176040076,FSF,0,0,1
1174398458,FSF,0,0,1
617510269,INT,0,0,1
1176381348,FSF,0,0,1
448310199,TWT,0,0,1
338107834,TWT,0,0,1
616322025,INT,0,0,1
1176314646,FSF,0,0,1
1174638181,FSF,0,0,1
289531155,TWT,0,0,1
214998068,TWT,0,0,1
1369749661,INT,0,0,1
1175614022,FSF,0,0,1
1174832804,FSF,0,0,1
101892747,TWT,0,0,1
951793016,TWT,0,0,1
616841344,INT,0,0,1
555263333,TWT,0,0,1
1129813304,FSF,0,0,1
966110664,TWT,0,0,1
616596310,INT,0,0,1
1127025932,FSF,0,0,1
616226164,INT,0,0,1
1208037522,INT,0,0,1
617490522,INT,0,0,1
1175834918,FSF,0,0,1
616263295,INT,0,0,1
254545789,TWT,0,0,1
1176258824,FSF,0,0,1
1174631851,FSF,0,0,1
347430365,TWT,0,0,1
1174399688,FSF,0,0,1
1176394070,FSF,0,0,1
217230913,TWT,0,0,1
616989279,INT,0,0,1
618249287,INT,0,0,1
618945206,INT,0,0,1
45954898,TWT,0,0,1
620519953,INT,0,0,1
1174330976,FSF,0,0,1
616302783,INT,0,0,1
1176217807,FSF,0,0,1
1127000612,FSF,0,0,1
617597399,INT,0,0,1
1174357490,FSF,0,0,1
39321660,TWT,0,0,1
1174577719,FSF,0,0,1
1205093317,INT,0,0,1
250231381,TWT,0,0,1
616206143,INT,0,0,1
1128012338,FSF,0,0,1
1124613985,FSF,0,0,1
1174706798,FSF,0,0,1
190796770,TWT,0,0,1
616301904,INT,0,0,1
617020095,INT,0,0,1
621364003,INT,0,0,1
116265574,TWT,0,0,1
1175982799,FSF,0,0,1
277203011,TWT,0,0,1
263925079,TWT,0,0,1
1128263910,FSF,0,0,1
67856562,TWT,0,0,1
616853412,INT,0,0,1
255195150,TWT,0,0,1
616224547,INT,0,0,1
563914220,TWT,0,0,1
619664425,INT,0,0,1
616455360,INT,0,0,1
616772277,INT,0,0,1
588962156,TWT,0,0,1
1218559916,INT,0,0,1
1127159532,FSF,0,0,1
620515439,INT,0,0,1
303469076,TWT,0,0,1
617633344,INT,0,0,1
1175612930,FSF,0,0,1
617679830,INT,0,0,1
617294403,INT,0,0,1
1176363709,FSF,0,0,1
616225051,INT,0,0,1
550717230,TWT,0,0,1
1366784677,INT,0,0,1
620111964,INT,0,0,1
1126916953,FSF,0,0,1
1129894363,FSF,0,0,1
233145356,TWT,0,0,1
80479674,TWT,0,0,1
1174983931,FSF,0,0,1
1176039984,FSF,0,0,1
618853944,INT,0,0,1
1213131912,INT,0,0,1
487650514,TWT,0,0,1
265551997,TWT,0,0,1
617859996,INT,0,0,1
1174438993,FSF,0,0,1
119227710,TWT,0,0,1
1129034947,FSF,0,0,1
617029885,INT,0,0,1
618500176,INT,0,0,1
1174345260,FSF,0,0,1
630700348,TWT,0,0,1
1175968452,FSF,0,0,1
1130321509,FSF,0,0,1
715004359,INT,0,0,1
616221752,INT,0,0,1
1281271908,TWT,0,0,1
250970687,TWT,0,0,1
315492745,TWT,0,0,1
1174420404,FSF,0,0,1
1175699864,FSF,0,0,1
1174872906,FSF,0,0,1
1127105233,FSF,0,0,1
346754293,TWT,0,0,1
1174679113,FSF,0,0,1
616235260,INT,0,0,1
1175593494,FSF,0,0,1
112200531,TWT,0,0,1
1127036438,FSF,0,0,1
548300100,TWT,0,0,1
621962667,INT,0,0,1
616299144,INT,0,0,1
1174707146,FSF,0,0,1
229243865,TWT,0,0,1
617021605,INT,0,0,1
1176026473,FSF,0,0,1
1175755050,FSF,0,0,1
616726886,INT,0,0,1
1128530996,FSF,0,0,1
616381786,INT,0,0,1
1175654954,FSF,0,0,1
1174981094,FSF,0,0,1
1176218598,FSF,0,0,1
616873653,INT,0,0,1
1127286650,FSF,0,0,1
616221239,INT,0,0,1
617629634,INT,0,0,1
617234497,INT,0,0,1
279388955,TWT,0,0,1
214549887,TWT,0,0,1
145022907,TWT,0,0,1
148896431,TWT,0,0,1
618758991,INT,0,0,1
709713920,INT,0,0,1
711117829,INT,0,0,1
617695084,INT,0,0,1
423342037,TWT,0,0,1
1208394786,INT,0,0,1
1127733422,FSF,0,0,1
295202314,TWT,0,0,1
616231654,INT,0,0,1
1129972454,FSF,0,0,1
1175762274,FSF,0,0,1
1174552537,FSF,0,0,1
616980013,INT,0,0,1
1127373948,FSF,0,0,1
1212870672,INT,0,0,1
616806334,INT,0,0,1
710176700,INT,0,0,1
616300671,INT,0,0,1
617105824,INT,0,0,1
1130227346,FSF,0,0,1
170144297,TWT,0,0,1
38021637,TWT,0,0,1
617396809,INT,0,0,1
55962452,TWT,0,0,1
260440734,TWT,0,0,1
1174619839,FSF,0,0,1
617461581,INT,0,0,1
611238815,TWT,0,0,1
1174763443,FSF,0,0,1
1128635107,FSF,0,0,1
616256389,INT,0,0,1
1127844894,FSF,0,0,1
169474438,TWT,0,0,1
108061353,TWT,0,0,1
123952912,TWT,0,0,1
616891504,INT,0,0,1
1174367996,FSF,0,0,1
1124459342,FSF,0,0,1
616228510,INT,0,0,1
616386285,INT,0,0,1
1205108125,INT,0,0,1
1213170564,INT,0,0,1
1175897192,FSF,0,0,1
1176372842,FSF,0,0,1
617813940,INT,0,0,1
616616287,INT,0,0,1
716465820,INT,0,0,1
616361034,INT,0,0,1
616229482,INT,0,0,1
1174699399,FSF,0,0,1
1130268866,FSF,0,0,1
1128379118,FSF,0,0,1
616246319,INT,0,0,1
622589126,INT,0,0,1
619187098,INT,0,0,1
1175597359,FSF,0,0,1
254839933,TWT,0,0,1
1175669130,FSF,0,0,1
1174724869,FSF,0,0,1
616805636,INT,0,0,1
616217867,INT,0,0,1
616232503,INT,0,0,1
1175035327,FSF,0,0,1
622111989,INT,0,0,1
1175672016,FSF,0,0,1
1174431032,FSF,0,0,1
79860976,TWT,0,0,1
616231565,INT,0,0,1
91781300,TWT,0,0,1
616211512,INT,0,0,1
1174743122,FSF,0,0,1
616229068,INT,0,0,1
186476710,TWT,0,0,1
1174331114,FSF,0,0,1
620474586,INT,0,0,1
566429313,TWT,0,0,1
616232782,INT,0,0,1
617859807,INT,0,0,1
241289593,TWT,0,0,1
1176131065,FSF,0,0,1
259396381,TWT,0,0,1
96487747,TWT,0,0,1
1128339972,FSF,0,0,1
735242102,TWT,0,0,1
989855300,TWT,0,0,1
909766628,TWT,0,0,1
617303057,INT,0,0,1
79749293,TWT,0,0,1
145602813,TWT,0,0,1
616792194,INT,0,0,1
616206626,INT,0,0,1
1130158777,FSF,0,0,1
1175670450,FSF,0,0,1
1174549280,FSF,0,0,1
357756459,TWT,0,0,1
88563527,TWT,0,0,1
69412978,TWT,0,0,1
616305351,INT,0,0,1
1176248545,FSF,0,0,1
616217255,INT,0,0,1
252818860,TWT,0,0,1
1130283200,FSF,0,0,1
626820204,TWT,0,0,1
716803351,INT,0,0,1
1127064944,FSF,0,0,1
1127688234,FSF,0,0,1
619231739,INT,0,0,1
1176405830,FSF,0,0,1
616893835,INT,0,0,1
617584099,INT,0,0,1
318156874,TWT,0,0,1
1381744988,INT,0,0,1
64110707,TWT,0,0,1
616225156,INT,0,0,1
617916495,INT,0,0,1
1130549228,FSF,0,0,1
1176247873,FSF,0,0,1
619976364,INT,0,0,1
616897643,INT,0,0,1
343814415,TWT,0,0,1
1175663832,FSF,0,0,1
1213492392,INT,0,0,1
620421877,INT,0,0,1
115443974,TWT,0,0,1
1174644924,FSF,0,0,1
616298739,INT,0,0,1
616684038,INT,0,0,1
622329814,INT,0,0,1
616298898,INT,0,0,1
617617831,INT,0,0,1
1129076226,FSF,0,0,1
1128223321,FSF,0,0,1
1127849112,FSF,0,0,1
617087922,INT,0,0,1
196198266,TWT,0,0,1
246498796,TWT,0,0,1
620332636,INT,0,0,1
1129914116,FSF,0,0,1
534488325,TWT,0,0,1
127423382,TWT,0,0,1
1127080364,FSF,0,0,1
616222247,INT,0,0,1
616296954,INT,0,0,1
244447055,TWT,0,0,1
184821868,TWT,0,0,1
1174734559,FSF,0,0,1
1176270469,FSF,0,0,1
1174959522,FSF,0,0,1
106193762,TWT,0,0,1
616401471,INT,0,0,1
616300830,INT,0,0,1
349979518,TWT,0,0,1
48336195,TWT,0,0,1
617342501,INT,0,0,1
1176132600,FSF,0,0,1
120459203,TWT,0,0,1
344796697,TWT,0,0,1
617316416,INT,0,0,1
619613905,INT,0,0,1
616764807,INT,0,0,1
89225998,TWT,0,0,1
1208435030,INT,0,0,1
1176335570,FSF,0,0,1
622736222,INT,0,0,1
616206769,INT,0,0,1
1174719445,FSF,0,0,1
176506844,TWT,0,0,1
1174725366,FSF,0,0,1
622375535,INT,0,0,1
616220383,INT,0,0,1
616309005,INT,0,0,1
616807239,INT,0,0,1
616550352,INT,0,0,1
616304133,INT,0,0,1
616224959,INT,0,0,1
99469213,TWT,0,0,1
383379752,TWT,0,0,1
1130266422,FSF,0,0,1
616212964,INT,0,0,1
72849399,TWT,0,0,1
616685497,INT,0,0,1
616301763,INT,0,0,1
1130234461,FSF,0,0,1
616223195,INT,0,0,1
616219253,INT,0,0,1
616221350,INT,0,0,1
616312653,INT,0,0,1
197659647,TWT,0,0,1
1175869250,FSF,0,0,1
621502353,INT,0,0,1
616298418,INT,0,0,1
142876983,TWT,0,0,1
616289460,INT,0,0,1
617450488,INT,0,0,1
1174688940,FSF,0,0,1
1176278306,FSF,0,0,1
620518627,INT,0,0,1
616219193,INT,0,0,1
1176291828,FSF,0,0,1
368596513,TWT,0,0,1
282715534,TWT,0,0,1
1129948556,FSF,0,0,1
1175816443,FSF,0,0,1
82885728,INT,0,0,1
1205078954,INT,0,0,1
616298625,INT,0,0,1
1174601928,FSF,0,0,1
1128581702,FSF,0,0,1
1127094674,FSF,0,0,1
415627855,TWT,0,0,1
299114435,TWT,0,0,1
617007034,INT,0,0,1
300387928,TWT,0,0,1
617639339,INT,0,0,1
616400521,INT,0,0,1
1391378610,INT,0,0,1
136277724,TWT,0,0,1
619586346,INT,0,0,1
617541822,INT,0,0,1
104850934,TWT,0,0,1
617821434,INT,0,0,1
617198204,INT,0,0,1
161291774,TWT,0,0,1
616594567,INT,0,0,1
1128096152,FSF,0,0,1
618469145,INT,0,0,1
617341446,INT,0,0,1
215878258,TWT,0,0,1
616301994,INT,0,0,1
1124348202,FSF,0,0,1
1174632889,FSF,0,0,1
616297401,INT,0,0,1
1176225534,FSF,0,0,1
616229767,INT,0,0,1
1174352293,FSF,0,0,1
89799649,TWT,0,0,1
1175671008,FSF,0,0,1
616303596,INT,0,0,1
1176056719,FSF,0,0,1
1175995525,FSF,0,0,1
616916922,INT,0,0,1
616205123,INT,0,0,1
1174402488,FSF,0,0,1
616225009,INT,0,0,1
113971880,TWT,0,0,1
616641964,INT,0,0,1
442773631,TWT,0,0,1
616972396,INT,0,0,1
617343116,INT,0,0,1
344217570,TWT,0,0,1
1175933034,FSF,0,0,1
1174534844,FSF,0,0,1
319802566,TWT,0,0,1
617128626,INT,0,0,1
616538559,INT,0,0,1
