id,dataset,classification
3610511,E13,human
5656162,E13,human
5682702,E13,human
6067292,E13,human
6015122,E13,human
6140012,E13,human
6134312,E13,human
6684602,E13,human
7046912,E13,human
7470952,E13,human
8072492,E13,human
8291932,E13,human
8858022,E13,human
8927532,E13,human
8933252,E13,human
9351052,E13,human
9564632,E13,human
9939012,E13,human
9993142,E13,human
10492262,E13,human
11176152,E13,human
13260592,E13,human
14057516,E13,human
14112759,E13,human
14492555,E13,human
14709812,E13,human
14865840,E13,human
14958182,E13,human
15016610,E13,human
15271419,E13,human
15391421,E13,human
15836275,E13,human
15873303,E13,human
16093829,E13,human
16591972,E13,human
16927266,E13,human
17654864,E13,bot
17852114,E13,human
18173213,E13,human
18527544,E13,human
18671285,E13,human
18735790,E13,human
18800245,E13,human
19598248,E13,human
21102000,E13,human
21770069,E13,human
22015750,E13,human
22136015,E13,human
22203964,E13,human
22508731,E13,human
22627606,E13,bot
22985259,E13,human
23748269,E13,human
23847948,E13,human
24352106,E13,human
24510304,E13,human
25442408,E13,human
25911628,E13,human
26232444,E13,bot
26771352,E13,human
27241975,E13,human
27422705,E13,human
27636956,E13,human
27887098,E13,human
28313453,E13,human
28342883,E13,human
28363979,E13,human
28845598,E13,human
29500667,E13,human
29510629,E13,human
29646177,E13,human
30062603,E13,human
31102741,E13,human
31162918,E13,human
32025215,E13,human
32130104,E13,human
32204918,E13,human
33950570,E13,human
34355343,E13,human
34897604,E13,human
35737313,E13,human
36190135,E13,human
36381609,E13,human
36727238,E13,human
37539436,E13,human
37733715,E13,human
37889070,E13,human
37922072,E13,human
38002859,E13,human
38223194,E13,human
38730407,E13,human
38972677,E13,human
39721490,E13,human
39748948,E13,human
41780152,E13,human
41785738,E13,human
42676920,E13,human
42754744,E13,human
43069058,E13,human
43870029,E13,human
43964510,E13,human
44042861,E13,human
44335261,E13,human
44451302,E13,human
45100798,E13,human
45307775,E13,human
45529357,E13,human
45778279,E13,human
46137662,E13,human
46334699,E13,human
47612213,E13,human
48034707,E13,human
48182327,E13,human
48652450,E13,human
48989220,E13,human
49044510,E13,human
49319803,E13,human
49341424,E13,human
49934607,E13,human
49977491,E13,human
50571065,E13,human
50585331,E13,human
50589337,E13,human
50598277,E13,human
50619779,E13,human
50972738,E13,human
51005435,E13,bot
51015996,E13,human
51037293,E13,human
51150318,E13,human
51738765,E13,human
51780170,E13,human
52157135,E13,human
53025684,E13,human
53027768,E13,human
53621838,E13,human
54556442,E13,human
54691030,E13,human
54864334,E13,human
54867711,E13,human
54911584,E13,human
55550359,E13,human
55590832,E13,human
55819049,E13,human
56326516,E13,human
56345134,E13,human
56466070,E13,human
56662794,E13,bot
56706947,E13,human
56966762,E13,human
57365720,E13,human
57928664,E13,human
59083826,E13,human
59402800,E13,human
60508255,E13,human
61198155,E13,human
61452320,E13,human
61513445,E13,human
61794519,E13,human
62017536,E13,human
62364690,E13,human
63517006,E13,human
63822625,E13,human
64967572,E13,human
66092090,E13,human
67002064,E13,human
67006908,E13,human
69654626,E13,bot
69843045,E13,human
69892452,E13,human
70735118,E13,human
71295474,E13,human
71336448,E13,human
71366031,E13,human
71495570,E13,human
71522541,E13,human
71582266,E13,human
72149178,E13,human
72314987,E13,human
72816504,E13,human
72890647,E13,human
72967193,E13,human
73627373,E13,human
73799359,E13,human
74147053,E13,human
74156552,E13,human
74486653,E13,human
74544145,E13,human
75270480,E13,human
75320990,E13,human
75386921,E13,human
75522479,E13,human
75777355,E13,human
76286424,E13,human
76982240,E13,human
77165019,E13,human
77243029,E13,human
77528520,E13,human
78116487,E13,human
78719596,E13,bot
80000814,E13,human
81056258,E13,human
81218261,E13,human
81239268,E13,human
81352611,E13,human
81592426,E13,human
81680710,E13,human
81915249,E13,human
82068999,E13,human
82324675,E13,human
82837121,E13,human
83087554,E13,human
83236897,E13,human
83338869,E13,human
83581269,E13,human
84114885,E13,human
84214494,E13,human
84426046,E13,human
84561646,E13,human
84596057,E13,human
85184915,E13,human
85305729,E13,human
85391583,E13,human
85637186,E13,human
85668015,E13,human
85866409,E13,human
86036102,E13,human
86353404,E13,bot
86525417,E13,human
86561552,E13,human
86612717,E13,human
86741673,E13,human
86981924,E13,bot
87654715,E13,human
88528666,E13,human
89237976,E13,human
89734891,E13,human
91303893,E13,human
92225723,E13,human
92403540,E13,human
93259719,E13,human
93648877,E13,human
94841494,E13,human
95008519,E13,human
95243555,E13,human
95452901,E13,human
96338067,E13,human
96586973,E13,human
98481107,E13,human
98913291,E13,bot
100459808,E13,human
100996879,E13,human
101503282,E13,human
102422355,E13,bot
102760709,E13,human
103055195,E13,human
103304208,E13,human
104235671,E13,human
104566770,E13,human
104754590,E13,human
104770020,E13,human
104775098,E13,human
104818930,E13,human
104897833,E13,human
105128951,E13,human
105429377,E13,human
105496654,E13,human
106456147,E13,human
107216254,E13,human
107421428,E13,human
107990833,E13,human
108148833,E13,human
108557681,E13,human
109079114,E13,human
110273768,E13,human
110439086,E13,human
110942781,E13,human
111354131,E13,human
111924058,E13,human
112745297,E13,human
113487244,E13,human
113746083,E13,human
114467204,E13,human
114541436,E13,human
115340992,E13,human
115349856,E13,human
115955798,E13,human
116190007,E13,human
116538160,E13,human
117463248,E13,human
117708359,E13,human
117755159,E13,human
118024286,E13,human
118339229,E13,human
118898139,E13,human
119065059,E13,human
123582130,E13,human
123912727,E13,human
124439362,E13,bot
124578978,E13,human
125088832,E13,human
126727689,E13,human
126737626,E13,human
128587032,E13,human
129214047,E13,human
129586152,E13,human
130766020,E13,human
131435310,E13,human
132104173,E13,human
132128902,E13,human
132182052,E13,bot
132621562,E13,bot
132888488,E13,human
132983450,E13,human
133447001,E13,human
134526134,E13,human
134803800,E13,human
135111235,E13,human
135248338,E13,human
135441917,E13,human
135525784,E13,human
135894129,E13,human
136622745,E13,human
136692380,E13,human
137390297,E13,human
138322603,E13,human
138438793,E13,human
138529938,E13,human
138867555,E13,human
140030010,E13,human
140191830,E13,human
140410819,E13,human
141669233,E13,human
142238323,E13,human
142335653,E13,human
143990497,E13,human
144207876,E13,human
144305807,E13,human
145748083,E13,human
146093361,E13,human
148536610,E13,human
149278846,E13,human
150026364,E13,human
150307637,E13,human
150983977,E13,human
151590831,E13,human
151602547,E13,human
151832482,E13,human
153094652,E13,human
153324815,E13,human
154267358,E13,human
154624409,E13,human
155845161,E13,human
157290467,E13,human
158859711,E13,human
159923003,E13,human
159931202,E13,bot
160466484,E13,human
160883386,E13,human
161612145,E13,human
161845690,E13,human
163025432,E13,human
163354973,E13,human
163425928,E13,human
163932767,E13,human
164074870,E13,human
165042220,E13,human
165751518,E13,human
166094049,E13,human
168422352,E13,human
168761446,E13,human
170352080,E13,human
170384943,E13,human
170642321,E13,human
170649757,E13,bot
170745775,E13,human
171422343,E13,human
173006814,E13,human
173164569,E13,human
173662542,E13,human
173788566,E13,human
174747861,E13,human
174762418,E13,human
176362396,E13,human
178507135,E13,human
181191549,E13,human
181477746,E13,human
182342223,E13,human
183148817,E13,human
183149280,E13,human
183201799,E13,human
183559621,E13,human
184102704,E13,human
184812764,E13,human
185390609,E13,human
187185454,E13,human
187491410,E13,human
189179659,E13,human
189263728,E13,human
190225727,E13,human
190569663,E13,human
190591610,E13,human
191391803,E13,human
191781461,E13,human
193657123,E13,human
193786482,E13,human
194232740,E13,human
194896850,E13,human
195322597,E13,human
195413637,E13,human
196514953,E13,human
196852073,E13,human
197027748,E13,human
197336556,E13,human
197347453,E13,human
198136015,E13,human
198196003,E13,human
198418075,E13,human
198678682,E13,human
199147059,E13,bot
199597851,E13,human
200293129,E13,human
200482073,E13,human
201012406,E13,human
202244649,E13,human
202555952,E13,human
203107523,E13,human
204299339,E13,human
204480603,E13,human
206615715,E13,human
209128079,E13,human
209559462,E13,human
209733883,E13,human
210459173,E13,human
210483287,E13,human
210514893,E13,human
211487690,E13,human
211904475,E13,human
212175167,E13,human
212292079,E13,human
212724606,E13,human
212953427,E13,human
213061611,E13,human
215216086,E13,human
216361529,E13,human
216790973,E13,human
217350735,E13,human
218071279,E13,human
218092490,E13,human
219346690,E13,human
219617010,E13,human
221173559,E13,human
221690177,E13,human
221742699,E13,human
223533298,E13,human
223840972,E13,human
225045616,E13,human
225323618,E13,human
226197498,E13,human
226964193,E13,human
227817668,E13,bot
228056042,E13,human
228306355,E13,human
228708687,E13,human
229298733,E13,human
229758375,E13,human
231058132,E13,human
231377654,E13,human
232560751,E13,human
233245609,E13,human
233287464,E13,human
234715592,E13,human
235303172,E13,human
237747438,E13,human
238107344,E13,human
240346934,E13,human
242064566,E13,human
242123621,E13,human
242301103,E13,human
242319331,E13,bot
242341704,E13,human
243891976,E13,human
244625605,E13,human
245306807,E13,human
245430145,E13,human
245953131,E13,human
245970658,E13,human
246208736,E13,human
246886628,E13,human
249122012,E13,human
249692862,E13,human
250171190,E13,human
250842076,E13,human
250851165,E13,human
251313896,E13,human
251500925,E13,human
252516822,E13,human
252686122,E13,human
253281330,E13,human
254558097,E13,human
255656786,E13,human
256598881,E13,human
256689270,E13,human
257399906,E13,human
258762800,E13,human
259160079,E13,human
259428725,E13,human
259773527,E13,human
259894552,E13,human
259934562,E13,human
260636096,E13,human
260693820,E13,human
261223538,E13,human
262100774,E13,human
262165317,E13,human
262199092,E13,human
262235136,E13,human
262328083,E13,human
262898875,E13,human
263278290,E13,human
264333523,E13,human
264801154,E13,human
265419912,E13,human
265529493,E13,human
268773741,E13,human
269535022,E13,human
270472440,E13,human
271032827,E13,bot
272876921,E13,human
273686840,E13,human
274536794,E13,human
279139861,E13,human
279147035,E13,human
279211405,E13,human
279461605,E13,human
279557700,E13,human
279644158,E13,human
282738890,E13,bot
283521316,E13,human
283906965,E13,human
284481700,E13,human
284657297,E13,human
285724171,E13,human
286790717,E13,human
286798567,E13,human
287557719,E13,human
288148846,E13,human
288798453,E13,bot
289859824,E13,human
290723075,E13,human
290734286,E13,human
291290779,E13,human
291314239,E13,human
291403211,E13,human
292565648,E13,human
292577710,E13,bot
292912980,E13,human
293394867,E13,human
295168932,E13,human
295788103,E13,human
295961505,E13,human
296876973,E13,human
296999433,E13,human
298018338,E13,human
298459779,E13,human
298489056,E13,human
299837277,E13,human
299837762,E13,human
300796010,E13,human
300838107,E13,human
302114763,E13,human
305386550,E13,human
305553835,E13,human
305551682,E13,human
307790129,E13,human
308151060,E13,human
308672071,E13,human
309800578,E13,human
310250028,E13,human
310401703,E13,bot
310496499,E13,human
311394394,E13,human
311505461,E13,human
314030119,E13,human
314922007,E13,human
315436528,E13,human
318661130,E13,human
319054277,E13,human
319091474,E13,human
320880780,E13,human
321266890,E13,human
321281383,E13,human
321425967,E13,human
322587980,E13,human
323379897,E13,human
323809354,E13,human
323937090,E13,human
324440293,E13,human
325551297,E13,human
326054560,E13,human
327397233,E13,human
327510902,E13,human
329008715,E13,bot
329103684,E13,human
330202919,E13,human
330327779,E13,human
331312863,E13,human
331875962,E13,human
332389973,E13,human
332699729,E13,human
335208230,E13,human
335832794,E13,human
335837698,E13,human
336406661,E13,human
337161930,E13,human
338284756,E13,bot
339058002,E13,human
340346783,E13,human
340364061,E13,human
340396112,E13,bot
340951450,E13,human
341339579,E13,human
343307517,E13,human
343473585,E13,human
344525772,E13,human
346829273,E13,human
347274232,E13,human
348430064,E13,human
348981732,E13,human
349204176,E13,human
349626625,E13,human
349929809,E13,human
350160058,E13,human
350244854,E13,human
350791585,E13,human
351555225,E13,human
353011489,E13,human
353768504,E13,human
354796858,E13,human
354818247,E13,human
355600495,E13,human
357129429,E13,human
358733502,E13,bot
359926634,E13,human
360547500,E13,human
361097511,E13,human
361746019,E13,human
361784332,E13,human
362993719,E13,bot
363251033,E13,human
363830865,E13,human
364111442,E13,human
364277230,E13,human
364323869,E13,human
364776732,E13,human
364805437,E13,human
364851614,E13,human
365372541,E13,human
365383515,E13,human
365440652,E13,human
365622635,E13,human
365665311,E13,human
366116632,E13,human
367240411,E13,human
368540321,E13,bot
368579486,E13,human
369537903,E13,human
370193929,E13,human
370625229,E13,human
370850929,E13,human
373579998,E13,human
373947833,E13,human
374062715,E13,human
374488191,E13,human
375209946,E13,human
376425777,E13,human
376677633,E13,human
376705770,E13,human
377304816,E13,human
377389027,E13,human
377914761,E13,human
378009515,E13,bot
379114417,E13,human
379260334,E13,human
380015773,E13,human
380172348,E13,human
380319760,E13,human
381030516,E13,human
381666513,E13,human
381950248,E13,human
381960133,E13,human
382178634,E13,human
382271109,E13,human
383292062,E13,human
383387954,E13,human
383825758,E13,human
384753006,E13,human
384932218,E13,human
385868840,E13,human
386034126,E13,human
386779723,E13,human
387718926,E13,human
387971079,E13,human
388348486,E13,human
388842116,E13,human
389400082,E13,human
389652102,E13,human
389715862,E13,human
390428793,E13,human
390730174,E13,bot
390759955,E13,human
390972554,E13,human
391362651,E13,human
391526633,E13,human
391572279,E13,human
391614396,E13,bot
391924068,E13,human
392210280,E13,human
392247237,E13,human
392676979,E13,human
393628023,E13,human
393980520,E13,human
394004577,E13,human
394007331,E13,human
394217175,E13,human
394233142,E13,human
394628127,E13,human
394726610,E13,human
394814291,E13,human
395014721,E13,human
396173375,E13,bot
396462550,E13,human
396515695,E13,human
396618509,E13,human
396625283,E13,human
396796142,E13,human
396898731,E13,human
396900261,E13,human
397236414,E13,bot
397320325,E13,human
397324373,E13,human
397534181,E13,human
397629967,E13,human
398090733,E13,human
398442529,E13,human
399484359,E13,bot
399572723,E13,human
400300086,E13,human
400546232,E13,human
400748069,E13,human
401423776,E13,human
401502696,E13,human
402866477,E13,human
402955893,E13,bot
402979897,E13,human
403461794,E13,bot
403766373,E13,human
404069171,E13,human
404987270,E13,human
405035087,E13,human
405140479,E13,human
405418046,E13,human
405574548,E13,human
406165467,E13,human
406162937,E13,human
406907214,E13,human
406962616,E13,human
407024811,E13,human
407101499,E13,human
407689676,E13,human
407844335,E13,human
407964674,E13,human
408087080,E13,human
408348854,E13,human
408466988,E13,human
409118790,E13,human
410044683,E13,human
410719897,E13,human
410941537,E13,human
411386883,E13,human
411410885,E13,human
412112516,E13,human
412145728,E13,human
412240393,E13,human
412325725,E13,human
412601262,E13,human
413233876,E13,human
413255529,E13,human
413269532,E13,human
413296140,E13,human
413332388,E13,human
413917055,E13,human
414966228,E13,human
415021649,E13,human
415063303,E13,human
415073613,E13,human
415630833,E13,bot
415900150,E13,human
416157197,E13,human
416194495,E13,human
416351352,E13,human
416502198,E13,human
417190929,E13,human
417280214,E13,human
417735070,E13,human
417770099,E13,human
417807946,E13,human
417833332,E13,human
418024172,E13,human
418046391,E13,human
418140622,E13,human
418153325,E13,human
418247241,E13,human
418584043,E13,human
418641071,E13,human
418762910,E13,human
418986680,E13,human
419519797,E13,human
419617449,E13,human
419617600,E13,human
419672622,E13,human
420253558,E13,human
420995289,E13,human
421002902,E13,human
421346603,E13,human
421847529,E13,human
422807985,E13,human
422830732,E13,bot
423021992,E13,human
423613846,E13,human
424265380,E13,human
424273053,E13,human
425223279,E13,human
425263052,E13,human
425380217,E13,human
425759519,E13,human
425840466,E13,human
425908255,E13,bot
426044579,E13,human
426178907,E13,human
426531620,E13,human
427676471,E13,human
427674701,E13,human
428117425,E13,human
428202366,E13,human
428261162,E13,human
428263137,E13,human
428384851,E13,human
428904234,E13,human
428981185,E13,human
429262110,E13,human
429718007,E13,human
429808930,E13,human
432377556,E13,human
432624274,E13,bot
433162117,E13,human
433304048,E13,human
433319326,E13,bot
433546930,E13,human
433627975,E13,human
433984610,E13,human
434460614,E13,human
434591482,E13,human
434731905,E13,human
434826176,E13,human
434832805,E13,human
435224000,E13,human
435269515,E13,human
435327100,E13,human
435724709,E13,human
436612105,E13,human
436807160,E13,human
436961762,E13,human
437007483,E13,human
437363242,E13,human
437456557,E13,human
437783167,E13,bot
438437579,E13,human
438484498,E13,human
438760662,E13,human
438756932,E13,bot
439054192,E13,human
439062828,E13,human
718684188,E13,human
478994018,E13,human
984297403,E13,human
551056105,E13,human
439855752,E13,human
439875805,E13,human
479451474,E13,human
439972535,E13,human
440184518,E13,bot
479677768,E13,human
440311767,E13,human
479725767,E13,human
722214212,E13,human
985509799,E13,bot
551835101,E13,human
440691931,E13,human
551894180,E13,human
479832822,E13,human
986163288,E13,human
440858782,E13,human
722825599,E13,human
480279324,E13,bot
552190256,E13,human
441483457,E13,human
986839782,E13,human
552577697,E13,human
552606214,E13,human
987068240,E13,human
442075220,E13,human
725675244,E13,human
480715104,E13,human
480790768,E13,human
726845964,E13,human
987656269,E13,human
553617306,E13,human
481632109,E13,human
481648575,E13,human
988985683,E13,human
444833485,E13,human
482086639,E13,human
554309481,E13,human
482131412,E13,bot
482157356,E13,human
482162835,E13,human
731429204,E13,human
445345005,E13,human
482242692,E13,human
989622720,E13,human
989639142,E13,human
445761780,E13,human
446083368,E13,human
446143453,E13,human
733154665,E13,human
482981498,E13,bot
446590484,E13,human
734619301,E13,human
483073065,E13,human
446987691,E13,human
991254878,E13,human
555420716,E13,human
447241184,E13,human
555906816,E13,human
483836463,E13,human
737616414,E13,human
484179231,E13,human
556794851,E13,human
484613799,E13,human
993583230,E13,human
557215750,E13,human
449219266,E13,human
485137549,E13,human
743284770,E13,human
557616612,E13,human
450054622,E13,human
744107612,E13,human
995452020,E13,human
485686619,E13,human
485713097,E13,human
450630648,E13,human
450747981,E13,human
450891761,E13,human
486198118,E13,bot
451033303,E13,human
451370524,E13,human
451397835,E13,human
486598436,E13,human
558524379,E13,human
451597109,E13,human
486966473,E13,human
487416678,E13,human
750948720,E13,human
751241954,E13,human
452814756,E13,human
452828946,E13,human
453238264,E13,human
487969309,E13,human
753397160,E13,human
560223770,E13,human
1000486495,E13,human
560271082,E13,human
453885595,E13,human
488706826,E13,human
755737819,E13,human
454200724,E13,human
1001875776,E13,human
454318003,E13,human
560657748,E13,human
454914980,E13,human
1002533372,E13,human
489345934,E13,human
1003664215,E13,bot
455266133,E13,human
455340385,E13,human
455651875,E13,human
455775628,E13,human
455979285,E13,human
761723172,E13,human
762202957,E13,human
1004883073,E13,human
562125685,E13,human
562250174,E13,human
1006095223,E13,human
456823762,E13,human
490625409,E13,human
765311754,E13,human
457775543,E13,human
491690867,E13,human
492177690,E13,human
564653953,E13,human
770176435,E13,human
492501987,E13,human
564963576,E13,human
459628045,E13,human
459646843,E13,human
459678083,E13,human
459680754,E13,human
1009413198,E13,human
1010619756,E13,human
566141260,E13,human
460985875,E13,human
493847017,E13,human
461010838,E13,human
566374197,E13,human
493941903,E13,human
494006512,E13,human
1011395167,E13,human
461425627,E13,human
494262961,E13,human
494266249,E13,human
567056353,E13,human
567155716,E13,human
567510788,E13,human
495045945,E13,human
495053365,E13,human
495077879,E13,human
462889040,E13,human
568453926,E13,human
462971394,E13,human
568473793,E13,human
495507361,E13,bot
495731957,E13,human
568955495,E13,human
463246965,E13,human
1014830304,E13,human
496144150,E13,human
463889910,E13,human
496295496,E13,human
569879248,E13,human
496588802,E13,human
1015888195,E13,human
496968634,E13,human
464790896,E13,human
497125259,E13,bot
464858061,E13,human
497258691,E13,human
497302053,E13,human
465298629,E13,human
1017813961,E13,human
465431316,E13,human
465433625,E13,human
571938412,E13,human
498042431,E13,human
498054058,E13,human
787115406,E13,human
498358491,E13,human
466489818,E13,human
466686655,E13,human
498814013,E13,human
466712165,E13,human
498826553,E13,human
466756548,E13,human
1020696912,E13,human
498935613,E13,bot
1022226144,E13,human
573690882,E13,human
573749510,E13,human
791874462,E13,human
792462121,E13,human
792517914,E13,human
468198674,E13,human
499996521,E13,human
574385968,E13,human
500246041,E13,human
794406714,E13,human
574488060,E13,human
794598979,E13,human
795590899,E13,bot
796144921,E13,human
501094162,E13,human
501128285,E13,human
469580096,E13,human
797833478,E13,bot
470227974,E13,human
470232795,E13,human
470254611,E13,human
470379248,E13,human
502037826,E13,human
800130746,E13,bot
800457696,E13,bot
502315142,E13,human
470868745,E13,human
502774039,E13,human
1030992019,E13,human
1031110604,E13,human
503051163,E13,human
471093612,E13,human
801510450,E13,human
471203497,E13,human
1032386005,E13,human
503425054,E13,human
577422947,E13,human
1033055161,E13,human
471422290,E13,human
471533963,E13,human
471826933,E13,human
471992869,E13,human
578916985,E13,human
472765052,E13,human
472778739,E13,human
473043012,E13,human
506055335,E13,human
1037103888,E13,human
1037178583,E13,human
1037384052,E13,human
506501965,E13,human
581136968,E13,human
474043803,E13,human
581407038,E13,human
507498746,E13,human
1038384050,E13,human
1039093681,E13,human
813467726,E13,human
582954523,E13,human
509056809,E13,human
583205235,E13,bot
509320296,E13,human
510047880,E13,human
1041823142,E13,human
1042842432,E13,human
476760491,E13,human
476800666,E13,human
585439502,E13,human
477006767,E13,human
1044916752,E13,human
512362882,E13,human
477309080,E13,human
585849333,E13,bot
477552640,E13,human
512455607,E13,human
585968039,E13,human
477660093,E13,human
477824021,E13,human
1047668299,E13,human
586584556,E13,human
825336607,E13,human
513726022,E13,human
587326472,E13,human
587515464,E13,human
587569514,E13,human
1050665527,E13,bot
827287514,E13,human
587665339,E13,human
1052685680,E13,human
829400054,E13,human
515271142,E13,human
831741072,E13,human
516038414,E13,human
834186096,E13,human
516737722,E13,human
516811154,E13,human
835249056,E13,human
835763546,E13,human
517073805,E13,human
517400735,E13,human
1058497004,E13,human
517883021,E13,human
838292834,E13,human
591104103,E13,human
1059054242,E13,human
841859053,E13,human
592579646,E13,human
1062916164,E13,human
593546714,E13,human
845102904,E13,human
1064278820,E13,human
1064992789,E13,human
594583577,E13,human
594651076,E13,human
594683175,E13,human
848909828,E13,human
522925470,E13,human
1065760964,E13,human
594960544,E13,human
523331583,E13,human
523680032,E13,human
595539789,E13,human
851233315,E13,human
524820621,E13,human
524836438,E13,human
852611210,E13,human
596540298,E13,bot
1069178154,E13,human
597381176,E13,human
526482947,E13,human
855282331,E13,human
1070376564,E13,human
1070682204,E13,human
856270100,E13,human
1071137462,E13,human
857857747,E13,human
1072217274,E13,human
858190442,E13,human
528501469,E13,human
858836726,E13,human
599343100,E13,human
1074439423,E13,human
599940695,E13,human
600090702,E13,human
529563591,E13,bot
529711103,E13,human
862068776,E13,human
862114981,E13,human
531280420,E13,human
601192738,E13,human
863369492,E13,human
601256893,E13,human
531442979,E13,human
531640494,E13,human
601810260,E13,human
602182097,E13,human
602212821,E13,human
1081092084,E13,bot
533130509,E13,human
1082746016,E13,bot
1082796816,E13,human
533552597,E13,human
1084115989,E13,human
603836322,E13,human
868645789,E13,human
868757713,E13,human
868906542,E13,human
535140940,E13,human
869587356,E13,human
535333357,E13,human
870391651,E13,human
1087095313,E13,human
605296679,E13,human
1089293960,E13,human
1089449275,E13,human
1090138922,E13,human
1091884188,E13,bot
875972814,E13,bot
538287562,E13,human
876501625,E13,human
608022298,E13,human
877925696,E13,human
878747629,E13,human
1095958825,E13,human
1096575422,E13,human
880855315,E13,human
609496197,E13,human
882148280,E13,human
540803768,E13,human
1099363334,E13,human
610747900,E13,human
610861270,E13,human
610896066,E13,human
885222252,E13,human
611783684,E13,human
542151024,E13,human
612645350,E13,human
613523546,E13,human
889616856,E13,human
613553896,E13,human
543842787,E13,human
1105975490,E13,bot
544470195,E13,human
545269203,E13,human
545291748,E13,bot
546039069,E13,human
546367438,E13,human
546885822,E13,human
1111771471,E13,human
547141135,E13,human
618038687,E13,human
547477084,E13,human
900040604,E13,human
618382051,E13,human
547680256,E13,human
547811916,E13,human
548605379,E13,human
548727018,E13,human
1116460440,E13,human
620243872,E13,human
1119028134,E13,human
621741580,E13,human
621971039,E13,human
622239105,E13,human
908843828,E13,human
1124327604,E13,human
624420623,E13,human
624543149,E13,human
1127430120,E13,human
913455692,E13,human
914725128,E13,human
1129520276,E13,bot
915739543,E13,human
1130868744,E13,human
1130960574,E13,human
917243564,E13,human
1132376958,E13,bot
918001130,E13,human
1133943835,E13,human
627845498,E13,human
918993840,E13,human
628453024,E13,human
920600658,E13,human
1137300811,E13,human
629661106,E13,human
631128691,E13,human
631876055,E13,human
632045063,E13,human
924714103,E13,human
632296235,E13,human
632419314,E13,human
632742781,E13,human
632805096,E13,human
633105430,E13,human
928712431,E13,human
1151295038,E13,human
636107261,E13,human
930035833,E13,bot
932445193,E13,human
702445104,E13,human
702727668,E13,human
934466887,E13,human
934949900,E13,human
936597188,E13,human
705736374,E13,human
936902059,E13,human
706819428,E13,human
707526853,E13,human
708429391,E13,human
938838264,E13,human
939438061,E13,bot
939617401,E13,human
711216631,E13,human
714240744,E13,human
1168487113,E13,human
716206832,E13,human
944648335,E13,human
944979661,E13,bot
947255689,E13,bot
1174404932,E13,human
1179541274,E13,bot
951290342,E13,bot
951523590,E13,human
952055166,E13,human
953315216,E13,human
1187572176,E13,human
1188730825,E13,human
955497098,E13,human
1189056510,E13,human
955806343,E13,human
1193292998,E13,bot
958530558,E13,human
961125284,E13,human
962847698,E13,human
1204191037,E13,human
1204535834,E13,human
964996225,E13,human
1205795042,E13,human
1205923694,E13,human
968446106,E13,human
970505658,E13,human
971576125,E13,human
1216631100,E13,human
1219155151,E13,human
1219247983,E13,human
1219743308,E13,human
974171288,E13,human
974190704,E13,human
974558708,E13,human
976068038,E13,human
976844444,E13,human
977265403,E13,human
981556177,E13,human
15350901,E13,human
407818010,E13,human
422226730,E13,human
425138781,E13,human
120720544,E13,human
187536784,E13,human
197602470,E13,human
207070244,E13,human
216522413,E13,human
259680844,E13,human
301919327,E13,human
517625408,E13,human
327900613,E13,human
522582939,E13,human
541037205,E13,human
549083012,E13,human
558489220,E13,human
563022345,E13,human
604758810,E13,human
835342567,E13,human
1092912044,E13,human
1126202310,E13,human
9011502,E13,human
52491055,E13,human
55532545,E13,human
16043064,E13,human
20308222,E13,human
33747826,E13,human
45314390,E13,human
48665791,E13,human
52108988,E13,human
56697655,E13,human
83811813,E13,human
91866745,E13,human
111628975,E13,human
114849265,E13,human
154588620,E13,human
162092995,E13,human
168791182,E13,human
177299735,E13,human
179588209,E13,human
190383002,E13,human
197400952,E13,human
217533156,E13,human
222579656,E13,human
233959454,E13,human
248292381,E13,bot
252688673,E13,human
255559955,E13,human
278618602,E13,human
295578583,E13,human
297012777,E13,human
305187907,E13,human
318949971,E13,human
320669433,E13,human
322051701,E13,human
327840186,E13,human
328706026,E13,human
333960904,E13,human
337321477,E13,human
372460791,E13,human
382247829,E13,human
418633045,E13,human
425241854,E13,bot
453285193,E13,human
469128515,E13,human
490480487,E13,human
514338061,E13,human
521131145,E13,human
529342153,E13,bot
546314660,E13,human
604518391,E13,bot
630544784,E13,human
755461062,E13,human
755745950,E13,human
806660965,E13,human
809654154,E13,human
810793700,E13,human
903721722,E13,human
922305175,E13,bot
925532102,E13,bot
929410398,E13,human
961773920,E13,human
1021876490,E13,human
1096419414,E13,bot
1125217129,E13,human
1127280169,E13,human
1156344000,E13,human
1169114810,E13,bot
1212975186,E13,bot
1213937306,E13,human
24503,TFP,human
22903,TFP,human
382393,TFP,human
286543,TFP,human
438023,TFP,human
586003,TFP,human
628563,TFP,bot
769985,TFP,human
2007021,TFP,human
2731681,TFP,human
3909541,TFP,human
5863152,TFP,human
6082972,TFP,human
6175692,TFP,human
6196392,TFP,human
6618042,TFP,human
6677972,TFP,human
7246122,TFP,human
7527052,TFP,human
7773732,TFP,human
8029522,TFP,human
9664862,TFP,bot
12179872,TFP,human
12551742,TFP,human
12700622,TFP,human
12765892,TFP,bot
14321616,TFP,bot
14443340,TFP,human
14561441,TFP,bot
15455450,TFP,bot
15453624,TFP,human
15622858,TFP,human
15788159,TFP,human
15922136,TFP,human
16002194,TFP,human
16183526,TFP,human
16270293,TFP,human
16303802,TFP,human
16649518,TFP,human
17085112,TFP,human
17283453,TFP,human
17421795,TFP,human
17426567,TFP,human
17844234,TFP,human
17992531,TFP,human
18721974,TFP,human
18874774,TFP,bot
19706832,TFP,human
19701419,TFP,human
19973780,TFP,bot
20303000,TFP,human
20542869,TFP,human
20681942,TFP,human
21133252,TFP,bot
22015162,TFP,human
22521283,TFP,human
22598920,TFP,human
22596491,TFP,human
22624920,TFP,human
22710614,TFP,bot
22752192,TFP,human
22970058,TFP,human
23770754,TFP,bot
24176877,TFP,human
25046383,TFP,human
25484842,TFP,human
26261259,TFP,human
27315878,TFP,human
29742445,TFP,human
31135311,TFP,human
31379656,TFP,bot
33516491,TFP,human
33679344,TFP,human
34580222,TFP,human
36286962,TFP,human
37186955,TFP,human
37204587,TFP,human
39201963,TFP,human
40337017,TFP,human
43775439,TFP,human
44358439,TFP,bot
44604091,TFP,human
45110939,TFP,human
45399578,TFP,bot
45562154,TFP,bot
45603460,TFP,bot
47588692,TFP,human
47610275,TFP,human
47708690,TFP,human
49683347,TFP,bot
49726434,TFP,human
49951518,TFP,human
49961511,TFP,bot
50594775,TFP,human
50606585,TFP,human
50650272,TFP,human
51065893,TFP,human
51169895,TFP,human
51484684,TFP,human
52140322,TFP,human
53400463,TFP,human
56336047,TFP,human
57573169,TFP,human
58017998,TFP,bot
58436154,TFP,human
60340425,TFP,human
60490488,TFP,human
63501503,TFP,bot
65402914,TFP,human
67253599,TFP,human
67887304,TFP,human
68123840,TFP,bot
68800287,TFP,bot
68940614,TFP,human
69575984,TFP,human
70228722,TFP,human
74861616,TFP,human
76612795,TFP,human
78845364,TFP,human
82062642,TFP,human
82118682,TFP,human
84361482,TFP,human
84543942,TFP,human
84838434,TFP,human
85850428,TFP,bot
86538176,TFP,human
86626503,TFP,human
86999643,TFP,human
87029466,TFP,bot
90436636,TFP,human
91696007,TFP,human
93378883,TFP,human
96114847,TFP,bot
96146127,TFP,human
96360063,TFP,human
96450599,TFP,human
96454595,TFP,bot
96727791,TFP,human
96737211,TFP,human
98127075,TFP,human
103087081,TFP,human
105768989,TFP,human
107193314,TFP,bot
107471115,TFP,human
107991930,TFP,human
108051742,TFP,human
109651861,TFP,human
109848907,TFP,human
110177863,TFP,human
111054613,TFP,human
112232553,TFP,bot
112419862,TFP,human
112986371,TFP,human
113134931,TFP,bot
113971060,TFP,bot
114726248,TFP,human
118241739,TFP,bot
118667244,TFP,human
121045001,TFP,human
122111595,TFP,human
125622122,TFP,human
125796953,TFP,human
126065059,TFP,human
126611558,TFP,human
128857854,TFP,human
129176007,TFP,human
129515952,TFP,human
131197741,TFP,human
131202911,TFP,bot
131559802,TFP,human
131636321,TFP,human
132569641,TFP,bot
136368506,TFP,human
139321563,TFP,human
140527863,TFP,human
142239909,TFP,human
144226252,TFP,human
145422178,TFP,human
146215776,TFP,human
149248959,TFP,human
151607467,TFP,human
152905850,TFP,human
154197349,TFP,bot
154477852,TFP,human
154547583,TFP,human
156039467,TFP,human
157042531,TFP,human
157604170,TFP,human
160557792,TFP,human
163075114,TFP,human
163479707,TFP,human
167823878,TFP,human
171640056,TFP,human
171971541,TFP,bot
173411197,TFP,human
174354016,TFP,bot
180573776,TFP,human
180912768,TFP,human
182511218,TFP,human
183959464,TFP,human
184048837,TFP,human
184777483,TFP,human
185178011,TFP,human
185771893,TFP,bot
188047458,TFP,human
188043254,TFP,human
189152524,TFP,human
192912616,TFP,bot
195763762,TFP,human
196179205,TFP,human
201724641,TFP,bot
202220813,TFP,human
202326763,TFP,human
203583202,TFP,human
204444302,TFP,human
204808236,TFP,human
207138462,TFP,bot
207490418,TFP,human
210525855,TFP,human
211462267,TFP,human
213981500,TFP,human
214967682,TFP,human
215992174,TFP,human
217232725,TFP,bot
220859239,TFP,human
221964205,TFP,human
222893837,TFP,human
223007169,TFP,human
225060606,TFP,human
226576785,TFP,human
226923750,TFP,human
228711740,TFP,human
233533428,TFP,human
233890781,TFP,human
234430637,TFP,human
237886553,TFP,bot
238505344,TFP,human
242272799,TFP,human
248134718,TFP,human
252679829,TFP,human
254602977,TFP,human
255499265,TFP,human
257111136,TFP,bot
257400824,TFP,human
264133279,TFP,bot
265017059,TFP,human
265731317,TFP,human
267989312,TFP,human
271374532,TFP,human
272121120,TFP,human
272911207,TFP,human
275183383,TFP,human
276983152,TFP,bot
281234838,TFP,bot
282523842,TFP,human
283013230,TFP,bot
286690782,TFP,human
286841761,TFP,human
290147254,TFP,human
290494853,TFP,human
290585680,TFP,human
291949510,TFP,human
297023247,TFP,human
299618434,TFP,human
303061039,TFP,human
304268784,TFP,bot
312691936,TFP,human
317336535,TFP,human
321282277,TFP,human
326716112,TFP,human
328117388,TFP,bot
331349150,TFP,human
338966793,TFP,bot
342957744,TFP,bot
343931635,TFP,human
344675728,TFP,bot
344780239,TFP,human
344955391,TFP,human
353254693,TFP,bot
353608206,TFP,human
356979186,TFP,human
359370934,TFP,bot
365993895,TFP,human
370595287,TFP,human
372786191,TFP,human
374138547,TFP,human
378814988,TFP,bot
379176983,TFP,human
379296310,TFP,human
379728710,TFP,bot
381384396,TFP,bot
383145557,TFP,human
384547005,TFP,human
384858886,TFP,human
392094997,TFP,human
393255100,TFP,bot
395890746,TFP,bot
397337275,TFP,human
400741034,TFP,human
400826236,TFP,human
402034337,TFP,bot
405135128,TFP,human
405611085,TFP,human
406150965,TFP,human
406923780,TFP,human
407302551,TFP,human
408637014,TFP,human
409297732,TFP,human
409503051,TFP,bot
410193975,TFP,human
412604603,TFP,human
421319874,TFP,human
423410028,TFP,human
423649561,TFP,bot
424920096,TFP,human
425209420,TFP,bot
426932675,TFP,human
428213157,TFP,human
428259355,TFP,human
428434740,TFP,human
429414906,TFP,human
433988089,TFP,human
435045600,TFP,bot
437392860,TFP,human
437721739,TFP,bot
550428173,TFP,human
479506412,TFP,bot
440128266,TFP,human
479815906,TFP,human
986364644,TFP,bot
552027659,TFP,human
724632068,TFP,human
987245388,TFP,bot
442592200,TFP,human
482148232,TFP,human
446366385,TFP,bot
483227930,TFP,human
483838785,TFP,human
449195625,TFP,bot
995328134,TFP,human
486991172,TFP,human
487275447,TFP,bot
452726181,TFP,human
453034522,TFP,human
487880355,TFP,human
754656198,TFP,human
1001305494,TFP,human
561814955,TFP,human
766507921,TFP,bot
491275814,TFP,human
491391312,TFP,human
769388442,TFP,human
564751387,TFP,bot
565292271,TFP,human
493462829,TFP,human
493919122,TFP,human
462251578,TFP,human
495378971,TFP,human
464014539,TFP,human
1017001452,TFP,bot
1018511592,TFP,bot
499717759,TFP,human
573824373,TFP,human
499933271,TFP,human
469218793,TFP,human
501066121,TFP,human
469454275,TFP,human
1028535421,TFP,human
578266551,TFP,human
504803459,TFP,human
504944262,TFP,human
475246008,TFP,human
475693524,TFP,bot
819790166,TFP,human
477087533,TFP,human
515405009,TFP,human
515909793,TFP,bot
833089766,TFP,human
834141984,TFP,human
525408377,TFP,human
526702246,TFP,bot
602758496,TFP,bot
866254687,TFP,human
535670031,TFP,human
605521007,TFP,human
536512353,TFP,human
538395588,TFP,human
607937852,TFP,human
539143317,TFP,human
543301439,TFP,human
543727249,TFP,human
614249086,TFP,bot
893784643,TFP,human
898218318,TFP,bot
899934248,TFP,human
621508569,TFP,bot
622618462,TFP,bot
916815853,TFP,human
919599445,TFP,human
629208634,TFP,human
1147652996,TFP,bot
938775151,TFP,bot
947759960,TFP,human
948165787,TFP,human
955966339,TFP,human
960978096,TFP,human
962500717,TFP,bot
964327405,TFP,bot
968350345,TFP,bot
971643848,TFP,bot
974434579,TFP,human
982398253,TFP,human
982457101,TFP,human
982676647,TFP,human
11990112,TFP,human
14474989,TFP,human
14867242,TFP,human
15530118,TFP,human
17498356,TFP,human
19861856,TFP,human
22407164,TFP,bot
22600059,TFP,bot
22840934,TFP,human
22994885,TFP,human
30638954,TFP,human
31107779,TFP,bot
45434489,TFP,human
47081262,TFP,human
47637732,TFP,human
61728897,TFP,human
72863207,TFP,human
80849401,TFP,bot
91866630,TFP,human
96109716,TFP,human
118197667,TFP,human
133387350,TFP,bot
206326866,TFP,bot
240173232,TFP,human
240821668,TFP,bot
254497239,TFP,human
281623827,TFP,human
294182639,TFP,bot
305476548,TFP,human
333412049,TFP,human
339887833,TFP,bot
363161920,TFP,human
394789922,TFP,human
397034400,TFP,bot
425767265,TFP,bot
425878819,TFP,human
443896569,TFP,human
488525613,TFP,bot
583885189,TFP,human
588147020,TFP,bot
614133542,TFP,human
780431689,TFP,bot
791830218,TFP,bot
821873300,TFP,bot
832044601,TFP,bot
851100607,TFP,bot
890871740,TFP,bot
975603631,TFP,bot
980531466,TFP,bot
983033413,TFP,bot
1010894497,TFP,human
39588706,TFP,bot
13972932,TFP,human
90626911,TFP,bot
321257315,TFP,bot
616206452,INT,bot
616226398,INT,human
1129016958,FSF,human
1174566572,FSF,bot
107013897,TWT,bot
1175053682,FSF,bot
1175677580,FSF,bot
334249560,TWT,bot
88866261,TWT,bot
1174778426,FSF,human
616296594,INT,human
616544230,INT,human
1130216966,FSF,bot
401190123,TWT,bot
616325196,INT,human
617745271,INT,bot
1374959215,INT,bot
716473104,INT,human
1372493953,INT,bot
1124360551,FSF,bot
1176045456,FSF,bot
157864555,TWT,bot
189730759,TWT,human
1174317492,FSF,bot
1174360562,FSF,bot
616891841,INT,bot
1176037879,FSF,bot
202155524,TWT,human
617788541,INT,bot
1127297354,FSF,human
53671214,TWT,bot
1127411401,FSF,human
1174898036,FSF,human
1174457058,FSF,bot
1176067166,FSF,bot
616224637,INT,human
1176223429,FSF,bot
229286608,TWT,bot
202511395,TWT,bot
129899218,TWT,bot
616302072,INT,human
617236155,INT,bot
1176174571,FSF,human
617710286,INT,human
616337604,INT,human
617605452,INT,human
185933483,TWT,bot
1176150378,FSF,bot
422415442,TWT,bot
181225107,TWT,human
616223567,INT,human
1176388189,FSF,human
616448213,INT,human
621412525,INT,bot
1127216318,FSF,bot
346747623,TWT,human
1175840936,FSF,bot
130303998,TWT,human
1174387664,FSF,human
1128486390,FSF,bot
617078388,INT,human
619219990,INT,human
1127822533,FSF,bot
1175872345,FSF,bot
361350314,TWT,bot
355993172,TWT,human
1175711664,FSF,human
295394982,TWT,bot
1176288571,FSF,bot
1130535104,FSF,human
617538588,INT,human
622793906,INT,bot
585883867,TWT,human
1126962823,FSF,human
616288152,INT,human
1176054547,FSF,bot
616222843,INT,human
617867481,INT,human
616208980,INT,human
616300077,INT,human
1176172730,FSF,bot
1176198690,FSF,bot
1175719664,FSF,bot
1176274290,FSF,bot
1174713944,FSF,human
617279109,INT,bot
109075883,TWT,bot
616646437,INT,bot
1176405116,FSF,bot
1124739583,FSF,bot
1174855417,FSF,bot
617173576,INT,bot
291191096,TWT,bot
20726266,TWT,bot
152846674,TWT,bot
1174342740,FSF,bot
169433349,TWT,human
479340177,TWT,human
1174811528,FSF,bot
1208410542,INT,bot
616303560,INT,bot
620739715,INT,bot
1373450377,INT,bot
616285401,INT,human
242186430,TWT,human
622524146,INT,human
199815995,TWT,bot
54047372,TWT,bot
1129288938,FSF,bot
332882634,TWT,bot
619513437,INT,bot
292442271,TWT,bot
392188753,TWT,human
616217939,INT,human
710814337,INT,bot
1174982719,FSF,bot
708529440,INT,bot
1174680708,FSF,bot
1174627123,FSF,bot
619683215,INT,human
394416247,TWT,bot
223329964,TWT,bot
57757511,TWT,human
1174876764,FSF,bot
617494611,INT,human
714583566,INT,human
617452824,INT,bot
1175734488,FSF,bot
617111228,INT,human
616229522,INT,human
1175951042,FSF,bot
1174435964,FSF,bot
245280307,TWT,bot
1176283176,FSF,bot
1176090313,FSF,human
1175980688,FSF,bot
402630337,TWT,human
618223383,INT,bot
1385228084,INT,bot
329489449,TWT,human
112131340,TWT,bot
1176301609,FSF,human
617437469,INT,bot
621414410,INT,human
616220414,INT,human
1208295348,INT,bot
616218947,INT,human
618945271,INT,bot
261915122,TWT,bot
616308387,INT,human
616263058,INT,human
617590863,INT,human
104657589,TWT,bot
544481555,TWT,human
1176024900,FSF,bot
1175006178,FSF,human
616758171,INT,human
1176177198,FSF,human
617662277,INT,human
1174400497,FSF,human
616217762,INT,human
617888487,INT,bot
619810380,INT,bot
618615426,INT,bot
617245921,INT,bot
558153258,TWT,bot
620687869,INT,bot
394725471,TWT,bot
616500089,INT,human
1129401444,FSF,bot
384501016,TWT,human
617732455,INT,human
1127827542,FSF,bot
616227562,INT,human
1128706746,FSF,bot
1174648291,FSF,bot
1175720130,FSF,bot
504867024,TWT,bot
1130534586,FSF,bot
328612451,TWT,bot
620777740,INT,bot
1130259265,FSF,bot
97275343,TWT,bot
1219039568,INT,bot
1129803002,FSF,bot
1130225450,FSF,human
1129901942,FSF,bot
1127132214,FSF,human
616211479,INT,human
619369704,INT,bot
616210933,INT,human
10935572,TWT,human
1174762351,FSF,bot
616727070,INT,human
92525390,TWT,bot
616854398,INT,human
1175993282,FSF,bot
597614760,TWT,bot
1174933712,FSF,bot
620896239,INT,bot
582855209,TWT,bot
195874688,TWT,bot
1174670046,FSF,bot
1129937737,FSF,bot
1129397028,TWT,bot
616205957,INT,human
1175898612,FSF,bot
1130403349,FSF,human
1127894718,FSF,bot
616299699,INT,human
1175757835,FSF,human
202440814,TWT,bot
1174409298,FSF,bot
1175883632,FSF,bot
616231447,INT,human
716451656,INT,bot
617279835,INT,human
52346698,TWT,bot
622304985,INT,human
1176194707,FSF,bot
710092674,INT,bot
466557338,TWT,bot
1175062736,FSF,bot
475035176,TWT,human
1174553017,FSF,bot
231035428,TWT,bot
1127880368,FSF,bot
158541730,TWT,bot
129729416,TWT,bot
233884874,TWT,human
1128394315,FSF,bot
50449844,TWT,human
616874546,INT,human
616285149,INT,human
261627134,TWT,human
616230778,INT,human
1127066796,FSF,human
616300368,INT,human
1174700300,FSF,bot
616977822,INT,human
616221038,INT,human
529329358,TWT,bot
1176249991,FSF,human
620696383,INT,bot
222154371,TWT,human
1387393236,INT,bot
1124550980,FSF,bot
1129290072,FSF,human
1175848021,FSF,human
617400276,INT,bot
1174775082,FSF,human
716289278,INT,bot
1176279901,FSF,bot
616218743,INT,human
617733045,INT,bot
1127914004,FSF,bot
618215489,INT,bot
1128666674,FSF,bot
616755124,INT,human
616304159,INT,bot
1176070208,FSF,bot
616566914,INT,bot
94528740,TWT,bot
1175741276,FSF,bot
619448053,INT,human
616753922,INT,human
508032449,TWT,bot
1127839795,FSF,bot
1175025703,FSF,human
616791162,INT,human
1174694204,FSF,bot
616225522,INT,human
412614875,TWT,bot
1176358165,FSF,human
1175782370,FSF,bot
105696650,TWT,bot
1130538576,FSF,human
83697927,TWT,bot
545647644,TWT,bot
1174435530,FSF,human
1175904811,FSF,bot
616583718,INT,bot
443037335,TWT,human
616224125,INT,human
1127023860,FSF,human
1175791177,FSF,bot
1127645011,FSF,human
620259574,INT,bot
1367487373,INT,bot
617309307,INT,bot
617447770,INT,human
712317120,INT,bot
616225411,INT,human
151474227,TWT,bot
618499240,INT,human
619235948,INT,bot
253111142,TWT,human
1130110020,FSF,bot
621412482,INT,bot
1207752978,INT,bot
617276858,INT,bot
616218488,INT,human
252139342,TWT,bot
1174330140,FSF,bot
1174885004,FSF,bot
611817370,TWT,human
1391998039,INT,bot
1176031873,FSF,human
1174750884,FSF,human
619441415,INT,human
616211005,INT,human
617236411,INT,bot
617293369,INT,bot
1176277345,FSF,human
290499654,INT,human
1127303257,FSF,human
617398277,INT,bot
616219076,INT,human
1175943655,FSF,bot
1387702238,INT,bot
616212148,INT,human
1176319747,FSF,bot
616231544,INT,human
1176344617,FSF,bot
616224133,INT,human
617342164,INT,bot
1174944620,FSF,human
618136325,INT,bot
1127515314,FSF,bot
1174402410,FSF,bot
1175806116,FSF,bot
1128697718,FSF,bot
616234909,INT,human
34589722,TWT,bot
616438405,INT,bot
1130213556,FSF,bot
622866052,INT,human
1174898930,FSF,human
1174804556,FSF,human
335052095,TWT,human
617843808,INT,bot
93225500,TWT,bot
1175992374,FSF,bot
1175000504,FSF,bot
616650103,INT,human
1176127388,FSF,bot
1175788465,FSF,bot
1176267397,FSF,bot
101399567,TWT,bot
616312923,INT,human
245685332,TWT,bot
618549078,INT,bot
404334610,TWT,bot
358263991,TWT,bot
1208757007,INT,bot
1124447899,FSF,bot
1175933244,FSF,bot
1175633166,FSF,human
333805197,TWT,bot
622357843,INT,human
303932719,INT,human
1174509800,FSF,bot
616287702,INT,human
89963109,TWT,bot
319071294,TWT,human
147266930,TWT,bot
616862788,INT,human
620776121,INT,bot
84539426,TWT,human
616218557,INT,human
1174742864,FSF,bot
212928560,TWT,human
1175772264,FSF,bot
1175629345,FSF,bot
1127260830,FSF,bot
1176382580,FSF,bot
1174331750,FSF,bot
616810995,INT,human
1175868074,FSF,bot
422318647,TWT,bot
616210814,INT,human
616206656,INT,human
29940598,TWT,bot
616561810,INT,human
1129905792,FSF,bot
128620164,TWT,bot
616687643,INT,bot
135026061,TWT,human
618689737,INT,human
617471280,INT,bot
616871628,INT,bot
622928583,INT,human
173215914,TWT,human
1176151704,FSF,human
1176419695,FSF,bot
73473444,TWT,human
351514291,TWT,human
616997089,INT,human
616222607,INT,human
616230280,INT,bot
616299006,INT,human
1126921074,FSF,human
1174847785,FSF,bot
616394546,INT,bot
617824831,INT,human
207293756,TWT,human
1124807293,FSF,bot
1128355266,FSF,bot
617410411,INT,human
616224899,INT,human
1175653093,FSF,human
616535986,INT,human
1175634584,FSF,human
1386172154,INT,bot
1174789676,FSF,bot
616304457,INT,human
1128816360,FSF,bot
616229738,INT,human
620419987,INT,bot
379259119,TWT,bot
617096658,INT,bot
616392153,INT,human
1127241931,FSF,human
270595940,TWT,bot
616232053,INT,human
1175626327,FSF,human
1174944276,FSF,bot
619598059,INT,bot
1176362071,FSF,bot
1128398388,FSF,bot
1127218854,FSF,human
21196037,TWT,human
1127992975,FSF,human
1208193505,INT,bot
1174751144,FSF,human
341335650,TWT,human
1174410324,FSF,human
1176149502,FSF,bot
1127816366,FSF,bot
616311015,INT,human
619406337,INT,bot
617617449,INT,bot
616232257,INT,human
616699097,INT,human
618220272,INT,bot
616231375,INT,human
116397637,TWT,bot
335610997,TWT,bot
616553484,INT,bot
1174929679,FSF,bot
194026156,TWT,human
1129918525,FSF,bot
1175009000,FSF,human
1126886184,FSF,human
259042485,TWT,bot
616219883,INT,bot
619542769,INT,bot
1130157896,FSF,human
1174869769,FSF,human
454616346,TWT,bot
1174926474,FSF,bot
1370781445,INT,bot
1127150011,FSF,human
617445392,INT,bot
330273328,TWT,human
617801213,INT,bot
1213549526,INT,bot
1208895733,INT,bot
1128419868,FSF,human
616299315,INT,human
1174395410,FSF,bot
617155487,INT,bot
337653685,TWT,human
616225373,INT,human
1208639550,INT,bot
616300803,INT,human
273432870,TWT,bot
616229977,INT,human
241553849,TWT,human
1174851200,FSF,human
616212203,INT,human
317248347,TWT,bot
198833831,TWT,bot
616297194,INT,human
617739493,INT,human
616575636,INT,bot
617898741,INT,human
711397128,INT,human
1175980453,FSF,bot
112540516,TWT,bot
616224700,INT,human
1176105391,FSF,bot
617556297,INT,human
1130546598,FSF,bot
617602159,INT,bot
619563674,INT,human
1175717354,FSF,bot
101330413,TWT,human
620175784,INT,bot
621377933,INT,bot
1130415098,FSF,human
616287579,INT,human
617176526,INT,bot
616500983,INT,human
1175828748,FSF,bot
1176241388,FSF,bot
1176385015,FSF,bot
616349387,INT,bot
617524589,INT,human
616880989,INT,human
1128458438,FSF,bot
619588265,INT,human
617638457,INT,human
1126399904,FSF,human
1174622690,FSF,human
1127391530,FSF,human
617280711,INT,bot
254716078,TWT,bot
618134374,INT,bot
251855577,TWT,bot
1175587045,FSF,bot
617837077,INT,bot
1175028782,FSF,bot
616211257,INT,human
1176131214,FSF,bot
138211958,TWT,human
616302717,INT,human
1130396822,FSF,bot
617110971,INT,bot
616230368,INT,bot
70277715,TWT,human
140176665,TWT,human
617825921,INT,human
616956640,INT,bot
83293188,TWT,human
616305756,INT,human
616225564,INT,human
512084670,TWT,human
144602443,TWT,human
1175837136,FSF,human
616648049,INT,human
1176165122,FSF,human
1127891892,FSF,human
1124788411,FSF,bot
1174518524,FSF,bot
413650968,TWT,bot
1176173497,FSF,bot
1174515206,FSF,bot
616843743,INT,human
1174778406,FSF,bot
1174341054,FSF,bot
617072174,INT,bot
616206631,INT,human
616795584,INT,bot
1127059790,FSF,bot
1174676743,FSF,human
460577572,TWT,human
1381167558,INT,bot
1174411070,FSF,bot
1128144613,FSF,bot
617051815,INT,bot
1174740535,FSF,human
1128284804,FSF,bot
75683534,TWT,bot
1175833148,FSF,human
189040110,TWT,human
618145336,INT,bot
35008954,TWT,bot
465998255,TWT,bot
616235884,INT,human
710998206,INT,human
38520305,TWT,human
616520119,INT,human
125528862,TWT,human
254976820,TWT,human
1175777869,FSF,bot
1174616234,FSF,bot
616215005,INT,human
616512844,INT,bot
103159736,TWT,bot
616312189,INT,bot
616218377,INT,human
538558418,TWT,bot
616313064,INT,human
499854962,TWT,bot
619305569,INT,bot
1175972964,FSF,bot
616222768,INT,human
1174538528,FSF,human
1174464710,FSF,bot
1387417639,INT,bot
620765352,INT,human
616223734,INT,human
1127581338,FSF,human
75807122,TWT,bot
1129032277,FSF,human
1373641104,INT,bot
1174621862,FSF,bot
1175754096,FSF,bot
1128888824,FSF,bot
1125357410,FSF,bot
370733068,TWT,bot
618208393,INT,bot
77443610,TWT,bot
1127093012,FSF,human
1130534930,FSF,bot
1175803050,FSF,bot
1174684957,FSF,human
1174851499,FSF,bot
616833719,INT,bot
195913271,INT,human
28265406,TWT,bot
1174383524,FSF,human
1176324859,FSF,bot
616204178,INT,human
616224764,INT,human
1176392124,FSF,bot
616223671,INT,human
1174444022,FSF,bot
100219528,TWT,bot
616998237,INT,human
617712875,INT,bot
1176120223,FSF,human
616230997,INT,human
1128898598,FSF,bot
72110028,INT,human
617556760,INT,human
1368184886,INT,bot
1174427628,FSF,human
616300029,INT,human
239525864,TWT,human
617718785,INT,human
407868184,TWT,bot
1174374654,FSF,bot
1128254628,FSF,human
1175854238,FSF,human
107914508,TWT,human
616872091,INT,human
254247600,TWT,bot
1175787168,FSF,bot
617458994,INT,bot
1127137806,FSF,human
616224676,INT,bot
1175693322,FSF,bot
1175937380,FSF,bot
616227469,INT,human
147107988,TWT,bot
616304394,INT,human
716053231,INT,bot
617284243,INT,bot
1127963340,FSF,bot
617766838,INT,bot
616218326,INT,bot
1176253664,FSF,bot
400069220,TWT,human
1175961673,FSF,bot
619018390,INT,bot
1126883186,FSF,bot
616288341,INT,human
1130384803,FSF,bot
1174717800,FSF,bot
1208281129,INT,bot
36299291,TWT,human
713380862,INT,bot
617747498,INT,human
96871607,TWT,bot
21365952,TWT,bot
72348749,TWT,human
1128718424,FSF,bot
1174330058,FSF,bot
184988281,TWT,bot
1128493195,FSF,human
616937163,INT,bot
124964940,TWT,bot
302513351,TWT,bot
1175062507,FSF,human
617279043,INT,bot
520701091,TWT,bot
1174998998,FSF,bot
616887730,INT,human
184922888,TWT,human
1120176186,FSF,human
1175968620,FSF,human
618505565,INT,bot
1127590879,FSF,human
1127478864,FSF,bot
1174433286,FSF,bot
1127177594,FSF,human
616621744,INT,human
1176213703,FSF,bot
618982638,INT,human
616207430,INT,human
1174403612,FSF,bot
616232630,INT,bot
124447429,TWT,bot
1175705202,FSF,human
1130386950,FSF,bot
1127838836,FSF,bot
1176047184,FSF,bot
1126057680,FSF,bot
616217624,INT,human
1174710902,FSF,human
617081967,INT,bot
616223147,INT,bot
618349118,INT,human
106622116,TWT,bot
1381607736,INT,bot
616298907,INT,human
1176267386,FSF,human
708650725,INT,bot
134678238,TWT,bot
1175801724,FSF,bot
395021188,TWT,bot
230030181,TWT,human
1174682425,FSF,bot
1174787304,FSF,bot
1174450896,FSF,bot
1130623285,FSF,bot
1176159360,FSF,bot
346790259,TWT,bot
1127105509,FSF,human
1175767867,FSF,bot
1125327924,FSF,bot
1208024365,INT,bot
1174977500,FSF,bot
520214369,TWT,human
1174756808,FSF,bot
1174335446,FSF,bot
119926900,TWT,human
1174679592,FSF,bot
616331366,INT,bot
1175615983,FSF,bot
619118183,INT,bot
337161218,TWT,human
325767923,TWT,human
523035519,TWT,bot
616301106,INT,human
67946273,TWT,bot
416995459,TWT,bot
142150030,TWT,bot
616227622,INT,human
616206269,INT,human
616222831,INT,human
621874598,INT,human
1175774436,FSF,bot
616297419,INT,human
617689102,INT,human
616305963,INT,human
1174925106,FSF,bot
1124301420,FSF,human
618372072,INT,bot
710386668,INT,bot
271619712,TWT,bot
1175650981,FSF,bot
1174733100,FSF,bot
1174913503,FSF,bot
616302336,INT,human
616307780,INT,bot
617641534,INT,human
1174812978,FSF,bot
97859473,TWT,bot
616313439,INT,human
616219934,INT,human
1127305652,FSF,human
50055682,TWT,bot
1174743524,FSF,bot
1175003000,FSF,bot
40010436,TWT,bot
617706549,INT,human
708732794,INT,bot
1175881286,FSF,bot
134332869,TWT,human
1176175902,FSF,human
159719768,TWT,human
616453934,INT,bot
709158032,INT,bot
490713181,TWT,bot
1127828666,FSF,bot
1176422048,FSF,bot
25836383,TWT,human
616310157,INT,human
39328305,TWT,human
616544238,INT,human
96730829,TWT,bot
1174648296,FSF,bot
1175726604,FSF,bot
619422439,INT,bot
1130123028,FSF,bot
37384589,INT,human
1124249136,FSF,bot
153921560,TWT,human
616230346,INT,human
1174425121,FSF,bot
411288201,TWT,bot
150861478,TWT,human
617828146,INT,bot
133434448,TWT,bot
1176427063,FSF,human
620320700,INT,bot
169147207,TWT,human
616285659,INT,human
709547976,INT,bot
1125890246,FSF,bot
1127322342,FSF,human
1174431079,FSF,bot
1129936399,FSF,bot
554590139,TWT,human
193607094,TWT,human
617096445,INT,bot
1174514420,FSF,bot
1176384235,FSF,bot
616223167,INT,human
620753960,INT,human
1391832212,INT,bot
1174917374,FSF,human
616235842,INT,human
395458764,TWT,bot
1176308636,FSF,bot
297255017,TWT,human
1174341847,FSF,human
617739091,INT,human
616232512,INT,bot
616217714,INT,bot
621733211,INT,bot
617692004,INT,bot
1208624760,INT,bot
189015964,TWT,human
617241478,INT,human
1174437590,FSF,bot
21706899,TWT,bot
619784136,INT,bot
616299078,INT,human
105830531,TWT,human
1174874869,FSF,bot
1098285654,TWT,bot
617557216,INT,human
1127478085,FSF,human
617228152,INT,human
152259498,TWT,human
617668598,INT,bot
1174580582,FSF,human
616824681,INT,human
616206467,INT,human
57475867,TWT,bot
617060374,INT,bot
1174372298,FSF,bot
617696176,INT,bot
1126958802,FSF,bot
1175038892,FSF,human
422850440,TWT,bot
619552741,INT,human
617727291,INT,human
261931118,TWT,human
616209703,INT,human
582554537,TWT,bot
616284642,INT,human
316402288,TWT,human
221009412,TWT,bot
1174620793,FSF,bot
1127064612,FSF,bot
580423549,TWT,bot
192269471,TWT,human
619048475,INT,human
1175773806,FSF,bot
1174759088,FSF,bot
1176194977,FSF,bot
275881452,TWT,human
1374103256,INT,bot
616633553,INT,human
164432890,TWT,bot
1208404442,INT,bot
1386619668,INT,bot
616300149,INT,human
1208844938,INT,bot
356674188,TWT,human
616232251,INT,human
1128629346,FSF,bot
350039038,TWT,human
51184465,TWT,bot
450179797,TWT,human
1174656450,FSF,bot
80194139,TWT,bot
616777049,INT,human
210428729,TWT,human
1174970576,FSF,bot
617047718,INT,bot
1213479486,INT,bot
1176006872,FSF,human
1129729476,FSF,bot
617373638,INT,bot
514818877,TWT,human
1175624556,FSF,bot
140200549,TWT,bot
616220681,INT,human
616234888,INT,bot
105510200,TWT,bot
1130249922,FSF,bot
1381040010,INT,bot
31776715,TWT,bot
1174644632,FSF,human
102336226,TWT,bot
1176175699,FSF,bot
362228315,TWT,bot
617284591,INT,human
244812839,TWT,bot
1175029616,FSF,bot
1125604190,FSF,bot
244254961,TWT,human
153824393,TWT,bot
1124711090,FSF,bot
100370448,TWT,bot
316585017,TWT,bot
21972434,TWT,bot
618211955,INT,bot
1174436491,FSF,human
1127484458,FSF,bot
616207079,INT,human
1176063571,FSF,human
236623139,TWT,bot
1128764245,FSF,bot
1176220436,FSF,bot
1176184358,FSF,bot
455070011,TWT,bot
1175960761,FSF,bot
616208212,INT,human
616302786,INT,human
114099935,TWT,bot
60257479,TWT,human
1174539534,FSF,human
616301301,INT,human
710621238,INT,human
616227574,INT,human
618249107,INT,bot
1175825581,FSF,human
217055469,TWT,bot
616287345,INT,human
617301783,INT,bot
202886194,TWT,bot
1175931889,FSF,bot
617273229,INT,bot
618277797,INT,bot
619512380,INT,bot
617736822,INT,bot
616709340,INT,bot
33438880,TWT,bot
616228561,INT,human
616215323,INT,human
169141228,TWT,bot
1127772061,FSF,human
1174603392,FSF,human
617575079,INT,bot
616302333,INT,human
1175021809,FSF,bot
1207879530,INT,bot
421419585,TWT,human
259706720,TWT,bot
356172796,TWT,human
616301361,INT,human
354306025,TWT,bot
1124407771,FSF,bot
1127183491,FSF,human
616218776,INT,human
1174711836,FSF,bot
1174382539,FSF,human
1208119178,INT,human
16753788,TWT,bot
1127371730,FSF,human
616298811,INT,human
620112188,INT,bot
148151604,TWT,bot
1174554060,FSF,human
288912572,TWT,bot
1218517542,INT,bot
1175061374,FSF,bot
616223419,INT,human
468338356,TWT,bot
616308033,INT,human
709554859,INT,human
617831397,INT,bot
1175651917,FSF,bot
1174361588,FSF,bot
1130271691,FSF,human
35959749,TWT,human
1174696087,FSF,bot
619468845,INT,bot
1175044778,FSF,bot
708676321,INT,bot
1130295176,FSF,human
1174927723,FSF,bot
1176141625,FSF,bot
616225861,INT,human
64968114,TWT,human
616450260,INT,bot
1174444872,FSF,bot
42570158,TWT,human
1128680906,FSF,bot
1128246877,FSF,bot
1124643068,FSF,bot
622286034,INT,bot
1130458686,FSF,bot
618262473,INT,human
19951698,TWT,human
357101224,TWT,bot
1126840332,FSF,bot
1175793452,FSF,bot
1176282888,FSF,bot
616297275,INT,human
62969150,TWT,bot
616710259,INT,bot
616284570,INT,human
1174652005,FSF,bot
1174853904,FSF,human
1174445989,FSF,bot
1174986182,FSF,bot
1175055697,FSF,bot
306215704,TWT,bot
621834892,INT,bot
1176077330,FSF,human
622572415,INT,bot
616215784,INT,human
616231795,INT,human
412025289,TWT,bot
1128650161,FSF,human
1176247080,FSF,bot
1174982916,FSF,bot
616224313,INT,human
184849544,TWT,bot
616297320,INT,human
616306866,INT,human
475732319,INT,human
191725589,TWT,human
1129940900,FSF,bot
1175011819,FSF,bot
571300851,TWT,bot
1127433188,FSF,bot
709094335,INT,bot
1176398449,FSF,human
1174577899,FSF,bot
1174739257,FSF,bot
122963011,TWT,bot
1126890631,FSF,human
1128403068,FSF,bot
227650216,TWT,human
617564443,INT,bot
616891343,INT,human
616635449,INT,human
56232036,TWT,human
617684430,INT,human
1176308588,FSF,bot
1128251834,FSF,bot
1176275664,FSF,bot
616231564,INT,human
616437167,INT,bot
1174543622,FSF,bot
183580684,TWT,human
28222509,TWT,bot
375106107,TWT,bot
168872531,TWT,bot
1175021929,FSF,bot
1174638079,FSF,human
618803772,INT,human
1127892150,FSF,bot
1175956076,FSF,bot
509038409,TWT,bot
1128187680,FSF,human
537276941,TWT,bot
1125979442,FSF,bot
239312585,TWT,bot
616414201,INT,bot
635863952,TWT,bot
1175937997,FSF,bot
1130581675,FSF,bot
617647029,INT,bot
617369459,INT,bot
1174562730,FSF,human
198414396,TWT,bot
321581818,TWT,bot
1208441712,INT,bot
1129919894,FSF,bot
239732544,TWT,bot
320725572,TWT,human
620156433,INT,bot
1208662998,INT,bot
1388819528,INT,bot
1130298409,FSF,bot
616328439,INT,human
616298784,INT,human
1175718902,FSF,bot
195541103,TWT,human
278082770,TWT,human
1127314142,FSF,bot
105748476,TWT,bot
616301049,INT,human
1128356431,FSF,bot
617359641,INT,bot
1126890798,FSF,human
122511648,TWT,human
1174417388,FSF,bot
144748986,TWT,bot
1126950427,FSF,bot
617073588,INT,human
1174818847,FSF,bot
1128530372,FSF,bot
618153400,INT,human
239895893,TWT,human
1175901152,FSF,bot
1209174511,INT,bot
1176197136,FSF,bot
1174407720,FSF,human
616221044,INT,human
1130522202,FSF,bot
618928185,INT,human
258322288,TWT,bot
616579375,INT,bot
616880011,INT,human
329804273,TWT,bot
1208423114,INT,bot
1175871524,FSF,bot
227811080,TWT,human
157614264,TWT,human
1176426272,FSF,bot
616973721,INT,bot
616293207,INT,human
1174450668,FSF,human
270442712,TWT,human
1127582702,FSF,human
1127400348,FSF,bot
616304112,INT,human
616224374,INT,human
617262093,INT,human
617627840,INT,human
1127769554,FSF,bot
616224076,INT,human
95782748,TWT,human
1122936860,TWT,human
247979863,TWT,bot
616736089,INT,human
617430051,INT,bot
1174873122,FSF,bot
616227250,INT,human
396755498,TWT,bot
1176393222,FSF,bot
1174643767,FSF,bot
237036122,TWT,bot
616207376,INT,human
1366923541,INT,bot
616221794,INT,human
73766975,TWT,human
616227970,INT,bot
375174626,TWT,human
141394735,TWT,bot
617254082,INT,human
1130284382,FSF,bot
1175732936,FSF,human
616231144,INT,human
1128728185,FSF,bot
616237669,INT,human
1381459980,INT,bot
622366249,INT,bot
709392979,INT,human
457013718,TWT,bot
617560837,INT,human
617392176,INT,bot
1383712140,INT,bot
616354262,INT,human
1013213588,TWT,bot
1176157068,FSF,bot
617534754,INT,bot
195625268,TWT,bot
1174906022,FSF,bot
1176074503,FSF,bot
1208801689,INT,bot
617096196,INT,bot
382916532,TWT,human
1127946307,FSF,human
616319798,INT,bot
154527192,TWT,bot
616206563,INT,human
616218482,INT,human
1174352306,FSF,bot
618393696,INT,bot
616300842,INT,human
616774511,INT,human
1175064218,FSF,human
1129477836,FSF,human
1175918527,FSF,bot
1127034602,FSF,human
616524118,INT,bot
112188483,TWT,bot
1176263858,FSF,bot
1368097362,INT,bot
158369900,TWT,bot
141886393,TWT,human
616228429,INT,bot
564015559,TWT,human
147813988,TWT,bot
616217972,INT,human
1127587958,FSF,human
617695825,INT,human
617315471,INT,bot
1174962156,FSF,human
563363271,TWT,bot
616230896,INT,human
616206386,INT,human
616297983,INT,human
1175850312,FSF,human
1176030852,FSF,human
1175874906,FSF,bot
622255721,INT,bot
240422007,TWT,bot
1373071759,INT,bot
1174429314,FSF,bot
616300515,INT,bot
590916061,TWT,human
1127015257,FSF,human
1174425702,FSF,bot
192193390,TWT,bot
254059795,TWT,bot
88517573,TWT,human
1174472216,FSF,bot
1127114233,FSF,bot
1381069658,INT,bot
1127077592,FSF,bot
1175878608,FSF,bot
1174366058,FSF,bot
1369480706,INT,bot
617396030,INT,human
616598289,INT,human
617736616,INT,bot
139270785,TWT,human
267092571,TWT,bot
1174413146,FSF,bot
1174396562,FSF,bot
1208622896,INT,bot
616212358,INT,human
523607344,TWT,bot
617429491,INT,bot
198572784,TWT,bot
1128511538,FSF,bot
617373484,INT,bot
617596978,INT,bot
1176318060,FSF,human
599789901,TWT,bot
717691526,TWT,bot
262867461,TWT,human
66984417,TWT,human
1174739790,FSF,bot
616904387,INT,bot
616876048,INT,human
616382834,INT,human
1128250548,FSF,bot
1128470257,FSF,bot
1176038917,FSF,bot
1127026316,FSF,human
1127081611,FSF,human
616236079,INT,human
1174994395,FSF,human
617473160,INT,bot
1174909136,FSF,bot
569994470,TWT,bot
617053599,INT,bot
1175057606,FSF,bot
617772457,INT,bot
616287324,INT,human
1174338175,FSF,human
348489687,TWT,human
616224925,INT,human
1176186649,FSF,human
617356028,INT,human
310445390,TWT,bot
1176337327,FSF,bot
50660716,TWT,human
708947054,INT,human
56163699,TWT,bot
1124616192,FSF,bot
83895093,TWT,human
1174706054,FSF,bot
616613637,INT,human
1176388351,FSF,bot
619225021,INT,bot
1126439455,FSF,human
622545293,INT,bot
1174560156,FSF,bot
711678624,INT,human
1127332626,FSF,bot
96123681,TWT,bot
619411152,INT,bot
1174735315,FSF,bot
616236223,INT,bot
1174510238,FSF,bot
1176129667,FSF,bot
618739511,INT,human
616684545,INT,human
616222720,INT,bot
1174991155,FSF,bot
346747046,TWT,bot
616299576,INT,human
1370501162,INT,bot
616210993,INT,human
1124453858,FSF,bot
619466144,INT,human
617451689,INT,human
1381512248,INT,bot
616217828,INT,human
616300512,INT,bot
617299004,INT,bot
514736144,TWT,human
171066133,TWT,human
620220804,INT,bot
1129326936,FSF,human
1381246512,INT,bot
1174550876,FSF,bot
619020183,INT,human
307819895,TWT,human
616681075,INT,human
127375715,TWT,human
1174414464,FSF,bot
1174560212,FSF,bot
435591257,TWT,bot
617818221,INT,human
1128588481,FSF,bot
209169103,TWT,bot
1127948335,FSF,human
125514462,TWT,bot
398429222,TWT,bot
619463113,INT,bot
72024595,TWT,human
1174497528,FSF,bot
616221926,INT,human
618239464,INT,bot
1124632188,FSF,bot
249011468,TWT,human
1127324448,FSF,human
618404984,INT,bot
317330851,TWT,bot
282813691,TWT,bot
77413855,TWT,human
161085466,TWT,bot
616310832,INT,human
616908229,INT,human
1174887464,FSF,bot
1174739436,FSF,bot
617679199,INT,human
1128517003,FSF,human
1129895606,FSF,bot
616206664,INT,human
617784376,INT,bot
616914106,INT,bot
67828913,TWT,bot
30993019,TWT,bot
616225018,INT,human
616993101,INT,bot
380246735,TWT,human
1175864395,FSF,bot
1174723886,FSF,bot
265617529,TWT,human
616714447,INT,human
135680610,TWT,human
1130570449,FSF,bot
1174850017,FSF,bot
616222051,INT,human
1207753332,INT,bot
19230427,TWT,human
75921800,TWT,bot
1174337233,FSF,bot
1175818194,FSF,human
1213030910,INT,human
616385430,INT,bot
616990658,INT,human
1174379054,FSF,bot
491750411,TWT,bot
617438377,INT,bot
1124264132,FSF,bot
1128822200,FSF,human
377994769,TWT,human
921913526,TWT,bot
1175700618,FSF,bot
1176421460,FSF,bot
1174908596,FSF,human
322334942,TWT,bot
1129040058,FSF,bot
1370681630,INT,bot
1175758454,FSF,bot
1126978626,FSF,human
1174433768,FSF,bot
616313250,INT,human
57710065,TWT,human
198277538,TWT,bot
616206200,INT,human
1174672777,FSF,bot
216039493,TWT,bot
1030686715,TWT,human
1175642052,FSF,bot
716470938,INT,bot
616219148,INT,human
1127771377,FSF,bot
619723557,INT,bot
1174413920,FSF,human
1174739780,FSF,bot
253239439,TWT,human
764770615,TWT,human
1176277519,FSF,bot
1367040230,INT,bot
1208650584,INT,bot
616544491,INT,human
616341300,INT,bot
1127029874,FSF,bot
322560937,TWT,bot
1130539062,FSF,bot
1174679323,FSF,bot
171990690,TWT,bot
349392750,INT,human
172164229,TWT,bot
189211293,TWT,bot
1174905187,FSF,bot
48109055,TWT,bot
1176325658,FSF,bot
1175819569,FSF,bot
616218845,INT,human
619727032,INT,bot
617733611,INT,bot
617446883,INT,bot
712468867,INT,bot
96882337,TWT,human
1176259471,FSF,bot
110875970,TWT,human
973256785,TWT,bot
616227352,INT,human
1128361064,FSF,human
1174665463,FSF,bot
1176329180,FSF,human
1127056663,FSF,human
713127517,INT,human
77668831,TWT,bot
1175963882,FSF,human
1174349246,FSF,bot
156242211,TWT,bot
1127067181,FSF,bot
616998587,INT,bot
124419079,TWT,bot
617821602,INT,bot
618887115,INT,human
1176104192,FSF,bot
1127315730,FSF,bot
616632879,INT,bot
257278802,TWT,human
47497854,TWT,bot
135555380,TWT,bot
199843531,TWT,bot
616424372,INT,human
1174754300,FSF,bot
1130305728,FSF,human
1130518314,FSF,bot
1174642170,FSF,human
1127302868,FSF,bot
1175990276,FSF,bot
616235848,INT,human
1128300438,FSF,bot
1176219258,FSF,bot
157769562,TWT,bot
546818678,TWT,human
1174619377,FSF,human
616228258,INT,bot
475549626,TWT,human
617578990,INT,bot
617034173,INT,bot
1174414201,FSF,bot
1174322688,FSF,bot
616804331,INT,human
1205024066,INT,bot
618195959,INT,human
164239619,TWT,bot
1174924308,FSF,bot
1129950846,FSF,bot
1127042088,FSF,human
380597201,TWT,human
1175690418,FSF,human
617389950,INT,bot
1127389794,FSF,human
1127687125,FSF,bot
617539440,INT,bot
55197144,TWT,bot
1130064529,FSF,bot
616229203,INT,human
1176344048,FSF,bot
616299531,INT,human
544805302,TWT,bot
128278995,TWT,human
1176380456,FSF,bot
617742720,INT,human
618186707,INT,bot
229906054,TWT,bot
619418083,INT,bot
616308894,INT,human
616920480,INT,human
1174771632,FSF,human
1175031572,FSF,bot
292533078,TWT,human
420200172,TWT,bot
616977419,INT,human
182071638,TWT,human
616730427,INT,human
1126130328,FSF,bot
617214370,INT,bot
55639200,TWT,bot
250216358,TWT,human
1175940716,FSF,bot
1175015820,FSF,bot
617721359,INT,human
1176246091,FSF,bot
1023549769,TWT,bot
616217345,INT,human
1174434985,FSF,bot
1175830736,FSF,human
616250278,INT,bot
616903526,INT,bot
616235338,INT,human
1127809698,FSF,bot
1176100699,FSF,bot
617830441,INT,bot
1130207582,FSF,bot
616231585,INT,human
1127942606,FSF,human
1174971644,FSF,bot
1175681424,FSF,bot
617011109,INT,bot
1208952572,INT,bot
1208689016,INT,bot
618529778,INT,bot
617299578,INT,bot
301529735,TWT,bot
355843642,TWT,bot
616757321,INT,human
619472899,INT,bot
120957631,TWT,bot
1174946815,FSF,bot
617758824,INT,bot
616226596,INT,human
1174443134,FSF,bot
616230506,INT,human
617690311,INT,human
620598613,INT,bot
224567425,TWT,human
1174768531,FSF,bot
1175011722,FSF,human
144038714,TWT,bot
618752804,INT,human
616627945,INT,human
617020884,INT,bot
616222864,INT,human
1176214640,FSF,bot
616308801,INT,human
1125962952,FSF,bot
1176040076,FSF,bot
1174398458,FSF,human
617510269,INT,bot
1176381348,FSF,bot
448310199,TWT,bot
338107834,TWT,bot
616322025,INT,human
1176314646,FSF,human
1174638181,FSF,human
289531155,TWT,bot
214998068,TWT,human
1369749661,INT,bot
1175614022,FSF,bot
1174832804,FSF,bot
101892747,TWT,bot
951793016,TWT,human
616841344,INT,human
555263333,TWT,bot
1129813304,FSF,bot
966110664,TWT,human
616596310,INT,human
1127025932,FSF,human
616226164,INT,human
1208037522,INT,bot
617490522,INT,bot
1175834918,FSF,bot
616263295,INT,human
254545789,TWT,bot
1176258824,FSF,bot
1174631851,FSF,bot
347430365,TWT,bot
1174399688,FSF,bot
1176394070,FSF,human
217230913,TWT,bot
616989279,INT,human
618249287,INT,human
618945206,INT,human
45954898,TWT,bot
620519953,INT,bot
1174330976,FSF,bot
616302783,INT,human
1176217807,FSF,human
1127000612,FSF,bot
617597399,INT,bot
1174357490,FSF,bot
39321660,TWT,bot
1174577719,FSF,bot
1205093317,INT,bot
250231381,TWT,bot
616206143,INT,human
1128012338,FSF,bot
1124613985,FSF,bot
1174706798,FSF,human
190796770,TWT,human
616301904,INT,human
617020095,INT,bot
621364003,INT,human
116265574,TWT,bot
1175982799,FSF,bot
277203011,TWT,bot
263925079,TWT,human
1128263910,FSF,bot
67856562,TWT,bot
616853412,INT,human
255195150,TWT,human
616224547,INT,human
563914220,TWT,bot
619664425,INT,human
616455360,INT,bot
616772277,INT,bot
588962156,TWT,bot
1218559916,INT,bot
1127159532,FSF,human
620515439,INT,human
303469076,TWT,bot
617633344,INT,bot
1175612930,FSF,human
617679830,INT,bot
617294403,INT,bot
1176363709,FSF,bot
616225051,INT,human
550717230,TWT,bot
1366784677,INT,bot
620111964,INT,bot
1126916953,FSF,human
1129894363,FSF,human
233145356,TWT,bot
80479674,TWT,human
1174983931,FSF,human
1176039984,FSF,bot
618853944,INT,bot
1213131912,INT,bot
487650514,TWT,bot
265551997,TWT,bot
617859996,INT,bot
1174438993,FSF,bot
119227710,TWT,bot
1129034947,FSF,bot
617029885,INT,human
618500176,INT,human
1174345260,FSF,bot
630700348,TWT,bot
1175968452,FSF,bot
1130321509,FSF,bot
715004359,INT,bot
616221752,INT,human
1281271908,TWT,human
250970687,TWT,bot
315492745,TWT,bot
1174420404,FSF,bot
1175699864,FSF,bot
1174872906,FSF,bot
1127105233,FSF,human
346754293,TWT,human
1174679113,FSF,bot
616235260,INT,human
1175593494,FSF,bot
112200531,TWT,human
1127036438,FSF,human
548300100,TWT,human
621962667,INT,human
616299144,INT,human
1174707146,FSF,human
229243865,TWT,bot
617021605,INT,human
1176026473,FSF,bot
1175755050,FSF,human
616726886,INT,human
1128530996,FSF,bot
616381786,INT,human
1175654954,FSF,bot
1174981094,FSF,human
1176218598,FSF,bot
616873653,INT,human
1127286650,FSF,human
616221239,INT,human
617629634,INT,human
617234497,INT,bot
279388955,TWT,human
214549887,TWT,human
145022907,TWT,bot
148896431,TWT,bot
618758991,INT,bot
709713920,INT,bot
711117829,INT,bot
617695084,INT,bot
423342037,TWT,bot
1208394786,INT,human
1127733422,FSF,human
295202314,TWT,bot
616231654,INT,human
1129972454,FSF,bot
1175762274,FSF,bot
1174552537,FSF,bot
616980013,INT,bot
1127373948,FSF,bot
1212870672,INT,human
616806334,INT,human
710176700,INT,bot
616300671,INT,human
617105824,INT,bot
1130227346,FSF,bot
170144297,TWT,bot
38021637,TWT,bot
617396809,INT,bot
55962452,TWT,human
260440734,TWT,human
1174619839,FSF,bot
617461581,INT,bot
611238815,TWT,human
1174763443,FSF,human
1128635107,FSF,human
616256389,INT,human
1127844894,FSF,bot
169474438,TWT,bot
108061353,TWT,bot
123952912,TWT,bot
616891504,INT,human
1174367996,FSF,bot
1124459342,FSF,bot
616228510,INT,human
616386285,INT,bot
1205108125,INT,bot
1213170564,INT,bot
1175897192,FSF,human
1176372842,FSF,bot
617813940,INT,human
616616287,INT,human
716465820,INT,human
616361034,INT,human
616229482,INT,human
1174699399,FSF,bot
1130268866,FSF,bot
1128379118,FSF,bot
616246319,INT,human
622589126,INT,bot
619187098,INT,human
1175597359,FSF,bot
254839933,TWT,bot
1175669130,FSF,bot
1174724869,FSF,bot
616805636,INT,human
616217867,INT,human
616232503,INT,human
1175035327,FSF,human
622111989,INT,bot
1175672016,FSF,bot
1174431032,FSF,human
79860976,TWT,bot
616231565,INT,bot
91781300,TWT,human
616211512,INT,human
1174743122,FSF,bot
616229068,INT,human
186476710,TWT,bot
1174331114,FSF,bot
620474586,INT,bot
566429313,TWT,bot
616232782,INT,human
617859807,INT,bot
241289593,TWT,human
1176131065,FSF,human
259396381,TWT,human
96487747,TWT,human
1128339972,FSF,bot
735242102,TWT,human
989855300,TWT,bot
909766628,TWT,bot
617303057,INT,bot
79749293,TWT,human
145602813,TWT,human
616792194,INT,bot
616206626,INT,human
1130158777,FSF,bot
1175670450,FSF,human
1174549280,FSF,bot
357756459,TWT,bot
88563527,TWT,bot
69412978,TWT,human
616305351,INT,human
1176248545,FSF,human
616217255,INT,human
252818860,TWT,bot
1130283200,FSF,bot
626820204,TWT,bot
716803351,INT,human
1127064944,FSF,human
1127688234,FSF,bot
619231739,INT,human
1176405830,FSF,bot
616893835,INT,human
617584099,INT,human
318156874,TWT,bot
1381744988,INT,bot
64110707,TWT,bot
616225156,INT,human
617916495,INT,bot
1130549228,FSF,bot
1176247873,FSF,human
619976364,INT,bot
616897643,INT,bot
343814415,TWT,human
1175663832,FSF,bot
1213492392,INT,bot
620421877,INT,bot
115443974,TWT,bot
1174644924,FSF,human
616298739,INT,human
616684038,INT,human
622329814,INT,bot
616298898,INT,human
617617831,INT,bot
1129076226,FSF,human
1128223321,FSF,bot
1127849112,FSF,bot
617087922,INT,bot
196198266,TWT,bot
246498796,TWT,bot
620332636,INT,bot
1129914116,FSF,human
534488325,TWT,bot
127423382,TWT,human
1127080364,FSF,human
616222247,INT,human
616296954,INT,human
244447055,TWT,human
184821868,TWT,bot
1174734559,FSF,human
1176270469,FSF,bot
1174959522,FSF,human
106193762,TWT,bot
616401471,INT,bot
616300830,INT,human
349979518,TWT,bot
48336195,TWT,bot
617342501,INT,bot
1176132600,FSF,bot
120459203,TWT,human
344796697,TWT,human
617316416,INT,bot
619613905,INT,human
616764807,INT,bot
89225998,TWT,human
1208435030,INT,bot
1176335570,FSF,bot
622736222,INT,bot
616206769,INT,human
1174719445,FSF,bot
176506844,TWT,bot
1174725366,FSF,bot
622375535,INT,bot
616220383,INT,human
616309005,INT,human
616807239,INT,human
616550352,INT,human
616304133,INT,human
616224959,INT,human
99469213,TWT,bot
383379752,TWT,human
1130266422,FSF,bot
616212964,INT,human
72849399,TWT,bot
616685497,INT,human
616301763,INT,human
1130234461,FSF,bot
616223195,INT,bot
616219253,INT,human
616221350,INT,human
616312653,INT,human
197659647,TWT,human
1175869250,FSF,bot
621502353,INT,human
616298418,INT,human
142876983,TWT,bot
616289460,INT,human
617450488,INT,bot
1174688940,FSF,bot
1176278306,FSF,bot
620518627,INT,bot
616219193,INT,human
1176291828,FSF,human
368596513,TWT,bot
282715534,TWT,human
1129948556,FSF,bot
1175816443,FSF,bot
82885728,INT,human
1205078954,INT,bot
616298625,INT,human
1174601928,FSF,bot
1128581702,FSF,bot
1127094674,FSF,human
415627855,TWT,bot
299114435,TWT,human
617007034,INT,human
300387928,TWT,bot
617639339,INT,human
616400521,INT,bot
1391378610,INT,human
136277724,TWT,bot
619586346,INT,human
617541822,INT,bot
104850934,TWT,bot
617821434,INT,bot
617198204,INT,bot
161291774,TWT,bot
616594567,INT,human
1128096152,FSF,human
618469145,INT,bot
617341446,INT,bot
215878258,TWT,human
616301994,INT,human
1124348202,FSF,bot
1174632889,FSF,bot
616297401,INT,human
1176225534,FSF,bot
616229767,INT,human
1174352293,FSF,bot
89799649,TWT,bot
1175671008,FSF,bot
616303596,INT,human
1176056719,FSF,human
1175995525,FSF,bot
616916922,INT,human
616205123,INT,human
1174402488,FSF,bot
616225009,INT,human
113971880,TWT,human
616641964,INT,bot
442773631,TWT,bot
616972396,INT,bot
617343116,INT,bot
344217570,TWT,bot
1175933034,FSF,bot
1174534844,FSF,bot
319802566,TWT,bot
617128626,INT,bot
616538559,INT,human
