index,followers_friends_ratio,default_image,no biography,no location,friends,no tweets
3610511,0,0,0,0,1,0
5656162,0,0,0,0,1,0
5682702,0,0,0,0,0,0
6067292,0,0,0,1,1,0
6015122,0,0,0,0,0,0
6140012,0,0,0,0,1,0
6134312,0,0,0,0,1,0
6684602,0,0,0,1,1,0
7046912,0,0,0,0,1,0
7470952,0,0,0,0,1,0
8072492,0,0,0,0,1,0
8291932,0,0,0,0,1,0
8858022,0,0,0,0,1,0
8927532,0,0,0,0,1,0
8933252,0,0,0,1,1,0
9351052,0,0,0,0,0,0
9564632,0,0,0,0,1,0
9939012,0,0,0,0,1,0
9993142,0,0,0,0,1,0
10492262,0,0,0,0,1,0
11176152,0,0,0,0,1,0
13260592,0,0,0,0,1,0
14057516,0,0,0,1,1,0
14112759,0,0,0,0,1,0
14492555,0,0,0,0,1,0
14709812,0,0,0,0,1,0
14865840,0,0,0,0,1,0
14958182,0,0,0,0,1,0
15016610,0,0,0,0,1,0
15271419,0,0,0,0,1,0
15391421,0,0,0,0,1,0
15836275,0,0,0,0,1,0
15873303,0,0,0,0,1,0
16093829,0,0,0,0,1,0
16591972,0,0,0,0,1,0
16927266,0,0,0,0,1,0
17654864,0,0,0,0,1,0
17852114,0,0,0,0,1,0
18173213,0,0,0,0,1,0
18527544,0,0,0,1,1,0
18671285,0,0,0,0,1,0
18735790,0,0,0,0,1,0
18800245,0,0,0,0,1,0
19598248,0,0,0,0,1,0
21102000,0,0,0,0,1,0
21770069,0,0,0,0,1,0
22015750,0,0,0,0,1,0
22136015,0,0,0,0,0,0
22203964,0,0,0,0,1,0
22508731,0,0,0,0,1,0
22627606,0,0,0,0,1,0
22985259,0,0,0,0,1,0
23748269,0,0,0,0,1,0
23847948,0,0,0,0,1,0
24352106,0,0,0,0,0,0
24510304,0,0,0,0,0,0
25442408,0,0,0,0,1,0
25911628,0,0,0,0,1,0
26232444,0,0,0,0,0,0
26771352,0,0,0,1,1,0
27241975,0,0,0,0,1,0
27422705,0,0,0,0,1,0
27636956,0,0,0,0,1,0
27887098,0,0,0,0,1,0
28313453,0,0,0,0,1,0
28342883,0,0,0,0,1,0
28363979,0,0,0,0,0,0
28845598,0,0,0,0,1,0
29500667,0,0,0,0,1,0
29510629,0,0,0,0,1,0
29646177,0,0,0,0,1,0
30062603,0,0,0,0,1,0
31102741,0,0,0,0,1,0
31162918,0,0,0,0,1,0
32025215,0,0,0,0,1,0
32130104,0,0,0,0,1,0
32204918,0,0,0,0,1,0
33950570,0,0,0,0,1,0
34355343,0,0,0,0,1,0
34897604,0,0,0,0,0,0
35737313,0,0,0,1,0,0
36190135,0,0,0,1,0,0
36381609,0,0,0,0,1,0
36727238,0,0,0,0,1,0
37539436,0,0,0,0,1,0
37733715,0,0,0,0,1,0
37889070,0,0,0,1,1,0
37922072,0,0,0,0,1,0
38002859,0,0,0,1,0,0
38223194,0,0,0,1,1,0
38730407,0,0,0,0,1,0
38972677,0,0,0,0,1,0
39721490,0,0,0,0,1,0
39748948,0,0,0,0,1,0
41780152,0,0,0,1,1,0
41785738,0,0,0,0,1,0
42676920,0,0,0,0,1,0
42754744,0,0,0,0,1,0
43069058,0,0,0,0,1,0
43870029,0,0,0,0,0,0
43964510,0,0,0,0,1,0
44042861,0,0,0,0,1,0
44335261,0,0,0,1,1,0
44451302,0,0,0,0,1,0
45100798,0,0,0,0,1,0
45307775,0,0,0,1,1,0
45529357,0,0,0,0,1,0
45778279,0,0,0,1,1,0
46137662,0,0,0,0,1,0
46334699,0,0,0,0,1,0
47612213,0,0,0,1,1,0
48034707,0,0,0,0,1,0
48182327,0,0,0,1,1,0
48652450,0,0,0,0,1,0
48989220,0,0,0,0,1,0
49044510,0,0,0,1,1,0
49319803,0,0,0,0,1,0
49341424,0,0,0,0,1,0
49934607,0,0,0,0,1,0
49977491,0,0,0,0,1,0
50571065,0,0,0,0,1,0
50585331,0,0,0,0,1,0
50589337,0,0,0,1,1,0
50598277,0,0,0,1,1,0
50619779,0,0,0,0,1,0
50972738,0,0,0,0,1,0
51005435,0,0,0,1,1,0
51015996,0,0,0,0,1,0
51037293,0,0,0,0,1,0
51150318,0,0,0,0,1,0
51738765,0,0,0,1,1,0
51780170,0,0,0,0,0,0
52157135,0,0,0,0,1,0
53025684,0,0,0,1,1,0
53027768,0,0,0,1,1,0
53621838,0,0,0,0,1,0
54556442,0,0,0,0,1,0
54691030,0,0,0,1,1,0
54864334,0,0,0,0,1,0
54867711,0,0,0,0,0,0
54911584,0,0,0,1,1,0
55550359,0,0,0,0,1,0
55590832,0,0,0,0,1,0
55819049,0,0,0,1,1,0
56326516,0,0,0,0,1,0
56345134,0,0,0,0,1,0
56466070,0,0,0,0,1,0
56662794,0,0,0,0,1,0
56706947,0,0,0,0,1,0
56966762,0,0,0,0,0,0
57365720,0,0,0,0,0,0
57928664,0,0,0,0,1,0
59083826,0,0,0,0,1,0
59402800,0,0,0,0,1,0
60508255,0,0,0,0,1,0
61198155,0,0,0,0,1,0
61452320,0,0,0,0,0,0
61513445,0,0,0,1,1,0
61794519,0,0,0,0,0,0
62017536,0,0,0,0,1,0
62364690,0,0,0,1,1,0
63517006,0,0,0,0,1,0
63822625,0,0,0,0,1,0
64967572,0,0,0,0,1,0
66092090,0,0,0,0,1,0
67002064,0,0,0,1,1,0
67006908,0,0,0,0,1,0
69654626,0,0,0,0,0,0
69843045,0,0,1,0,1,0
69892452,0,0,0,0,1,0
70735118,0,0,0,0,1,0
71295474,0,0,0,0,1,0
71336448,0,0,0,1,1,0
71366031,0,0,0,0,1,0
71495570,0,0,0,0,1,0
71522541,0,0,0,0,1,0
71582266,0,0,0,0,1,0
72149178,0,0,0,0,1,0
72314987,0,0,0,0,1,0
72816504,0,0,0,0,1,0
72890647,0,0,0,0,1,0
72967193,0,0,0,1,1,0
73627373,0,0,0,0,1,0
73799359,0,0,0,0,1,0
74147053,0,0,0,1,1,0
74156552,0,0,0,0,1,0
74486653,0,0,0,0,1,0
74544145,0,0,0,0,1,0
75270480,0,0,0,0,1,0
75320990,0,0,0,1,1,0
75386921,0,0,0,0,0,0
75522479,0,0,0,0,1,0
75777355,0,0,0,0,1,0
76286424,0,0,0,1,1,0
76982240,0,0,0,0,1,0
77165019,0,0,0,0,1,0
77243029,0,0,0,0,1,0
77528520,0,0,0,0,1,0
78116487,0,0,0,0,1,0
78719596,0,0,0,1,0,0
80000814,0,0,0,1,1,0
81056258,0,0,0,0,1,0
81218261,0,0,0,0,0,0
81239268,0,0,0,0,0,0
81352611,0,0,0,1,1,0
81592426,0,0,0,0,1,0
81680710,0,0,0,0,1,0
81915249,0,0,0,0,1,0
82068999,0,0,0,1,1,0
82324675,0,0,0,0,1,0
82837121,0,0,0,0,1,0
83087554,0,0,0,0,1,0
83236897,0,0,0,0,1,0
83338869,0,0,0,0,1,0
83581269,0,0,0,0,1,0
84114885,0,0,1,1,0,0
84214494,0,0,0,0,1,0
84426046,0,0,0,0,0,0
84561646,0,0,0,0,1,0
84596057,0,0,0,0,1,0
85184915,0,0,0,0,0,0
85305729,0,0,0,0,1,0
85391583,0,0,0,0,1,0
85637186,0,0,0,0,1,0
85668015,0,0,0,0,0,0
85866409,0,0,0,0,1,0
86036102,0,0,0,1,1,0
86353404,0,0,0,0,0,0
86525417,0,0,0,1,1,0
86561552,0,0,0,1,1,0
86612717,0,0,0,1,1,0
86741673,0,0,0,0,1,0
86981924,0,0,0,0,1,0
87654715,0,0,0,0,0,0
88528666,0,0,0,0,0,0
89237976,0,0,0,0,1,0
89734891,0,0,0,0,1,0
91303893,0,0,0,0,0,0
92225723,0,0,0,0,0,0
92403540,0,0,0,1,1,0
93259719,0,0,0,0,1,0
93648877,0,0,0,0,0,0
94841494,0,0,0,0,0,0
95008519,0,0,0,0,1,0
95243555,0,0,0,0,1,0
95452901,0,0,0,0,1,0
96338067,0,0,0,0,1,0
96586973,0,0,0,0,1,0
98481107,0,0,0,0,1,0
98913291,0,0,0,0,1,0
100459808,0,0,0,0,1,0
100996879,0,0,0,1,1,0
101503282,0,0,0,0,1,0
102422355,0,0,0,0,0,0
102760709,0,0,0,0,1,0
103055195,0,0,0,1,0,0
103304208,0,0,0,0,0,0
104235671,0,0,0,0,1,0
104566770,0,0,0,1,1,0
104754590,0,0,1,0,1,0
104770020,0,0,0,0,1,0
104775098,0,0,0,1,1,0
104818930,0,0,0,0,1,0
104897833,0,0,0,0,1,0
105128951,0,0,0,0,0,0
105429377,0,0,0,1,1,0
105496654,0,0,0,0,1,0
106456147,0,0,0,0,1,0
107216254,0,0,0,0,1,0
107421428,0,0,0,0,1,0
107990833,0,0,0,1,1,0
108148833,0,0,0,0,1,0
108557681,0,0,0,0,1,0
109079114,0,0,0,0,1,0
110273768,0,0,0,0,1,0
110439086,0,0,0,0,1,0
110942781,0,0,0,0,0,0
111354131,0,0,0,0,1,0
111924058,0,0,0,1,1,0
112745297,0,0,0,0,1,0
113487244,0,0,0,0,1,0
113746083,0,0,0,1,1,0
114467204,0,0,0,0,0,0
114541436,0,0,0,0,1,0
115340992,0,0,0,1,0,0
115349856,0,0,0,0,1,0
115955798,0,0,0,0,1,0
116190007,0,0,0,1,1,0
116538160,0,0,0,0,1,0
117463248,0,0,0,0,1,0
117708359,0,0,0,0,1,0
117755159,0,0,0,0,1,0
118024286,0,0,0,1,1,0
118339229,0,0,0,0,1,0
118898139,0,0,0,0,1,0
119065059,0,0,0,0,1,0
123582130,0,0,0,1,0,0
123912727,0,0,0,0,1,0
124439362,0,0,0,1,1,0
124578978,0,0,0,0,1,0
125088832,0,0,0,0,1,0
126727689,0,0,0,1,1,0
126737626,0,0,0,0,1,0
128587032,0,0,0,0,1,0
129214047,0,0,0,0,1,0
129586152,0,0,0,0,1,0
130766020,0,0,0,1,0,0
131435310,0,0,0,0,1,0
132104173,0,0,0,0,1,0
132128902,0,0,0,1,1,0
132182052,0,0,0,0,1,0
132621562,0,0,0,0,0,0
132888488,0,0,0,1,1,0
132983450,0,0,0,0,0,0
133447001,0,0,0,0,1,0
134526134,0,0,0,0,1,0
134803800,0,0,0,0,1,0
135111235,0,0,0,0,1,0
135248338,0,0,0,0,1,0
135441917,0,0,0,0,1,0
135525784,0,0,0,0,1,0
135894129,0,0,0,0,1,0
136622745,0,0,0,0,1,0
136692380,0,0,0,0,1,0
137390297,0,0,0,1,1,0
138322603,0,0,0,0,1,0
138438793,0,0,0,0,1,0
138529938,0,0,0,0,1,0
138867555,0,0,0,0,1,0
140030010,0,0,0,0,1,0
140191830,0,0,0,0,1,0
140410819,0,0,0,1,1,0
141669233,0,0,0,0,1,0
142238323,0,0,0,0,1,0
142335653,0,0,0,0,1,0
143990497,0,0,0,0,0,0
144207876,0,0,0,0,1,0
144305807,0,0,0,0,1,0
145748083,0,0,0,0,0,0
146093361,0,0,0,1,0,0
148536610,0,0,0,0,1,0
149278846,0,0,0,0,1,0
150026364,0,0,0,0,1,0
150307637,0,0,0,0,1,0
150983977,0,0,0,0,1,0
151590831,0,0,0,1,1,0
151602547,0,0,0,0,1,0
151832482,0,0,0,0,1,0
153094652,0,0,0,1,1,0
153324815,0,0,0,0,1,0
154267358,0,0,0,0,1,0
154624409,0,0,0,0,0,0
155845161,0,0,0,0,1,0
157290467,0,0,0,0,1,0
158859711,0,0,0,0,1,0
159923003,0,0,0,0,1,0
159931202,0,0,0,0,1,0
160466484,0,0,0,0,1,0
160883386,0,0,0,0,0,0
161612145,0,0,0,0,1,0
161845690,0,0,0,0,1,0
163025432,0,0,0,0,1,0
163354973,0,0,0,0,1,0
163425928,0,0,0,0,1,0
163932767,0,0,0,1,1,0
164074870,0,0,0,1,0,0
165042220,0,0,0,0,1,0
165751518,0,0,0,0,1,0
166094049,0,0,0,0,0,0
168422352,0,0,0,1,1,0
168761446,0,0,0,0,1,0
170352080,0,0,0,0,1,0
170384943,0,0,0,0,1,0
170642321,0,0,0,1,0,0
170649757,0,0,0,0,1,0
170745775,0,0,0,0,0,0
171422343,0,0,0,1,0,0
173006814,0,0,0,0,1,0
173164569,0,0,0,1,1,0
173662542,0,0,0,0,1,0
173788566,0,0,0,0,1,0
174747861,0,0,0,0,1,0
174762418,0,0,0,1,1,0
176362396,0,0,0,0,1,0
178507135,0,0,0,0,1,0
181191549,0,0,0,0,1,0
181477746,0,0,0,0,1,0
182342223,0,0,0,1,1,0
183148817,0,0,0,0,1,0
183149280,0,0,0,1,1,0
183201799,0,0,0,0,1,0
183559621,0,0,0,0,1,0
184102704,0,0,0,1,1,0
184812764,0,0,0,0,1,0
185390609,0,0,0,1,0,0
187185454,0,0,0,0,1,0
187491410,0,0,0,0,1,0
189179659,0,0,0,1,1,0
189263728,0,0,0,0,1,0
190225727,0,0,0,0,0,0
190569663,0,0,0,0,1,0
190591610,0,0,0,0,1,0
191391803,0,0,0,1,1,0
191781461,0,0,0,1,1,0
193657123,0,0,0,0,1,0
193786482,0,0,0,0,1,0
194232740,0,0,0,0,1,0
194896850,0,0,0,0,1,0
195322597,0,0,0,0,1,0
195413637,0,0,0,0,1,0
196514953,0,0,0,0,1,0
196852073,0,0,0,0,1,0
197027748,0,0,0,0,0,0
197336556,0,0,0,1,0,0
197347453,0,0,0,1,1,0
198136015,0,0,0,0,1,0
198196003,0,0,0,0,1,0
198418075,0,0,0,1,1,0
198678682,0,0,0,1,1,0
199147059,0,0,0,0,0,0
199597851,0,0,0,0,1,0
200293129,0,0,0,1,1,0
200482073,0,0,0,1,1,0
201012406,0,0,0,0,1,0
202244649,0,0,0,0,1,0
202555952,0,0,0,0,1,0
203107523,0,0,0,0,1,0
204299339,0,0,0,0,1,0
204480603,0,0,0,0,1,0
206615715,0,0,0,0,1,0
209128079,0,0,0,0,1,0
209559462,0,0,0,0,0,0
209733883,0,0,0,0,1,0
210459173,0,0,0,0,1,0
210483287,0,0,0,0,1,0
210514893,0,0,0,0,1,0
211487690,0,0,0,0,1,0
211904475,0,0,0,0,1,0
212175167,0,0,0,0,1,0
212292079,0,0,0,0,0,0
212724606,0,0,0,0,1,0
212953427,0,0,0,0,1,0
213061611,0,0,0,1,1,0
215216086,0,0,0,0,1,0
216361529,0,0,0,0,1,0
216790973,0,0,0,0,0,0
217350735,0,0,0,0,1,0
218071279,0,0,0,0,1,0
218092490,0,0,0,0,1,0
219346690,0,0,0,0,1,0
219617010,0,0,0,0,1,0
221173559,0,0,0,1,1,0
221690177,0,0,0,0,1,0
221742699,0,0,0,1,1,0
223533298,0,0,0,0,1,0
223840972,0,0,0,1,1,0
225045616,0,0,0,0,1,0
225323618,0,0,0,0,1,0
226197498,0,0,0,0,1,0
226964193,0,0,0,0,1,0
227817668,0,0,0,1,0,0
228056042,0,0,0,0,1,0
228306355,0,0,0,0,1,0
228708687,0,0,0,0,0,0
229298733,0,0,0,0,1,0
229758375,0,0,0,0,1,0
231058132,0,0,0,0,0,0
231377654,0,0,0,0,1,0
232560751,0,0,0,1,1,0
233245609,0,0,0,0,1,0
233287464,0,0,0,0,1,0
234715592,0,0,0,0,1,0
235303172,0,0,0,1,1,0
237747438,0,0,0,0,1,0
238107344,0,0,0,1,1,0
240346934,0,0,0,0,1,0
242064566,0,0,0,1,1,0
242123621,0,0,0,1,1,0
242301103,0,0,0,0,1,0
242319331,0,0,0,0,1,0
242341704,0,0,0,0,1,0
243891976,0,0,0,0,1,0
244625605,0,0,0,0,1,0
245306807,0,0,0,1,1,0
245430145,0,0,0,0,1,0
245953131,0,0,0,0,1,0
245970658,0,0,0,0,1,0
246208736,0,0,0,0,1,0
246886628,0,0,0,0,1,0
249122012,0,0,0,0,1,0
249692862,0,0,0,0,0,0
250171190,0,0,0,0,1,0
250842076,0,0,0,0,1,0
250851165,0,0,0,1,0,0
251313896,0,0,0,0,1,0
251500925,0,0,0,0,0,0
252516822,0,0,0,0,1,0
252686122,0,0,0,1,0,0
253281330,0,0,0,0,1,0
254558097,0,0,0,0,1,0
255656786,0,0,0,0,1,0
256598881,0,0,0,0,1,0
256689270,0,0,0,0,0,0
257399906,0,0,0,0,1,0
258762800,0,0,0,1,1,0
259160079,0,0,0,1,1,0
259428725,0,0,0,0,1,0
259773527,0,0,0,0,1,0
259894552,0,0,0,0,1,0
259934562,0,0,0,0,1,0
260636096,0,0,0,0,1,0
260693820,0,0,0,0,1,0
261223538,0,0,0,0,1,0
262100774,0,0,0,0,1,0
262165317,0,0,0,1,0,0
262199092,0,0,0,0,1,0
262235136,0,0,0,0,1,0
262328083,0,0,0,0,1,0
262898875,0,0,0,1,1,0
263278290,0,0,0,0,1,0
264333523,0,0,0,0,1,0
264801154,0,0,0,1,1,0
265419912,0,0,0,1,1,0
265529493,0,0,0,1,0,0
268773741,0,0,0,1,1,0
269535022,0,0,0,0,1,0
270472440,0,0,0,0,1,0
271032827,0,0,0,0,1,0
272876921,0,0,0,0,1,0
273686840,0,0,0,0,1,0
274536794,0,0,0,0,1,0
279139861,0,0,0,0,1,0
279147035,0,0,0,0,1,0
279211405,0,0,0,0,1,0
279461605,0,0,0,1,1,0
279557700,0,0,0,0,1,0
279644158,0,0,0,1,1,0
282738890,0,0,0,0,1,0
283521316,0,0,0,0,0,0
283906965,0,0,0,0,1,0
284481700,0,0,0,0,1,0
284657297,0,0,0,0,1,0
285724171,0,0,1,0,1,0
286790717,0,0,0,0,0,0
286798567,0,0,0,0,1,0
287557719,0,0,0,0,0,0
288148846,0,0,0,0,1,0
288798453,0,0,0,0,1,0
289859824,0,0,0,0,1,0
290723075,0,0,0,0,1,0
290734286,0,0,0,0,1,0
291290779,0,0,0,0,1,0
291314239,0,0,0,0,0,0
291403211,0,0,0,0,1,0
292565648,0,0,0,0,1,0
292577710,0,0,0,0,0,0
292912980,0,0,0,1,1,0
293394867,0,0,0,1,1,0
295168932,0,0,0,0,1,0
295788103,0,0,0,0,1,0
295961505,0,0,0,0,0,0
296876973,0,0,0,0,1,0
296999433,0,0,0,1,0,0
298018338,0,0,0,1,1,0
298459779,0,0,0,0,1,0
298489056,0,0,0,1,1,0
299837277,0,0,0,1,0,0
299837762,0,0,0,0,1,0
300796010,0,0,0,0,1,0
300838107,0,0,0,0,1,0
302114763,0,0,0,1,1,0
305386550,0,0,0,0,0,0
305553835,0,0,0,0,0,0
305551682,0,0,0,0,1,0
307790129,0,0,0,1,1,0
308151060,0,0,0,0,1,0
308672071,0,0,1,1,1,0
309800578,0,0,0,0,1,0
310250028,0,0,0,0,1,0
310401703,0,0,0,0,0,0
310496499,0,0,0,0,1,0
311394394,0,0,0,1,1,0
311505461,0,0,0,1,1,0
314030119,0,0,0,0,1,0
314922007,0,0,0,0,0,0
315436528,0,0,0,0,1,0
318661130,0,0,0,0,1,0
319054277,0,0,0,0,1,0
319091474,0,0,0,0,1,0
320880780,0,0,0,1,1,0
321266890,0,0,0,1,1,0
321281383,0,0,0,0,1,0
321425967,0,0,0,0,1,0
322587980,0,0,0,1,1,0
323379897,0,0,0,0,1,0
323809354,0,0,0,1,1,0
323937090,0,0,0,1,1,0
324440293,0,0,0,0,1,0
325551297,0,0,0,1,0,0
326054560,0,0,0,0,1,0
327397233,0,0,0,1,1,0
327510902,0,0,0,0,1,0
329008715,0,0,0,0,1,0
329103684,0,0,0,1,1,0
330202919,0,0,0,0,0,0
330327779,0,0,0,0,1,0
331312863,0,0,0,0,1,0
331875962,0,0,0,1,1,0
332389973,0,0,0,0,1,0
332699729,0,0,0,0,0,0
335208230,0,0,0,1,1,0
335832794,0,0,0,0,1,0
335837698,0,0,0,0,1,0
336406661,0,0,0,0,1,0
337161930,0,0,0,0,1,0
338284756,0,0,0,0,1,0
339058002,0,0,0,0,0,0
340346783,0,0,0,0,1,0
340364061,0,0,0,0,1,0
340396112,0,0,0,0,1,0
340951450,0,0,0,0,0,0
341339579,0,0,0,0,1,0
343307517,0,0,0,0,0,0
343473585,0,0,0,0,0,0
344525772,0,0,0,0,1,0
346829273,0,0,0,0,1,0
347274232,0,0,0,0,1,0
348430064,0,0,0,0,0,0
348981732,0,0,0,0,0,0
349204176,0,0,0,0,1,0
349626625,0,0,0,0,1,0
349929809,0,0,0,1,1,0
350160058,0,0,0,0,1,0
350244854,0,0,0,0,1,0
350791585,0,0,0,0,1,0
351555225,0,0,0,1,1,0
353011489,0,0,0,1,1,0
353768504,0,0,0,0,1,0
354796858,0,0,0,0,1,0
354818247,0,0,0,1,0,0
355600495,0,0,0,0,0,0
357129429,0,0,0,0,1,0
358733502,0,0,0,0,1,0
359926634,0,0,0,1,0,0
360547500,0,0,0,0,1,0
361097511,0,0,0,1,1,0
361746019,0,0,0,1,1,0
361784332,0,0,0,0,1,0
362993719,0,0,0,0,1,0
363251033,0,0,0,0,1,0
363830865,0,0,0,1,1,0
364111442,0,0,0,1,1,0
364277230,0,0,0,0,1,0
364323869,0,0,0,0,1,0
364776732,0,0,0,0,1,0
364805437,0,0,0,0,1,0
364851614,0,0,0,0,1,0
365372541,0,0,0,0,1,0
365383515,0,0,0,1,0,0
365440652,0,0,0,0,0,0
365622635,0,0,0,0,1,0
365665311,0,0,0,1,1,0
366116632,0,0,0,0,1,0
367240411,0,0,0,0,1,0
368540321,0,0,0,1,0,0
368579486,0,0,0,0,0,0
369537903,0,0,0,1,1,0
370193929,0,0,0,1,1,0
370625229,0,0,0,0,1,0
370850929,0,0,0,0,1,0
373579998,0,0,0,0,1,0
373947833,0,0,0,0,1,0
374062715,0,0,0,0,1,0
374488191,0,0,0,0,1,0
375209946,0,0,0,0,1,0
376425777,0,0,0,1,1,0
376677633,0,0,0,0,1,0
376705770,0,0,0,0,1,0
377304816,0,0,0,1,0,0
377389027,0,0,0,1,1,0
377914761,0,0,0,0,1,0
378009515,0,0,0,1,0,0
379114417,0,0,0,1,1,0
379260334,0,0,0,0,1,0
380015773,0,0,0,0,1,0
380172348,0,0,0,0,1,0
380319760,0,0,0,0,1,0
381030516,0,0,0,0,1,0
381666513,0,0,0,0,1,0
381950248,0,0,0,0,1,0
381960133,0,0,0,1,1,0
382178634,0,0,0,0,1,0
382271109,0,0,0,0,1,0
383292062,0,0,0,1,1,0
383387954,0,0,0,1,1,0
383825758,0,0,0,1,1,0
384753006,0,0,0,0,1,0
384932218,0,0,0,0,1,0
385868840,0,0,0,0,1,0
386034126,0,0,0,0,1,0
386779723,0,0,0,0,1,0
387718926,0,0,0,0,1,0
387971079,0,0,0,0,1,0
388348486,0,0,0,0,1,0
388842116,0,0,0,0,1,0
389400082,0,0,0,1,1,0
389652102,0,0,0,0,1,0
389715862,0,0,0,0,1,0
390428793,0,0,0,0,0,0
390730174,0,0,0,1,0,0
390759955,0,0,0,1,1,0
390972554,0,0,0,1,1,0
391362651,0,0,0,1,0,0
391526633,0,0,0,0,1,0
391572279,0,0,0,1,0,0
391614396,0,0,0,1,0,0
391924068,0,0,0,0,1,0
392210280,0,0,0,1,1,0
392247237,0,0,0,1,1,0
392676979,0,0,0,0,1,0
393628023,0,0,0,0,1,0
393980520,0,0,0,0,1,0
394004577,0,0,0,0,1,0
394007331,0,0,0,1,1,0
394217175,0,0,0,0,1,0
394233142,0,0,0,0,1,0
394628127,0,0,0,0,1,0
394726610,0,0,0,1,0,0
394814291,0,0,0,0,1,0
395014721,0,0,0,1,1,0
396173375,0,0,0,0,0,0
396462550,0,0,0,0,1,0
396515695,0,0,0,0,1,0
396618509,0,0,0,1,1,0
396625283,0,0,0,1,1,0
396796142,0,0,0,0,1,0
396898731,0,0,0,1,1,0
396900261,0,0,0,0,1,0
397236414,0,0,0,0,0,0
397320325,0,0,0,0,1,0
397324373,0,0,0,1,1,0
397534181,0,0,0,1,1,0
397629967,0,0,0,0,1,0
398090733,0,0,0,0,1,0
398442529,0,0,0,0,0,0
399484359,0,0,0,0,1,0
399572723,0,0,0,1,1,0
400300086,0,0,0,0,1,0
400546232,0,0,0,0,1,0
400748069,0,0,0,0,0,0
401423776,0,0,0,0,1,0
401502696,0,0,0,0,1,0
402866477,0,0,0,0,1,0
402955893,0,0,0,0,0,0
402979897,0,0,0,0,1,0
403461794,0,0,0,0,0,0
403766373,0,0,0,0,1,0
404069171,0,0,0,0,1,0
404987270,0,0,0,1,1,0
405035087,0,0,0,0,1,0
405140479,0,0,0,1,0,0
405418046,0,0,0,0,1,0
405574548,0,0,0,0,1,0
406165467,0,0,0,0,1,0
406162937,0,0,0,0,1,0
406907214,0,0,0,1,1,0
406962616,0,0,0,1,1,0
407024811,0,0,0,1,1,0
407101499,0,0,0,0,1,0
407689676,0,0,0,0,1,0
407844335,0,0,0,0,1,0
407964674,0,0,0,0,0,0
408087080,0,0,0,1,1,0
408348854,0,0,0,0,1,0
408466988,0,0,0,1,0,0
409118790,0,0,0,0,1,0
410044683,0,0,0,0,1,0
410719897,0,0,0,0,0,0
410941537,0,0,0,0,1,0
411386883,0,0,0,0,1,0
411410885,0,0,0,1,0,0
412112516,0,0,0,0,1,0
412145728,0,0,0,0,1,0
412240393,0,0,0,1,1,0
412325725,0,0,0,0,0,0
412601262,0,0,0,1,1,0
413233876,0,0,0,1,1,0
413255529,0,0,0,0,1,0
413269532,0,0,0,0,1,0
413296140,0,0,0,0,1,0
413332388,0,0,0,0,1,0
413917055,0,0,0,1,1,0
414966228,0,0,0,1,1,0
415021649,0,0,0,1,1,0
415063303,0,0,0,1,1,0
415073613,0,0,0,1,1,0
415630833,0,0,0,0,1,0
415900150,0,0,0,0,1,0
416157197,0,0,0,0,1,0
416194495,0,0,0,0,1,0
416351352,0,0,0,1,1,0
416502198,0,0,0,0,1,0
417190929,0,0,0,0,1,0
417280214,0,0,0,0,1,0
417735070,0,0,0,1,1,0
417770099,0,0,0,0,1,0
417807946,0,0,0,1,0,0
417833332,0,0,0,0,1,0
418024172,0,0,0,0,1,0
418046391,0,0,0,0,1,0
418140622,0,0,0,0,1,0
418153325,0,0,0,0,0,0
418247241,0,0,0,1,1,0
418584043,0,0,0,0,1,0
418641071,0,0,0,0,1,0
418762910,0,0,0,0,1,0
418986680,0,0,0,0,0,0
419519797,0,0,0,0,1,0
419617449,0,0,0,0,1,0
419617600,0,0,0,1,1,0
419672622,0,0,0,1,1,0
420253558,0,0,0,0,0,0
420995289,0,0,0,0,1,0
421002902,0,0,0,0,1,0
421346603,0,0,0,1,1,0
421847529,0,0,0,1,1,0
422807985,0,0,0,1,0,0
422830732,0,0,0,0,0,0
423021992,0,0,0,0,1,0
423613846,0,0,0,1,1,0
424265380,0,0,1,1,1,0
424273053,0,0,0,0,0,0
425223279,0,0,0,0,1,0
425263052,0,0,0,1,1,0
425380217,0,0,0,0,1,0
425759519,0,0,0,0,0,0
425840466,0,0,0,1,1,0
425908255,0,0,0,0,1,0
426044579,0,0,0,0,1,0
426178907,0,0,0,0,1,0
426531620,0,0,0,1,1,0
427676471,0,0,0,0,1,0
427674701,0,0,0,1,1,0
428117425,0,0,0,0,1,0
428202366,0,0,0,1,0,0
428261162,0,0,0,0,1,0
428263137,0,0,0,0,1,0
428384851,0,0,0,1,1,0
428904234,0,0,0,1,0,0
428981185,0,0,0,1,1,0
429262110,0,0,0,0,1,0
429718007,0,0,0,0,1,0
429808930,0,0,0,1,1,0
432377556,0,0,0,0,1,0
432624274,0,0,0,0,1,0
433162117,0,0,0,1,1,0
433304048,0,0,0,0,1,0
433319326,0,0,0,0,1,0
433546930,0,0,0,1,1,0
433627975,0,0,0,0,0,0
433984610,0,0,0,1,1,0
434460614,0,0,0,1,0,0
434591482,0,0,0,0,1,0
434731905,0,0,0,1,0,0
434826176,0,0,0,0,1,0
434832805,0,0,0,0,1,0
435224000,0,0,0,0,1,0
435269515,0,0,0,0,1,0
435327100,0,0,0,0,0,0
435724709,0,0,0,0,1,0
436612105,0,0,0,0,1,0
436807160,0,0,0,0,1,0
436961762,0,0,0,0,1,0
437007483,0,0,0,0,1,0
437363242,0,0,0,1,1,0
437456557,0,0,0,0,1,0
437783167,0,0,0,1,1,0
438437579,0,0,0,0,0,0
438484498,0,0,0,1,1,0
438760662,0,0,0,1,1,0
438756932,0,0,0,1,0,0
439054192,0,0,0,0,1,0
439062828,0,0,0,0,1,0
718684188,0,0,0,1,0,0
478994018,0,0,0,1,1,0
984297403,0,0,0,0,1,0
551056105,0,0,0,1,1,0
439855752,0,0,0,0,0,0
439875805,0,0,0,0,1,0
479451474,0,0,0,0,1,0
439972535,0,0,0,0,1,0
440184518,0,0,0,0,1,0
479677768,0,0,0,0,1,0
440311767,0,0,0,1,1,0
479725767,0,0,0,0,1,0
722214212,0,0,0,0,0,0
985509799,0,0,0,1,0,0
551835101,0,0,0,1,1,0
440691931,0,0,0,0,1,0
551894180,0,0,0,0,1,0
479832822,0,0,0,1,0,0
986163288,0,0,0,1,1,0
440858782,0,0,0,0,1,0
722825599,0,0,0,1,1,0
480279324,0,0,0,1,0,0
552190256,0,0,1,1,1,0
441483457,0,0,0,0,1,0
986839782,0,0,0,1,1,0
552577697,0,0,0,1,1,0
552606214,0,0,0,1,1,0
987068240,0,0,1,0,1,0
442075220,0,0,0,1,1,0
725675244,0,0,0,1,1,0
480715104,0,0,0,0,1,0
480790768,0,0,0,0,0,0
726845964,0,0,0,1,1,0
987656269,0,0,0,0,0,0
553617306,0,0,0,0,1,0
481632109,0,0,1,1,1,0
481648575,0,0,0,0,1,0
988985683,0,0,0,1,1,0
444833485,0,0,0,0,1,0
482086639,0,0,0,0,1,0
554309481,0,0,0,1,1,0
482131412,0,0,0,0,1,0
482157356,0,0,0,0,1,0
482162835,0,0,0,1,0,0
731429204,0,0,0,0,1,0
445345005,0,0,0,1,1,0
482242692,0,0,0,0,1,0
989622720,0,0,0,1,0,0
989639142,0,0,0,1,1,0
445761780,0,0,0,0,1,0
446083368,0,0,0,0,1,0
446143453,0,0,0,0,1,0
733154665,0,0,0,0,1,0
482981498,0,0,0,1,1,0
446590484,0,0,0,0,1,0
734619301,0,0,0,1,0,0
483073065,0,0,0,1,0,0
446987691,0,0,0,0,0,0
991254878,0,0,0,0,1,0
555420716,0,0,0,0,0,0
447241184,0,0,0,0,1,0
555906816,0,0,0,0,0,0
483836463,0,0,0,1,1,0
737616414,0,0,0,0,1,0
484179231,0,0,1,1,1,0
556794851,0,0,0,0,0,0
484613799,0,0,0,0,1,0
993583230,0,0,0,0,1,0
557215750,0,0,0,0,1,0
449219266,0,0,0,1,0,0
485137549,0,0,0,1,1,0
743284770,0,0,0,0,0,0
557616612,0,0,0,1,0,0
450054622,0,0,0,1,1,0
744107612,0,0,0,0,1,0
995452020,0,0,0,1,0,0
485686619,0,0,0,0,1,0
485713097,0,0,1,0,1,0
450630648,0,0,0,0,1,0
450747981,0,0,0,0,1,0
450891761,0,0,0,1,1,0
486198118,0,0,0,0,1,0
451033303,0,0,0,1,1,0
451370524,0,0,0,0,1,0
451397835,0,0,0,1,1,0
486598436,0,0,0,0,1,0
558524379,0,0,0,0,1,0
451597109,0,0,0,0,0,0
486966473,0,0,0,1,1,0
487416678,0,0,0,0,1,0
750948720,0,0,0,1,1,0
751241954,1,0,0,0,1,0
452814756,0,0,0,0,1,0
452828946,0,0,0,0,1,0
453238264,0,0,0,0,1,0
487969309,0,0,0,0,1,0
753397160,0,0,0,0,1,0
560223770,0,0,0,1,0,0
1000486495,0,0,0,0,0,0
560271082,0,0,0,0,1,0
453885595,0,0,0,1,1,0
488706826,0,0,0,0,1,0
755737819,0,0,0,1,1,0
454200724,0,0,0,1,1,0
1001875776,0,0,0,1,1,0
454318003,0,0,0,1,1,0
560657748,0,0,0,0,1,0
454914980,0,0,0,1,0,0
1002533372,0,0,0,1,0,0
489345934,0,0,0,0,1,0
1003664215,0,0,0,0,1,0
455266133,0,0,0,0,1,0
455340385,0,0,0,0,1,0
455651875,0,0,0,0,1,0
455775628,0,0,0,0,1,0
455979285,0,0,0,0,1,0
761723172,0,0,0,0,1,0
762202957,0,0,0,1,1,0
1004883073,0,0,0,0,1,0
562125685,0,0,0,0,0,0
562250174,0,0,0,1,1,0
1006095223,0,0,0,0,1,0
456823762,0,0,0,1,1,0
490625409,0,0,0,1,0,0
765311754,0,0,0,0,1,0
457775543,0,0,0,0,0,0
491690867,0,0,0,0,1,0
492177690,0,0,0,0,0,0
564653953,0,0,0,1,1,0
770176435,0,0,0,0,1,0
492501987,0,0,0,0,1,0
564963576,0,0,0,1,1,0
459628045,0,0,0,0,1,0
459646843,0,0,0,1,1,0
459678083,0,0,0,0,1,0
459680754,0,0,0,0,1,0
1009413198,0,0,0,1,1,0
1010619756,0,0,0,0,1,0
566141260,0,0,0,1,1,0
460985875,0,0,0,0,1,0
493847017,0,0,0,1,1,0
461010838,0,0,1,0,0,0
566374197,0,0,0,1,1,0
493941903,0,0,0,1,0,0
494006512,0,0,0,0,0,0
1011395167,0,0,0,1,1,0
461425627,0,0,0,0,1,0
494262961,0,0,0,0,1,0
494266249,0,0,0,0,1,0
567056353,0,0,0,1,1,0
567155716,0,0,0,0,1,0
567510788,0,0,0,1,1,0
495045945,0,0,0,0,1,0
495053365,0,0,0,1,1,0
495077879,0,0,0,1,1,0
462889040,0,0,0,1,1,0
568453926,0,0,0,1,0,0
462971394,0,0,0,1,1,0
568473793,0,0,0,1,1,0
495507361,0,0,0,1,0,0
495731957,0,0,0,0,0,0
568955495,0,0,0,0,1,0
463246965,0,0,0,0,1,0
1014830304,0,0,0,1,0,0
496144150,0,0,0,0,1,0
463889910,0,0,0,0,0,0
496295496,0,0,0,0,1,0
569879248,0,0,0,0,0,0
496588802,0,0,0,0,1,0
1015888195,0,0,0,0,0,0
496968634,0,0,0,0,1,0
464790896,0,0,0,1,1,0
497125259,0,0,0,1,0,0
464858061,0,0,0,1,1,0
497258691,0,0,0,0,0,0
497302053,0,0,0,0,1,0
465298629,0,0,0,1,1,0
1017813961,0,0,0,1,1,0
465431316,0,0,0,0,1,0
465433625,0,0,0,0,1,0
571938412,0,0,0,0,1,0
498042431,0,0,0,1,0,0
498054058,0,0,0,1,0,0
787115406,0,0,0,0,1,0
498358491,0,0,0,0,0,0
466489818,0,0,0,0,1,0
466686655,0,0,0,1,1,0
498814013,0,0,0,1,1,0
466712165,0,0,0,0,1,0
498826553,0,0,0,1,1,0
466756548,0,0,0,0,1,0
1020696912,0,0,0,1,1,0
498935613,0,0,0,1,0,0
1022226144,0,0,0,1,0,0
573690882,0,0,0,0,1,0
573749510,0,0,0,1,0,0
791874462,0,0,0,0,0,0
792462121,0,0,0,1,1,0
792517914,0,0,0,0,1,0
468198674,0,0,0,1,1,0
499996521,0,0,0,0,0,0
574385968,0,0,0,1,1,0
500246041,0,0,0,1,1,0
794406714,0,0,0,0,1,0
574488060,0,0,0,1,1,0
794598979,0,1,0,1,0,0
795590899,0,0,0,0,1,0
796144921,0,0,0,0,0,0
501094162,0,0,0,1,0,0
501128285,0,0,0,0,1,0
469580096,0,0,0,0,0,0
797833478,0,0,0,1,1,0
470227974,0,0,0,1,1,0
470232795,0,0,0,0,1,0
470254611,0,0,0,0,1,0
470379248,0,0,0,0,1,0
502037826,0,0,0,0,1,0
800130746,0,0,0,0,0,0
800457696,0,0,0,0,1,0
502315142,0,0,0,0,1,0
470868745,0,0,0,1,0,0
502774039,0,0,0,0,0,0
1030992019,0,0,0,0,1,0
1031110604,0,0,0,1,1,0
503051163,0,0,0,0,1,0
471093612,0,0,0,1,1,0
801510450,0,0,0,0,1,0
471203497,0,0,0,0,1,0
1032386005,0,0,0,1,1,0
503425054,0,0,0,1,1,0
577422947,0,0,0,0,1,0
1033055161,0,1,0,1,1,0
471422290,0,0,0,1,1,0
471533963,0,0,0,1,1,0
471826933,0,0,0,0,1,0
471992869,0,0,0,0,1,0
578916985,0,0,0,0,0,0
472765052,0,0,0,0,1,0
472778739,0,0,0,1,1,0
473043012,0,0,0,0,1,0
506055335,0,0,0,1,1,0
1037103888,1,0,0,1,0,0
1037178583,0,0,0,1,1,0
1037384052,0,0,0,0,0,0
506501965,0,0,0,1,1,0
581136968,0,0,0,0,1,0
474043803,0,0,0,0,1,0
581407038,0,0,0,0,1,0
507498746,0,0,0,1,1,0
1038384050,0,0,0,1,1,0
1039093681,0,0,0,0,1,0
813467726,0,0,0,1,1,0
582954523,0,0,0,0,1,0
509056809,0,0,0,0,1,0
583205235,0,0,0,1,1,0
509320296,0,0,0,1,1,0
510047880,0,0,0,0,1,0
1041823142,0,0,0,1,0,0
1042842432,0,0,0,1,1,0
476760491,0,0,0,0,1,0
476800666,0,0,0,1,1,0
585439502,0,0,0,1,1,0
477006767,0,0,0,1,0,0
1044916752,0,0,0,0,0,0
512362882,0,0,0,1,0,0
477309080,0,0,0,0,1,0
585849333,0,0,0,0,1,0
477552640,0,0,0,0,1,0
512455607,0,0,0,1,1,0
585968039,0,0,0,1,1,0
477660093,0,0,0,1,1,0
477824021,0,0,0,0,0,0
1047668299,0,0,0,1,0,0
586584556,0,0,0,1,1,0
825336607,0,0,0,0,1,0
513726022,0,0,0,0,1,0
587326472,0,0,0,0,1,0
587515464,0,0,0,0,1,0
587569514,0,0,0,1,1,0
1050665527,0,0,0,1,0,0
827287514,0,0,1,1,1,0
587665339,0,0,0,0,1,0
1052685680,0,0,0,1,1,0
829400054,0,0,0,0,1,0
515271142,0,0,0,0,1,0
831741072,0,0,0,0,1,0
516038414,0,0,0,0,1,0
834186096,0,0,0,0,1,0
516737722,0,0,0,1,0,0
516811154,0,0,0,0,1,0
835249056,0,0,0,1,0,0
835763546,0,0,0,1,0,0
517073805,0,0,0,0,1,0
517400735,0,0,0,0,1,0
1058497004,0,0,0,1,1,0
517883021,0,0,0,0,1,0
838292834,0,0,0,1,1,0
591104103,0,0,0,1,0,0
1059054242,0,0,0,0,1,0
841859053,0,0,0,0,0,0
592579646,0,0,0,1,1,0
1062916164,0,0,0,0,1,0
593546714,0,0,0,1,0,0
845102904,0,0,0,1,1,0
1064278820,0,0,0,0,1,0
1064992789,0,0,0,1,1,0
594583577,0,0,0,0,1,0
594651076,0,0,0,0,0,0
594683175,0,0,0,1,1,0
848909828,0,0,0,1,0,0
522925470,0,0,0,1,1,0
1065760964,0,0,0,1,1,0
594960544,0,0,0,0,1,0
523331583,0,0,0,0,1,0
523680032,0,0,0,1,1,0
595539789,0,0,0,1,1,0
851233315,0,0,0,1,1,0
524820621,0,0,0,0,1,0
524836438,0,0,0,0,0,0
852611210,0,0,0,0,1,0
596540298,0,0,0,1,0,0
1069178154,0,0,0,0,1,0
597381176,0,0,0,0,1,0
526482947,0,0,0,0,1,0
855282331,0,0,0,1,1,0
1070376564,0,0,0,1,1,0
1070682204,0,0,0,0,0,0
856270100,0,0,0,1,0,0
1071137462,0,0,0,0,1,0
857857747,0,0,0,0,1,0
1072217274,0,0,0,1,1,0
858190442,0,0,0,0,1,0
528501469,0,0,0,0,1,0
858836726,0,0,0,0,0,0
599343100,0,0,0,1,1,0
1074439423,0,0,0,1,1,0
599940695,0,0,0,0,1,0
600090702,0,0,0,0,1,0
529563591,0,0,0,1,0,0
529711103,0,0,0,1,1,0
862068776,0,0,0,1,1,0
862114981,0,0,0,0,1,0
531280420,0,0,0,0,1,0
601192738,0,0,0,1,1,0
863369492,0,0,0,1,1,0
601256893,0,0,0,1,0,0
531442979,0,0,0,1,1,0
531640494,0,0,0,0,1,0
601810260,0,0,0,0,1,0
602182097,0,0,0,1,0,0
602212821,0,0,0,1,1,0
1081092084,0,0,0,0,0,0
533130509,0,0,0,0,1,0
1082746016,0,0,0,1,0,0
1082796816,0,0,0,1,0,0
533552597,0,0,0,0,1,0
1084115989,0,0,0,0,1,0
603836322,0,0,0,0,1,0
868645789,0,0,0,0,1,0
868757713,0,0,0,1,1,0
868906542,0,0,1,0,1,0
535140940,0,0,0,0,1,0
869587356,0,0,0,1,1,0
535333357,0,0,0,1,1,0
870391651,0,0,0,1,0,0
1087095313,0,0,0,0,1,0
605296679,0,0,0,0,1,0
1089293960,0,0,0,1,1,0
1089449275,0,0,0,1,1,0
1090138922,0,0,0,1,1,0
1091884188,0,0,0,1,0,0
875972814,1,0,0,0,0,0
538287562,0,0,0,1,0,0
876501625,0,0,0,0,1,0
608022298,0,0,0,1,1,0
877925696,0,0,0,0,1,0
878747629,0,0,0,1,1,0
1095958825,0,0,0,0,0,0
1096575422,0,0,0,0,1,0
880855315,0,0,0,1,1,0
609496197,0,0,0,1,1,0
882148280,0,0,0,0,1,0
540803768,0,0,0,1,1,0
1099363334,0,0,0,1,0,0
610747900,0,0,0,1,0,0
610861270,0,0,0,0,0,0
610896066,0,0,0,0,1,0
885222252,0,0,0,1,1,0
611783684,0,0,0,1,1,0
542151024,0,0,0,1,1,0
612645350,0,0,0,0,0,0
613523546,0,0,0,0,0,0
889616856,0,0,0,1,1,0
613553896,0,0,0,1,1,0
543842787,0,0,0,1,0,0
1105975490,0,0,0,1,0,0
544470195,0,0,0,0,1,0
545269203,0,0,0,1,0,0
545291748,0,0,0,0,1,0
546039069,0,0,0,0,1,0
546367438,0,0,0,1,1,0
546885822,0,0,0,1,0,0
1111771471,0,0,0,1,1,0
547141135,0,0,0,1,1,0
618038687,0,0,0,0,0,0
547477084,0,0,0,1,1,0
900040604,0,0,0,1,1,0
618382051,0,0,0,0,1,0
547680256,0,0,0,1,1,0
547811916,0,0,0,1,1,0
548605379,0,0,0,1,1,0
548727018,0,0,0,0,1,0
1116460440,0,0,0,1,1,0
620243872,0,0,0,0,1,0
1119028134,0,0,0,1,1,0
621741580,0,0,0,0,1,0
621971039,0,0,0,0,1,0
622239105,0,0,0,0,1,0
908843828,0,0,0,1,0,0
1124327604,0,0,0,1,0,0
624420623,0,0,0,1,1,0
624543149,0,0,0,0,1,0
1127430120,0,0,0,1,1,0
913455692,0,0,0,1,1,0
914725128,0,0,0,0,1,0
1129520276,0,0,0,1,0,0
915739543,0,0,0,0,0,0
1130868744,0,0,0,1,1,0
1130960574,0,0,1,1,1,0
917243564,0,0,0,0,1,0
1132376958,0,0,0,0,0,0
918001130,0,0,0,1,0,0
1133943835,0,0,0,1,0,0
627845498,0,0,0,0,1,0
918993840,0,0,0,0,0,0
628453024,0,0,0,0,1,0
920600658,0,1,0,1,1,0
1137300811,0,0,0,1,0,0
629661106,0,0,0,0,1,0
631128691,0,0,0,1,1,0
631876055,0,0,0,0,1,0
632045063,0,0,0,0,0,0
924714103,0,0,0,0,0,0
632296235,0,0,0,0,1,0
632419314,0,0,0,0,1,0
632742781,0,0,0,0,1,0
632805096,0,0,0,1,0,0
633105430,0,0,0,1,1,0
928712431,0,0,0,0,1,0
1151295038,0,0,0,1,1,0
636107261,0,0,0,0,1,0
930035833,0,0,1,1,1,0
932445193,0,0,0,0,1,0
702445104,0,0,0,0,1,0
702727668,0,0,0,0,1,0
934466887,0,0,0,0,1,0
934949900,0,0,0,1,1,0
936597188,0,0,0,1,1,0
705736374,0,0,0,0,0,0
936902059,0,0,0,1,1,0
706819428,0,0,0,0,1,0
707526853,0,0,0,0,1,0
708429391,0,0,0,1,0,0
938838264,0,0,0,1,0,0
939438061,0,0,0,1,0,0
939617401,0,0,0,1,1,0
711216631,0,0,0,1,1,0
714240744,0,0,0,1,0,0
1168487113,0,0,0,1,1,0
716206832,0,0,0,0,1,0
944648335,0,0,0,1,0,0
944979661,0,0,0,0,0,0
947255689,0,0,0,1,0,0
1174404932,0,0,0,1,0,0
1179541274,0,0,0,1,0,0
951290342,0,0,0,1,1,0
951523590,0,0,0,0,1,0
952055166,0,0,0,0,0,0
953315216,0,0,0,1,1,0
1187572176,0,0,0,0,0,0
1188730825,0,0,0,1,0,0
955497098,0,0,0,0,0,0
1189056510,0,0,0,1,0,0
955806343,0,0,0,1,1,0
1193292998,0,0,0,1,0,0
958530558,0,0,0,1,1,0
961125284,0,0,0,1,1,0
962847698,0,0,0,1,0,0
1204191037,0,0,0,1,0,0
1204535834,0,0,0,1,0,0
964996225,0,0,0,1,1,0
1205795042,0,0,0,1,1,0
1205923694,0,0,0,0,1,0
968446106,0,0,0,1,0,0
970505658,0,0,0,1,0,0
971576125,0,0,0,0,0,0
1216631100,0,0,0,1,1,0
1219155151,0,0,0,0,0,0
1219247983,0,0,0,0,0,0
1219743308,0,0,0,1,0,0
974171288,0,0,0,1,1,0
974190704,0,0,0,1,1,0
974558708,0,0,0,1,1,0
976068038,0,0,0,0,0,0
976844444,0,0,0,0,1,0
977265403,0,0,0,1,1,0
981556177,0,0,0,1,0,0
15350901,0,0,0,0,1,0
407818010,0,0,0,1,1,0
422226730,0,0,0,0,1,0
425138781,0,0,0,0,1,0
120720544,0,0,0,0,1,0
187536784,0,0,0,0,0,0
197602470,0,0,0,0,1,0
207070244,0,0,0,0,1,0
216522413,0,0,0,0,1,0
259680844,0,0,0,1,1,0
301919327,0,0,0,0,1,0
517625408,0,0,0,0,0,0
327900613,0,0,0,0,1,0
522582939,0,0,0,0,1,0
541037205,0,0,0,1,0,0
549083012,0,0,0,0,1,0
558489220,0,0,0,0,1,0
563022345,0,0,0,0,1,0
604758810,0,0,0,0,0,0
835342567,0,0,0,1,1,0
1092912044,0,0,0,1,1,0
1126202310,0,0,0,1,0,0
9011502,0,0,0,0,0,0
52491055,0,0,0,0,1,0
55532545,0,0,0,0,1,0
16043064,0,0,0,0,1,0
20308222,0,0,0,0,1,0
33747826,0,0,0,0,0,0
45314390,0,0,0,0,1,0
48665791,0,0,0,0,1,0
52108988,0,0,0,0,1,0
56697655,0,0,0,0,1,0
83811813,0,0,0,0,1,0
91866745,0,0,0,0,1,0
111628975,0,0,0,0,1,0
114849265,0,0,0,0,1,0
154588620,0,0,0,0,1,0
162092995,0,0,0,0,1,0
168791182,0,0,0,0,1,0
177299735,0,0,0,0,1,0
179588209,0,0,0,1,0,0
190383002,0,0,0,0,1,0
197400952,0,0,0,1,0,0
217533156,0,0,0,0,1,0
222579656,0,0,0,0,1,0
233959454,0,0,0,0,1,0
248292381,0,0,0,0,0,0
252688673,0,0,0,0,1,0
255559955,0,0,0,0,1,0
278618602,0,0,0,0,1,0
295578583,0,0,0,0,0,0
297012777,0,0,0,0,0,0
305187907,0,0,0,0,1,0
318949971,0,0,0,0,0,0
320669433,0,0,0,0,0,0
322051701,0,0,0,0,1,0
327840186,0,0,0,0,0,0
328706026,0,0,0,0,1,0
333960904,0,0,0,0,1,0
337321477,0,0,0,0,1,0
372460791,0,0,0,1,1,0
382247829,0,0,0,0,1,0
418633045,0,0,1,1,1,0
425241854,0,0,0,0,0,0
453285193,0,0,0,0,1,0
469128515,0,0,0,1,0,0
490480487,0,0,0,0,1,0
514338061,0,0,0,1,0,0
521131145,0,0,0,0,0,0
529342153,0,0,0,1,0,0
546314660,0,0,0,0,1,0
604518391,0,0,0,1,0,0
630544784,0,0,0,0,1,0
755461062,0,0,0,0,0,0
755745950,0,0,0,0,1,0
806660965,0,0,0,0,1,0
809654154,0,0,0,1,0,0
810793700,0,0,0,1,1,0
903721722,0,0,0,0,0,0
922305175,0,0,0,1,0,0
925532102,0,0,0,1,0,0
929410398,0,0,0,1,0,0
961773920,0,0,0,1,0,0
1021876490,0,0,0,1,0,0
1096419414,0,0,0,1,0,0
1125217129,0,0,1,0,1,0
1127280169,0,0,0,0,1,0
1156344000,0,0,0,1,0,0
1169114810,1,1,0,1,0,0
1212975186,0,0,0,1,0,0
1213937306,0,0,0,0,1,0
24503,0,0,0,0,1,0
22903,0,0,0,0,1,0
382393,0,0,0,0,1,0
286543,0,0,0,0,1,0
438023,0,0,1,0,1,0
586003,0,0,0,0,1,0
628563,0,0,0,0,1,0
769985,0,0,0,0,1,0
2007021,0,0,0,0,1,0
2731681,0,0,0,0,0,0
3909541,0,0,0,0,1,0
5863152,0,0,0,0,1,0
6082972,0,0,0,0,1,0
6175692,0,0,1,0,0,0
6196392,0,0,1,0,1,0
6618042,0,0,0,0,1,0
6677972,0,0,0,0,1,0
7246122,0,0,0,0,1,0
7527052,0,0,1,1,0,0
7773732,0,0,0,1,1,0
8029522,0,0,0,0,1,0
9664862,0,0,0,0,1,0
12179872,0,0,0,0,1,0
12551742,0,0,0,0,1,0
12700622,0,0,1,0,1,0
12765892,0,0,0,0,0,0
14321616,0,0,0,0,1,0
14443340,0,0,0,0,1,0
14561441,0,0,0,0,1,0
15455450,0,0,0,0,1,0
15453624,0,0,0,0,1,0
15622858,0,0,0,0,1,0
15788159,0,0,0,0,1,0
15922136,0,0,1,0,1,0
16002194,0,0,0,0,1,0
16183526,0,0,0,0,1,0
16270293,0,0,0,0,1,0
16303802,0,0,0,0,1,0
16649518,0,0,0,0,1,0
17085112,0,0,0,0,0,0
17283453,0,0,0,0,1,0
17421795,0,0,0,0,1,0
17426567,0,0,0,0,1,0
17844234,0,0,0,0,1,0
17992531,0,0,0,0,0,0
18721974,0,0,0,0,1,0
18874774,0,0,0,0,0,0
19706832,0,0,0,0,1,0
19701419,0,0,0,0,1,0
19973780,0,0,0,0,1,0
20303000,0,0,1,0,1,0
20542869,0,0,0,0,1,0
20681942,0,0,1,0,1,0
21133252,0,0,1,1,1,0
22015162,0,0,0,0,1,0
22521283,0,0,0,0,1,0
22598920,0,0,0,0,1,0
22596491,0,0,1,0,1,0
22624920,0,0,0,0,1,0
22710614,1,1,1,1,0,0
22752192,0,0,1,1,0,0
22970058,0,0,0,0,1,0
23770754,0,0,1,0,0,0
24176877,0,0,0,0,1,0
25046383,0,0,0,1,1,0
25484842,0,0,0,0,1,0
26261259,0,0,1,0,0,0
27315878,0,0,0,0,1,0
29742445,0,0,0,0,1,0
31135311,0,0,0,0,1,0
31379656,0,0,0,0,1,0
33516491,0,0,0,0,1,0
33679344,0,0,0,0,1,0
34580222,0,0,0,0,1,0
36286962,0,0,0,0,1,0
37186955,0,0,0,0,0,0
37204587,0,0,0,0,1,0
39201963,0,0,0,0,1,0
40337017,0,0,0,0,1,0
43775439,0,0,0,0,1,0
44358439,0,0,1,1,0,0
44604091,0,0,0,0,1,0
45110939,0,0,0,0,1,0
45399578,0,0,0,0,1,0
45562154,0,0,1,1,0,0
45603460,0,0,1,0,0,0
47588692,0,0,0,0,1,0
47610275,0,0,0,1,1,0
47708690,0,0,0,0,1,0
49683347,0,0,1,1,0,0
49726434,0,0,0,1,1,0
49951518,0,0,0,0,1,0
49961511,0,0,1,0,0,0
50594775,0,0,0,0,1,0
50606585,0,0,0,0,1,0
50650272,0,0,0,0,1,0
51065893,0,0,1,1,1,0
51169895,0,0,0,0,1,0
51484684,0,0,0,0,1,0
52140322,0,0,0,1,1,0
53400463,0,0,0,0,1,0
56336047,0,0,1,0,1,0
57573169,0,0,0,0,1,0
58017998,0,0,1,0,1,0
58436154,0,0,0,0,0,0
60340425,0,0,0,0,0,0
60490488,0,0,0,0,1,0
63501503,0,0,1,1,0,0
65402914,0,0,1,0,1,0
67253599,0,0,0,0,1,0
67887304,0,0,0,0,1,0
68123840,0,0,1,0,0,0
68800287,0,0,1,0,1,0
68940614,0,0,0,0,1,0
69575984,0,0,1,0,1,0
70228722,0,0,0,0,1,0
74861616,0,0,0,0,1,0
76612795,0,0,0,0,0,0
78845364,0,0,0,0,1,0
82062642,0,0,0,0,1,0
82118682,0,0,1,1,0,0
84361482,0,0,0,0,1,0
84543942,0,0,1,0,0,0
84838434,0,0,0,0,1,0
85850428,0,0,1,0,0,0
86538176,0,0,0,0,1,0
86626503,0,0,0,0,1,0
86999643,0,0,0,0,0,0
87029466,0,0,0,0,0,0
90436636,0,0,0,0,1,0
91696007,0,0,0,0,1,0
93378883,0,0,0,0,1,0
96114847,0,0,1,1,0,0
96146127,0,0,0,0,0,0
96360063,0,0,0,0,1,0
96450599,0,0,0,0,1,0
96454595,0,0,1,0,0,0
96727791,0,0,0,1,0,0
96737211,0,0,0,0,1,0
98127075,0,0,0,0,1,0
103087081,0,0,0,0,1,0
105768989,0,0,0,0,1,0
107193314,0,0,0,0,1,0
107471115,0,0,0,0,1,0
107991930,0,0,0,1,0,0
108051742,0,0,0,1,0,0
109651861,0,0,0,0,1,0
109848907,0,0,0,0,1,0
110177863,0,0,0,1,1,0
111054613,0,0,0,0,1,0
112232553,0,0,1,1,0,0
112419862,0,0,0,0,1,0
112986371,0,0,1,1,1,0
113134931,0,1,1,1,0,0
113971060,0,0,1,0,0,0
114726248,0,0,0,0,1,0
118241739,0,0,1,1,0,0
118667244,0,0,0,1,1,0
121045001,0,0,0,0,1,0
122111595,0,0,0,0,1,0
125622122,0,0,0,1,1,0
125796953,0,0,0,0,1,0
126065059,0,0,0,0,1,0
126611558,0,0,0,1,1,0
128857854,0,0,0,0,1,0
129176007,0,0,0,1,1,0
129515952,0,0,0,0,1,0
131197741,0,0,0,0,1,0
131202911,0,0,1,0,1,0
131559802,0,0,0,0,1,0
131636321,0,0,1,0,1,0
132569641,0,1,1,0,0,0
136368506,0,0,1,1,0,0
139321563,0,0,1,0,1,0
140527863,0,0,0,0,1,0
142239909,0,0,1,1,0,0
144226252,0,0,0,0,1,0
145422178,0,0,1,0,1,0
146215776,0,0,0,0,1,0
149248959,0,0,0,0,1,0
151607467,0,0,0,0,1,0
152905850,0,0,0,0,1,0
154197349,0,0,0,0,0,0
154477852,0,0,0,0,1,0
154547583,0,0,0,0,1,0
156039467,0,0,0,0,1,0
157042531,0,0,0,0,1,0
157604170,0,0,0,0,1,0
160557792,0,0,0,0,0,0
163075114,0,0,0,1,1,0
163479707,0,0,0,1,1,0
167823878,0,0,0,0,1,0
171640056,0,0,0,0,1,0
171971541,0,0,1,0,0,0
173411197,0,0,0,0,1,0
174354016,0,0,0,1,1,0
180573776,0,0,0,0,1,0
180912768,0,0,0,0,1,0
182511218,0,0,0,0,1,0
183959464,0,0,0,0,1,0
184048837,0,0,0,0,1,0
184777483,0,0,0,0,1,0
185178011,0,0,0,1,0,0
185771893,0,0,0,1,1,0
188047458,0,0,0,0,1,0
188043254,0,0,0,1,1,0
189152524,0,0,0,0,0,0
192912616,0,0,1,0,0,0
195763762,0,0,0,0,1,0
196179205,0,0,0,0,0,0
201724641,0,0,0,1,1,0
202220813,0,0,0,0,1,0
202326763,0,0,1,1,0,0
203583202,0,0,0,0,1,0
204444302,0,0,0,0,0,0
204808236,0,0,0,0,1,0
207138462,0,0,1,1,0,0
207490418,0,0,0,1,1,0
210525855,0,0,0,0,1,0
211462267,0,0,0,0,1,0
213981500,0,0,0,0,0,0
214967682,0,0,1,1,1,0
215992174,0,0,1,1,0,0
217232725,0,0,0,0,0,0
220859239,0,0,0,0,1,0
221964205,0,0,0,0,1,0
222893837,0,0,0,1,1,0
223007169,0,0,0,1,0,0
225060606,0,0,1,1,0,0
226576785,0,0,0,0,1,0
226923750,0,0,0,0,0,0
228711740,0,0,0,0,1,0
233533428,0,0,0,1,1,0
233890781,0,0,0,1,0,0
234430637,0,0,0,0,1,0
237886553,0,0,1,1,0,0
238505344,0,0,0,0,1,0
242272799,0,0,0,0,1,0
248134718,0,0,1,1,1,0
252679829,0,0,0,0,1,0
254602977,0,0,0,1,1,0
255499265,0,0,0,0,1,0
257111136,0,0,0,0,0,0
257400824,0,0,0,1,1,0
264133279,0,0,0,0,1,0
265017059,0,0,0,1,1,0
265731317,0,0,0,0,1,0
267989312,0,0,0,0,1,0
271374532,0,0,1,0,0,0
272121120,0,0,0,1,0,0
272911207,0,0,0,0,1,0
275183383,0,0,0,0,0,0
276983152,0,0,1,1,1,0
281234838,0,0,0,1,0,0
282523842,0,0,0,0,1,0
283013230,0,0,0,0,1,0
286690782,0,0,0,1,0,0
286841761,0,0,0,0,1,0
290147254,0,0,1,1,0,0
290494853,0,0,0,0,1,0
290585680,0,0,0,1,1,0
291949510,0,0,0,1,1,0
297023247,0,0,0,0,0,0
299618434,0,0,1,1,0,0
303061039,0,0,0,0,0,0
304268784,0,0,0,0,1,0
312691936,0,0,0,0,1,0
317336535,0,0,0,1,1,0
321282277,0,0,0,0,0,0
326716112,0,0,0,0,1,0
328117388,0,1,1,1,0,0
331349150,0,0,0,0,1,0
338966793,0,0,0,0,1,0
342957744,0,0,1,0,0,0
343931635,0,0,0,0,1,0
344675728,0,0,0,0,0,0
344780239,0,0,0,1,0,0
344955391,0,0,0,0,1,0
353254693,0,0,1,1,0,0
353608206,0,0,0,0,1,0
356979186,0,0,0,0,1,0
359370934,0,0,1,0,0,0
365993895,0,0,0,0,1,0
370595287,0,0,0,0,1,0
372786191,0,0,0,0,1,0
374138547,0,0,0,0,1,0
378814988,0,1,1,1,0,0
379176983,0,0,1,1,0,0
379296310,0,0,0,0,1,0
379728710,0,0,0,1,0,0
381384396,0,0,1,1,0,0
383145557,0,0,0,0,1,0
384547005,0,0,1,0,1,0
384858886,0,0,0,1,0,0
392094997,0,0,0,0,1,0
393255100,0,0,1,1,0,0
395890746,0,0,0,0,0,0
397337275,0,0,0,0,1,0
400741034,0,0,0,0,1,0
400826236,0,0,0,0,1,0
402034337,0,0,0,0,0,0
405135128,0,0,1,0,1,0
405611085,0,0,0,0,1,0
406150965,0,0,0,0,1,0
406923780,0,0,0,0,1,0
407302551,0,0,1,0,0,0
408637014,0,0,0,1,0,0
409297732,0,0,0,0,1,0
409503051,0,0,1,1,0,0
410193975,0,0,0,0,1,0
412604603,0,0,1,0,0,0
421319874,0,0,0,0,1,0
423410028,0,0,0,0,1,0
423649561,0,0,0,0,0,0
424920096,0,0,0,0,1,0
425209420,0,0,1,1,0,0
426932675,0,0,1,1,0,0
428213157,0,0,1,1,0,0
428259355,0,0,0,0,0,0
428434740,0,0,0,1,1,0
429414906,0,0,0,0,1,0
433988089,0,0,1,0,1,0
435045600,0,0,1,1,0,0
437392860,0,0,1,1,1,0
437721739,1,0,1,1,0,0
550428173,0,0,0,0,0,0
479506412,0,0,0,0,0,0
440128266,0,0,0,0,1,0
479815906,0,0,0,1,1,0
986364644,0,0,0,1,1,0
552027659,0,0,0,1,1,0
724632068,0,0,0,0,0,0
987245388,0,0,0,0,0,0
442592200,0,0,1,1,1,0
482148232,0,0,0,1,1,0
446366385,0,0,0,0,0,0
483227930,0,0,0,0,1,0
483838785,0,0,0,0,1,0
449195625,0,0,1,1,1,0
995328134,0,0,0,0,1,0
486991172,0,0,0,0,1,0
487275447,0,1,1,1,0,0
452726181,0,0,0,0,0,0
453034522,0,0,0,1,1,0
487880355,0,0,0,1,1,0
754656198,0,0,1,1,0,0
1001305494,0,0,0,1,1,0
561814955,0,0,0,1,1,0
766507921,0,0,1,0,1,0
491275814,0,0,0,0,1,0
491391312,0,0,1,0,0,0
769388442,0,0,0,1,1,0
564751387,0,0,0,1,1,0
565292271,0,0,0,0,1,0
493462829,0,0,0,1,1,0
493919122,0,0,0,1,0,0
462251578,0,1,1,1,0,0
495378971,0,0,0,1,0,0
464014539,0,0,1,0,0,0
1017001452,0,0,0,0,0,0
1018511592,0,1,1,1,0,0
499717759,0,0,0,0,1,0
573824373,0,0,0,0,1,0
499933271,0,0,0,1,1,0
469218793,0,0,0,0,1,0
501066121,0,0,0,0,1,0
469454275,0,0,0,0,1,0
1028535421,0,0,0,1,1,0
578266551,0,0,0,0,1,0
504803459,0,0,0,1,0,0
504944262,0,0,0,0,1,0
475246008,0,0,0,0,1,0
475693524,0,1,1,1,1,0
819790166,0,0,0,0,0,0
477087533,0,0,0,0,0,0
515405009,0,0,0,0,0,0
515909793,0,0,1,0,1,1
833089766,0,0,0,1,1,0
834141984,0,0,0,1,0,0
525408377,0,0,1,1,1,0
526702246,0,0,1,1,0,0
602758496,0,0,1,0,1,0
866254687,0,0,0,1,1,0
535670031,0,0,1,0,0,0
605521007,0,0,0,0,0,0
536512353,0,0,1,1,0,0
538395588,0,0,0,0,0,0
607937852,0,0,0,1,1,0
539143317,0,0,0,0,1,0
543301439,0,0,1,1,1,0
543727249,0,0,0,0,1,0
614249086,0,0,0,0,1,0
893784643,0,0,0,0,1,0
898218318,0,0,1,0,0,0
899934248,0,0,0,0,1,0
621508569,0,0,1,1,0,0
622618462,0,0,1,1,0,0
916815853,0,0,0,1,1,0
919599445,0,0,0,0,1,0
629208634,0,0,0,1,1,0
1147652996,0,1,1,1,0,0
938775151,0,0,0,0,0,0
947759960,0,0,0,0,0,0
948165787,0,0,1,1,0,0
955966339,0,0,0,0,0,0
960978096,0,0,1,1,0,0
962500717,0,0,0,1,0,0
964327405,0,0,0,0,0,0
968350345,0,0,0,0,1,0
971643848,0,0,0,1,1,0
974434579,0,0,1,1,1,0
982398253,0,0,1,1,0,0
982457101,0,0,1,1,0,0
982676647,0,0,1,1,0,0
11990112,0,0,0,0,1,0
14474989,0,0,0,0,0,0
14867242,0,0,1,0,0,0
15530118,0,0,0,0,0,0
17498356,0,0,0,1,0,0
19861856,0,0,0,0,1,0
22407164,0,0,1,1,0,0
22600059,0,1,1,1,0,0
22840934,0,0,0,0,1,0
22994885,0,0,0,0,1,0
30638954,0,0,0,0,1,0
31107779,0,0,0,1,0,0
45434489,0,0,0,0,1,0
47081262,0,0,0,1,1,0
47637732,0,0,0,0,1,0
61728897,0,0,0,0,0,0
72863207,0,0,0,0,1,0
80849401,0,0,0,0,1,0
91866630,0,0,0,0,0,0
96109716,0,0,0,0,0,0
118197667,0,0,0,0,0,0
133387350,0,0,0,0,0,0
206326866,0,1,1,1,0,0
240173232,0,0,0,0,0,0
240821668,0,0,1,1,0,0
254497239,0,0,0,0,1,0
281623827,0,0,1,0,1,0
294182639,0,0,1,0,0,0
305476548,0,0,0,0,0,0
333412049,0,0,0,1,1,0
339887833,0,0,0,0,0,0
363161920,0,0,0,0,1,0
394789922,0,0,0,0,1,0
397034400,0,0,1,0,0,0
425767265,0,1,1,1,0,0
425878819,0,0,0,0,0,0
443896569,0,0,0,0,1,0
488525613,0,0,1,1,0,0
583885189,0,0,0,1,1,0
588147020,0,0,1,1,0,0
614133542,0,0,0,1,1,0
780431689,0,0,1,1,0,0
791830218,0,0,1,1,0,0
821873300,0,1,1,1,0,0
832044601,0,0,1,1,0,0
851100607,0,0,0,1,0,0
890871740,0,0,1,1,0,0
975603631,0,1,1,1,0,0
980531466,0,0,1,1,0,0
983033413,0,0,1,0,0,0
1010894497,0,0,0,0,0,0
39588706,0,0,1,1,0,0
13972932,0,0,0,0,1,0
90626911,0,0,1,0,1,0
321257315,0,0,0,0,0,0
616206452,0,0,0,0,1,0
616226398,0,0,0,0,1,0
1129016958,0,0,0,0,1,0
1174566572,0,0,1,0,1,0
107013897,0,0,0,0,1,0
1175053682,0,0,0,0,1,0
1175677580,0,0,0,0,1,0
334249560,0,0,0,0,1,0
88866261,1,0,1,1,1,1
1174778426,0,0,0,0,1,0
616296594,0,0,0,0,1,0
616544230,0,0,1,0,1,0
1130216966,0,0,1,0,1,0
401190123,1,0,1,1,1,0
616325196,0,0,0,0,1,0
617745271,0,0,0,0,1,0
1374959215,1,0,1,1,0,0
716473104,0,0,0,0,1,0
1372493953,1,0,0,1,0,0
1124360551,0,0,0,0,1,0
1176045456,0,0,0,0,1,0
157864555,0,0,1,1,1,0
189730759,1,0,1,0,1,0
1174317492,0,0,0,0,1,0
1174360562,1,0,0,0,0,1
616891841,0,0,0,0,1,0
1176037879,0,0,0,1,1,0
202155524,1,0,1,1,1,0
617788541,0,0,0,0,1,0
1127297354,0,0,0,0,1,0
53671214,1,0,1,0,1,1
1127411401,0,0,1,0,1,0
1174898036,0,0,0,0,1,0
1174457058,0,0,0,1,1,0
1176067166,0,0,1,0,1,0
616224637,0,0,1,0,1,0
1176223429,0,0,1,0,1,0
229286608,1,0,1,1,1,1
202511395,0,0,0,0,1,1
129899218,1,0,1,1,1,0
616302072,0,0,1,0,1,0
617236155,0,0,0,0,1,0
1176174571,0,0,0,0,1,0
617710286,0,0,0,0,1,0
616337604,0,0,1,0,1,0
617605452,0,0,0,0,1,0
185933483,1,0,0,0,1,0
1176150378,0,0,1,0,1,0
422415442,1,0,1,1,1,0
181225107,1,0,1,1,1,0
616223567,0,0,0,0,1,0
1176388189,0,0,0,0,1,0
616448213,0,0,0,0,1,0
621412525,0,0,0,0,1,0
1127216318,0,0,0,0,1,0
346747623,0,0,0,0,1,0
1175840936,0,0,1,0,1,0
130303998,0,0,0,0,1,0
1174387664,0,0,0,0,1,0
1128486390,0,0,0,0,1,0
617078388,0,0,0,0,1,0
619219990,0,0,0,0,1,0
1127822533,0,0,0,0,1,0
1175872345,0,0,0,0,1,0
361350314,1,0,1,1,1,0
355993172,0,0,1,1,1,0
1175711664,0,0,0,0,1,0
295394982,1,0,0,1,1,0
1176288571,0,0,0,0,1,0
1130535104,0,0,0,1,1,0
617538588,0,0,1,0,1,0
622793906,0,0,0,0,1,0
585883867,0,0,0,1,1,0
1126962823,0,0,1,0,1,0
616288152,0,0,0,0,1,0
1176054547,0,0,0,0,1,0
616222843,0,0,0,0,1,0
617867481,0,0,0,0,1,0
616208980,0,0,0,0,1,0
616300077,0,0,0,0,1,0
1176172730,0,0,0,0,1,0
1176198690,0,0,0,0,1,0
1175719664,0,0,0,0,1,0
1176274290,0,0,0,1,1,0
1174713944,0,0,0,0,1,0
617279109,0,0,0,0,1,0
109075883,0,0,1,0,1,0
616646437,0,0,0,0,1,0
1176405116,0,0,0,0,1,0
1124739583,0,0,0,0,1,0
1174855417,0,0,0,0,1,0
617173576,0,0,0,0,1,0
291191096,1,0,1,0,1,0
20726266,1,0,1,1,1,1
152846674,1,0,1,1,1,0
1174342740,0,0,0,0,1,0
169433349,0,0,0,0,1,0
479340177,1,0,1,1,1,0
1174811528,0,0,0,0,1,0
1208410542,0,0,0,0,0,0
616303560,0,0,0,0,1,0
620739715,0,0,0,0,1,0
1373450377,1,0,1,0,0,0
616285401,0,0,1,0,1,0
242186430,0,0,0,1,1,0
622524146,0,0,1,0,1,0
199815995,0,0,1,0,1,1
54047372,1,0,1,1,1,0
1129288938,0,0,0,0,1,0
332882634,0,0,0,0,1,0
619513437,0,0,0,0,1,0
292442271,1,0,1,0,1,0
392188753,0,0,1,1,1,0
616217939,0,0,0,0,1,0
710814337,0,0,1,0,1,0
1174982719,0,0,0,0,1,0
708529440,0,0,0,0,1,0
1174680708,0,0,0,0,1,0
1174627123,0,0,1,0,1,0
619683215,0,0,1,0,1,0
394416247,1,0,1,1,1,0
223329964,0,0,0,1,1,0
57757511,0,0,1,0,1,0
1174876764,0,0,1,0,1,0
617494611,0,0,0,0,1,0
714583566,0,0,0,0,1,0
617452824,0,0,0,0,1,0
1175734488,0,0,0,0,1,0
617111228,0,0,0,0,1,0
616229522,0,0,0,0,1,0
1175951042,0,0,0,0,1,0
1174435964,0,0,0,0,1,0
245280307,1,0,0,0,1,0
1176283176,0,0,0,0,1,0
1176090313,0,0,0,0,1,0
1175980688,0,0,0,0,1,0
402630337,0,0,0,0,1,0
618223383,0,0,0,0,1,0
1385228084,0,0,1,0,0,0
329489449,1,0,1,1,1,0
112131340,1,0,1,1,1,0
1176301609,0,0,0,0,1,0
617437469,0,0,0,0,1,0
621414410,0,0,0,0,1,0
616220414,0,0,0,0,1,0
1208295348,1,0,1,1,0,0
616218947,0,0,1,0,1,0
618945271,0,0,1,0,1,0
261915122,0,0,1,1,1,0
616308387,0,0,0,0,1,0
616263058,0,0,0,0,1,0
617590863,0,0,0,0,1,0
104657589,1,0,1,1,1,0
544481555,1,0,1,1,1,0
1176024900,0,0,0,0,1,0
1175006178,0,0,0,0,1,0
616758171,0,0,0,0,1,0
1176177198,0,0,1,0,1,0
617662277,0,0,0,0,1,0
1174400497,0,0,1,0,1,0
616217762,0,0,1,0,1,0
617888487,0,0,0,0,1,0
619810380,0,0,0,0,1,0
618615426,0,0,1,0,1,0
617245921,0,0,0,0,1,0
558153258,1,0,1,0,1,0
620687869,0,0,0,0,1,0
394725471,0,0,0,0,1,0
616500089,0,0,0,0,1,0
1129401444,0,0,0,0,1,0
384501016,1,0,1,1,1,0
617732455,0,0,0,0,1,0
1127827542,0,0,1,1,1,0
616227562,0,0,1,0,1,0
1128706746,0,0,0,0,1,0
1174648291,0,0,0,0,1,0
1175720130,0,0,1,0,1,0
504867024,1,0,1,0,1,1
1130534586,0,0,0,0,1,0
328612451,1,0,1,1,1,0
620777740,0,0,0,0,1,0
1130259265,0,0,0,0,1,0
97275343,1,0,1,1,1,0
1219039568,0,0,1,0,0,0
1129803002,0,0,0,0,1,0
1130225450,0,0,0,0,1,0
1129901942,0,0,0,0,1,0
1127132214,0,0,0,0,1,0
616211479,0,0,0,0,1,0
619369704,0,0,0,0,1,0
616210933,0,0,0,0,1,0
10935572,0,0,1,1,1,0
1174762351,0,0,1,0,1,0
616727070,0,0,0,0,1,0
92525390,1,0,1,0,1,1
616854398,0,0,0,0,1,0
1175993282,1,0,0,0,1,0
597614760,0,0,1,1,1,0
1174933712,0,0,0,0,1,0
620896239,0,0,0,0,1,0
582855209,1,0,1,1,1,1
195874688,0,0,1,0,1,0
1174670046,0,0,0,0,1,0
1129937737,0,0,0,0,1,0
1129397028,1,0,1,1,1,0
616205957,0,0,1,0,1,0
1175898612,0,0,0,0,1,0
1130403349,0,0,0,0,1,0
1127894718,0,0,0,0,1,0
616299699,0,0,0,0,1,0
1175757835,0,0,0,0,1,0
202440814,1,0,0,0,1,0
1174409298,0,0,0,0,1,0
1175883632,0,0,0,0,1,0
616231447,0,0,1,0,1,0
716451656,0,0,0,0,1,0
617279835,0,0,0,0,1,0
52346698,1,0,1,1,1,0
622304985,0,0,0,0,1,0
1176194707,1,0,1,0,1,0
710092674,0,0,0,0,1,0
466557338,0,0,0,1,1,0
1175062736,0,0,0,0,1,0
475035176,0,0,0,0,1,0
1174553017,0,0,0,0,1,0
231035428,1,0,1,1,1,0
1127880368,0,0,0,0,1,0
158541730,1,0,1,0,1,0
129729416,0,0,1,1,1,0
233884874,1,0,1,1,1,0
1128394315,0,0,0,0,1,0
50449844,0,0,1,0,1,0
616874546,0,0,1,0,1,0
616285149,0,0,0,0,1,0
261627134,0,0,1,0,1,0
616230778,0,0,1,0,1,0
1127066796,0,0,0,0,1,0
616300368,0,0,0,0,1,0
1174700300,0,0,0,0,1,0
616977822,0,0,0,0,1,0
616221038,0,0,0,0,1,0
529329358,1,0,1,1,1,1
1176249991,1,0,0,0,1,0
620696383,0,0,1,0,1,0
222154371,1,0,1,0,1,0
1387393236,1,0,0,0,0,0
1124550980,0,0,1,1,1,0
1129290072,0,0,0,0,1,0
1175848021,0,0,0,0,1,0
617400276,0,0,0,0,1,0
1174775082,0,0,0,0,1,0
716289278,0,0,0,0,1,0
1176279901,0,0,0,0,1,0
616218743,0,0,0,0,1,0
617733045,0,0,0,0,1,0
1127914004,0,0,1,0,1,0
618215489,0,0,0,0,1,0
1128666674,0,0,0,0,1,0
616755124,0,0,0,0,1,0
616304159,0,0,0,0,1,0
1176070208,0,0,1,0,1,0
616566914,0,0,0,0,1,0
94528740,1,0,1,1,1,0
1175741276,0,0,0,0,1,0
619448053,0,0,0,0,1,0
616753922,0,0,0,0,1,0
508032449,1,0,1,1,1,1
1127839795,0,0,0,0,1,0
1175025703,0,0,0,0,1,0
616791162,0,0,0,0,1,0
1174694204,0,0,0,0,1,0
616225522,0,0,1,0,1,0
412614875,1,0,1,1,1,0
1176358165,0,0,0,0,1,0
1175782370,0,0,0,0,1,0
105696650,0,0,0,0,1,0
1130538576,0,0,0,0,1,0
83697927,0,0,1,1,1,0
545647644,1,0,0,1,1,0
1174435530,1,0,1,0,1,0
1175904811,1,0,0,0,1,0
616583718,0,0,0,0,1,0
443037335,1,0,1,1,1,0
616224125,0,0,0,0,1,0
1127023860,0,0,0,0,1,0
1175791177,0,0,0,0,1,0
1127645011,0,0,0,0,1,0
620259574,0,0,1,0,1,0
1367487373,0,0,1,1,0,0
617309307,0,0,0,0,1,0
617447770,0,0,1,0,1,0
712317120,0,0,1,0,1,0
616225411,0,0,0,0,1,0
151474227,0,0,1,1,1,0
618499240,0,0,0,0,1,0
619235948,0,0,0,0,1,0
253111142,0,0,0,0,1,0
1130110020,0,0,0,0,1,0
621412482,0,0,0,0,1,0
1207752978,0,0,1,0,0,0
617276858,0,0,0,0,1,0
616218488,0,0,0,0,1,0
252139342,0,0,1,1,1,0
1174330140,0,0,0,0,1,0
1174885004,0,0,0,0,1,0
611817370,0,0,0,0,1,0
1391998039,1,0,0,1,0,1
1176031873,0,0,1,0,1,0
1174750884,0,0,0,0,1,0
619441415,0,0,0,0,1,0
616211005,0,0,0,0,1,0
617236411,0,0,0,0,1,0
617293369,0,0,0,0,1,0
1176277345,0,0,0,0,1,0
290499654,1,0,0,0,1,0
1127303257,0,0,0,0,1,0
617398277,0,0,1,0,1,0
616219076,0,0,0,0,1,0
1175943655,0,0,1,0,1,0
1387702238,1,0,1,1,0,0
616212148,0,0,0,0,1,0
1176319747,0,0,1,0,1,0
616231544,0,0,0,0,1,0
1176344617,0,0,0,0,1,0
616224133,0,0,0,0,1,0
617342164,0,0,0,0,1,0
1174944620,0,0,0,0,1,0
618136325,0,0,0,0,1,0
1127515314,0,0,1,0,1,0
1174402410,0,0,0,0,1,0
1175806116,0,0,0,0,1,0
1128697718,0,0,0,0,1,0
616234909,0,0,0,0,1,0
34589722,1,0,1,1,1,0
616438405,0,0,0,0,1,0
1130213556,0,0,0,0,1,0
622866052,0,0,0,0,1,0
1174898930,0,0,0,0,1,0
1174804556,0,0,0,0,1,0
335052095,0,0,1,1,1,0
617843808,0,0,1,0,1,0
93225500,1,0,1,1,1,0
1175992374,0,0,0,0,1,0
1175000504,0,0,0,0,1,0
616650103,0,0,0,0,1,0
1176127388,0,0,0,0,1,0
1175788465,0,0,0,0,1,0
1176267397,0,0,0,0,1,0
101399567,1,0,1,1,1,1
616312923,0,0,0,0,1,0
245685332,0,0,1,0,1,0
618549078,0,0,0,0,1,0
404334610,1,0,1,0,1,0
358263991,1,0,1,1,1,0
1208757007,0,0,0,0,0,0
1124447899,0,0,0,0,1,0
1175933244,0,0,0,0,1,0
1175633166,0,0,0,0,1,0
333805197,1,0,1,1,1,1
622357843,0,0,0,0,1,0
303932719,0,0,1,1,1,0
1174509800,0,0,0,0,1,0
616287702,0,0,0,0,1,0
89963109,0,0,1,1,1,0
319071294,0,0,1,1,1,0
147266930,1,0,1,0,1,0
616862788,0,0,1,0,1,0
620776121,0,0,0,0,1,0
84539426,1,0,1,0,1,0
616218557,0,0,0,0,1,0
1174742864,0,0,0,0,1,0
212928560,0,0,0,0,1,0
1175772264,0,0,0,0,1,0
1175629345,0,0,0,0,1,0
1127260830,0,0,0,0,1,0
1176382580,0,0,1,0,1,0
1174331750,0,0,0,0,1,0
616810995,0,0,0,0,1,0
1175868074,0,0,1,0,1,0
422318647,1,0,1,1,1,0
616210814,0,0,0,0,1,0
616206656,1,0,1,0,1,0
29940598,0,0,0,0,1,0
616561810,0,0,0,0,1,0
1129905792,0,0,0,0,1,0
128620164,1,0,1,1,1,0
616687643,0,0,0,0,1,0
135026061,0,0,1,1,1,0
618689737,0,0,0,0,1,0
617471280,0,0,0,0,1,0
616871628,0,0,0,0,1,0
622928583,0,0,0,0,1,0
173215914,1,0,1,1,1,0
1176151704,0,0,0,0,1,0
1176419695,0,0,0,0,1,0
73473444,0,0,0,0,1,0
351514291,0,0,0,0,1,0
616997089,0,0,0,0,1,0
616222607,0,0,0,0,1,0
616230280,0,0,0,0,1,0
616299006,0,0,0,0,1,0
1126921074,0,0,0,0,1,0
1174847785,0,0,0,0,1,0
616394546,0,0,0,0,1,0
617824831,0,0,0,0,1,0
207293756,0,0,0,0,1,0
1124807293,0,0,0,0,1,0
1128355266,0,0,0,0,1,0
617410411,0,0,0,0,1,0
616224899,0,0,0,0,1,0
1175653093,0,0,0,0,1,0
616535986,0,0,0,0,1,0
1175634584,0,0,0,0,1,0
1386172154,0,0,1,1,0,0
1174789676,0,0,0,0,1,0
616304457,0,0,0,0,1,0
1128816360,0,0,0,0,1,0
616229738,0,0,0,0,1,0
620419987,0,0,0,0,1,0
379259119,0,0,1,1,1,0
617096658,0,0,0,0,1,0
616392153,0,0,0,0,1,0
1127241931,0,0,0,0,1,0
270595940,1,0,1,0,1,0
616232053,0,0,0,0,1,0
1175626327,0,0,0,0,1,0
1174944276,0,0,0,0,1,0
619598059,0,0,1,0,1,0
1176362071,0,0,0,0,1,0
1128398388,0,0,0,0,1,0
1127218854,0,0,0,0,1,0
21196037,0,0,1,0,1,0
1127992975,0,0,0,0,1,0
1208193505,0,0,0,0,0,0
1174751144,0,0,0,0,1,0
341335650,1,0,1,0,1,0
1174410324,0,0,1,0,1,0
1176149502,0,0,0,0,1,0
1127816366,0,0,0,0,1,0
616311015,0,0,0,0,1,0
619406337,0,0,0,0,1,0
617617449,0,0,0,0,1,0
616232257,0,0,1,0,1,0
616699097,0,0,0,0,1,0
618220272,0,0,1,0,1,0
616231375,0,0,0,0,1,0
116397637,1,0,1,1,1,1
335610997,1,0,0,0,1,1
616553484,0,0,0,0,1,0
1174929679,0,0,0,0,1,0
194026156,0,0,1,1,1,0
1129918525,0,0,1,0,1,0
1175009000,0,0,1,0,1,0
1126886184,0,0,1,0,1,0
259042485,1,0,1,1,1,1
616219883,0,0,0,0,1,0
619542769,0,0,0,0,1,0
1130157896,0,0,1,0,1,0
1174869769,0,0,1,0,1,0
454616346,0,0,1,1,1,0
1174926474,0,0,0,0,1,0
1370781445,0,0,1,0,0,0
1127150011,0,0,0,0,1,0
617445392,0,0,0,0,1,0
330273328,0,0,1,0,1,0
617801213,0,0,0,0,1,0
1213549526,0,0,0,0,0,1
1208895733,1,0,0,1,0,0
1128419868,0,0,0,0,1,0
616299315,0,0,1,0,1,0
1174395410,0,0,0,0,1,0
617155487,0,0,0,0,1,0
337653685,0,0,0,0,1,0
616225373,0,0,0,0,1,0
1208639550,0,0,0,1,0,0
616300803,0,0,0,0,1,0
273432870,1,0,1,0,1,1
616229977,0,0,0,0,1,0
241553849,1,0,1,1,1,0
1174851200,0,0,0,0,1,0
616212203,0,0,0,0,1,0
317248347,1,0,1,1,1,0
198833831,1,0,1,0,1,0
616297194,0,0,1,0,1,0
617739493,0,0,0,0,1,0
616575636,0,0,0,0,1,0
617898741,0,0,0,0,1,0
711397128,0,0,0,0,1,0
1175980453,0,0,0,0,1,0
112540516,0,0,1,1,1,0
616224700,0,0,0,0,1,0
1176105391,0,0,0,0,1,0
617556297,0,0,0,0,1,0
1130546598,0,0,0,0,1,0
617602159,0,0,1,0,1,0
619563674,0,0,0,0,1,0
1175717354,0,0,0,0,1,0
101330413,0,0,0,0,1,0
620175784,0,0,0,0,1,0
621377933,0,0,0,0,1,0
1130415098,0,0,0,0,1,0
616287579,0,0,0,0,1,0
617176526,0,0,0,0,1,0
616500983,0,0,0,0,1,0
1175828748,1,0,0,0,1,0
1176241388,0,0,1,0,1,0
1176385015,0,0,0,0,1,0
616349387,0,0,0,0,1,0
617524589,0,0,0,0,1,0
616880989,0,0,1,0,1,0
1128458438,0,0,0,0,1,0
619588265,0,0,0,0,1,0
617638457,0,0,0,0,1,0
1126399904,0,0,0,0,1,0
1174622690,0,0,1,0,1,0
1127391530,0,0,1,0,1,0
617280711,0,0,0,0,1,0
254716078,1,0,1,0,1,1
618134374,0,0,0,0,1,0
251855577,0,0,1,0,1,0
1175587045,0,0,0,0,1,0
617837077,0,0,0,0,1,0
1175028782,0,0,0,0,1,0
616211257,0,0,1,0,1,0
1176131214,0,0,0,0,1,0
138211958,0,0,1,1,1,0
616302717,0,0,0,0,1,0
1130396822,0,0,0,0,1,0
617110971,0,0,0,0,1,0
616230368,0,0,0,0,1,0
70277715,1,0,1,1,1,0
140176665,0,0,0,1,1,0
617825921,0,0,0,0,1,0
616956640,0,0,0,0,1,0
83293188,0,0,0,1,1,0
616305756,0,0,0,0,1,0
616225564,0,0,0,0,1,0
512084670,1,0,1,1,1,0
144602443,0,0,0,0,1,0
1175837136,0,0,0,0,1,0
616648049,0,0,0,0,1,0
1176165122,0,0,0,0,1,0
1127891892,0,0,0,0,1,0
1124788411,0,0,0,0,1,0
1174518524,0,0,0,0,1,0
413650968,1,0,1,1,1,0
1176173497,0,0,0,0,1,0
1174515206,0,0,0,0,1,0
616843743,0,0,0,0,1,0
1174778406,0,0,0,0,1,0
1174341054,0,0,0,0,1,0
617072174,0,0,0,0,1,0
616206631,0,0,0,0,1,0
616795584,0,0,1,0,1,0
1127059790,0,0,0,0,1,0
1174676743,0,0,0,0,1,0
460577572,0,0,0,0,1,0
1381167558,0,0,1,1,0,0
1174411070,0,0,0,0,1,0
1128144613,0,0,1,0,1,0
617051815,0,0,0,0,1,0
1174740535,0,0,0,0,1,0
1128284804,0,0,1,0,1,0
75683534,0,0,0,0,1,0
1175833148,0,0,0,0,1,0
189040110,1,0,1,1,1,0
618145336,0,0,0,0,1,0
35008954,1,0,1,1,1,0
465998255,1,0,1,0,1,0
616235884,0,0,0,0,1,0
710998206,0,0,0,0,1,0
38520305,0,0,1,1,1,0
616520119,0,0,0,0,1,0
125528862,0,0,1,0,1,0
254976820,1,0,1,1,1,0
1175777869,0,0,1,0,1,0
1174616234,0,0,0,0,1,0
616215005,0,0,0,0,1,0
616512844,0,0,0,0,1,0
103159736,1,0,1,1,1,0
616312189,0,0,1,0,1,0
616218377,0,0,0,0,1,0
538558418,1,0,1,0,1,0
616313064,0,0,0,0,1,0
499854962,1,0,1,1,1,0
619305569,0,0,0,0,1,0
1175972964,0,0,1,0,1,0
616222768,0,0,0,0,1,0
1174538528,0,0,0,0,1,0
1174464710,0,0,0,0,1,0
1387417639,1,0,0,0,0,0
620765352,0,0,0,0,1,0
616223734,0,0,0,0,1,0
1127581338,0,0,0,0,1,0
75807122,1,0,1,1,1,1
1129032277,0,0,1,0,1,0
1373641104,0,0,1,0,0,0
1174621862,0,0,0,0,1,0
1175754096,1,0,0,0,1,0
1128888824,0,0,0,0,1,0
1125357410,0,0,0,0,1,0
370733068,1,0,1,0,1,1
618208393,0,0,0,0,1,0
77443610,1,0,1,1,1,0
1127093012,0,0,0,0,1,0
1130534930,0,0,0,0,1,0
1175803050,0,0,0,0,1,0
1174684957,0,0,0,0,1,0
1174851499,0,0,0,0,1,0
616833719,0,0,1,0,1,0
195913271,1,1,1,1,1,0
28265406,1,0,1,1,1,1
1174383524,0,0,0,0,1,0
1176324859,0,0,0,0,1,0
616204178,0,0,0,0,1,0
616224764,0,0,0,0,1,0
1176392124,0,0,0,0,1,0
616223671,0,0,0,0,1,0
1174444022,0,0,0,0,1,0
100219528,1,0,1,1,1,0
616998237,0,0,0,0,1,0
617712875,0,0,0,0,1,0
1176120223,0,0,0,0,1,0
616230997,0,0,0,0,1,0
1128898598,0,0,0,0,1,0
72110028,0,0,1,0,1,0
617556760,0,0,0,0,1,0
1368184886,0,0,1,0,0,0
1174427628,0,0,0,0,1,0
616300029,0,0,0,0,1,0
239525864,0,0,0,0,1,0
617718785,0,0,0,0,1,0
407868184,1,0,1,1,1,0
1174374654,0,0,0,0,1,0
1128254628,0,0,0,0,1,0
1175854238,0,0,0,0,1,0
107914508,0,0,0,0,1,0
616872091,0,0,0,0,1,0
254247600,1,0,1,1,1,0
1175787168,0,0,0,0,1,0
617458994,0,0,0,0,1,0
1127137806,0,0,0,0,1,0
616224676,0,0,0,0,1,0
1175693322,0,0,0,0,1,0
1175937380,0,0,0,0,1,0
616227469,0,0,1,0,1,0
147107988,1,0,1,1,1,1
616304394,0,0,0,0,1,0
716053231,0,0,0,0,1,0
617284243,0,0,0,0,1,0
1127963340,0,0,1,0,1,0
617766838,0,0,0,0,1,0
616218326,0,0,0,0,1,0
1176253664,0,0,0,0,1,0
400069220,1,0,1,1,1,0
1175961673,0,0,0,0,1,0
619018390,0,0,0,0,1,0
1126883186,0,0,0,0,1,0
616288341,0,0,0,0,1,0
1130384803,0,0,1,0,1,0
1174717800,0,0,1,0,1,0
1208281129,0,0,1,0,0,0
36299291,0,0,0,0,1,0
713380862,0,0,0,0,1,0
617747498,0,0,0,0,1,0
96871607,1,0,1,1,1,0
21365952,1,0,1,1,1,1
72348749,0,0,0,0,1,0
1128718424,0,0,0,0,1,0
1174330058,0,0,0,0,1,0
184988281,1,0,1,0,1,0
1128493195,0,0,0,0,1,0
616937163,0,0,0,0,1,0
124964940,1,0,1,1,1,0
302513351,1,0,1,1,1,0
1175062507,0,0,0,0,1,0
617279043,0,0,0,0,1,0
520701091,1,0,1,1,1,1
1174998998,0,0,1,0,1,0
616887730,0,0,0,0,1,0
184922888,1,0,0,0,1,0
1120176186,0,0,0,0,1,0
1175968620,0,0,0,0,1,0
618505565,0,0,0,0,1,0
1127590879,0,0,1,0,1,0
1127478864,0,0,0,0,1,0
1174433286,0,0,0,0,1,0
1127177594,0,0,0,0,1,0
616621744,0,0,0,0,1,0
1176213703,0,0,0,0,1,0
618982638,0,0,0,0,1,0
616207430,0,0,0,0,1,0
1174403612,0,0,0,0,1,0
616232630,0,0,0,0,1,0
124447429,1,0,1,1,1,1
1175705202,0,0,0,0,1,0
1130386950,0,0,0,0,1,0
1127838836,0,0,1,0,1,0
1176047184,0,0,0,0,1,0
1126057680,0,0,1,0,1,0
616217624,0,0,0,0,1,0
1174710902,0,0,0,0,1,0
617081967,0,0,0,0,1,0
616223147,0,0,1,0,1,0
618349118,0,0,0,0,1,0
106622116,1,0,1,1,1,0
1381607736,0,0,1,0,0,0
616298907,0,0,0,0,1,0
1176267386,0,0,0,0,1,0
708650725,0,0,0,0,1,0
134678238,0,0,1,1,1,0
1175801724,0,0,1,0,1,0
395021188,0,0,0,1,1,0
230030181,0,0,0,0,1,0
1174682425,0,0,0,0,1,0
1174787304,0,0,0,0,1,0
1174450896,0,0,0,0,1,0
1130623285,0,0,1,0,1,0
1176159360,0,0,0,0,1,0
346790259,1,0,1,1,1,0
1127105509,0,0,1,0,1,0
1175767867,0,0,0,0,1,0
1125327924,0,0,1,0,1,0
1208024365,1,0,0,0,0,0
1174977500,0,0,0,0,1,0
520214369,0,0,0,0,1,0
1174756808,0,0,0,0,1,0
1174335446,0,0,0,0,1,0
119926900,1,0,1,1,1,0
1174679592,0,0,0,0,1,0
616331366,0,0,0,0,1,0
1175615983,0,0,1,0,1,0
619118183,0,0,0,0,1,0
337161218,1,0,0,0,1,0
325767923,1,0,1,1,1,0
523035519,1,0,1,1,1,0
616301106,0,0,0,0,1,0
67946273,1,0,1,1,1,0
416995459,1,0,1,1,1,1
142150030,0,0,1,1,1,0
616227622,0,0,0,0,1,0
616206269,0,0,1,0,1,0
616222831,0,0,0,0,1,0
621874598,0,0,0,0,1,0
1175774436,0,0,0,0,1,0
616297419,0,0,0,0,1,0
617689102,0,0,0,0,1,0
616305963,0,0,0,0,1,0
1174925106,0,0,0,0,1,0
1124301420,0,0,0,0,1,0
618372072,0,0,0,0,1,0
710386668,0,0,0,0,1,0
271619712,1,0,1,0,1,0
1175650981,0,0,0,0,1,0
1174733100,0,0,0,0,1,0
1174913503,0,0,0,0,1,0
616302336,0,0,0,0,1,0
616307780,0,0,0,0,1,0
617641534,1,0,0,0,0,0
1174812978,0,0,0,0,1,0
97859473,0,0,1,0,1,0
616313439,0,0,0,0,1,0
616219934,0,0,1,0,1,0
1127305652,0,0,1,0,1,0
50055682,1,0,1,1,1,0
1174743524,0,0,0,0,1,0
1175003000,0,0,0,0,1,0
40010436,0,0,0,0,1,0
617706549,0,0,0,0,1,0
708732794,0,0,1,0,1,0
1175881286,0,0,0,0,1,0
134332869,0,0,1,1,1,0
1176175902,0,0,0,0,1,0
159719768,0,0,1,1,1,0
616453934,0,0,1,0,1,0
709158032,0,0,0,0,1,0
490713181,0,0,0,1,1,0
1127828666,0,0,0,0,1,0
1176422048,0,0,0,0,1,0
25836383,0,0,0,0,1,0
616310157,0,0,0,0,1,0
39328305,0,0,0,0,1,0
616544238,0,0,0,0,1,0
96730829,1,0,1,1,1,0
1174648296,0,0,0,0,1,0
1175726604,0,0,1,0,1,0
619422439,0,0,0,0,1,0
1130123028,0,0,0,0,1,0
37384589,0,0,0,0,1,0
1124249136,0,0,1,0,1,0
153921560,0,0,0,0,1,0
616230346,0,0,0,0,1,0
1174425121,0,0,1,0,1,0
411288201,1,0,1,1,1,1
150861478,0,0,0,0,1,0
617828146,0,0,1,0,1,0
133434448,0,0,1,1,1,0
1176427063,0,0,1,0,1,0
620320700,0,0,0,0,1,0
169147207,0,0,0,0,1,0
616285659,1,0,0,0,0,1
709547976,0,0,0,0,1,0
1125890246,0,0,0,0,1,0
1127322342,0,0,1,0,1,0
1174431079,0,0,1,0,1,0
1129936399,0,0,0,0,1,0
554590139,1,0,0,1,1,0
193607094,1,0,0,0,1,0
617096445,0,0,0,0,1,0
1174514420,0,0,0,0,1,0
1176384235,0,0,0,0,1,0
616223167,0,0,1,0,1,0
620753960,0,0,0,0,1,0
1391832212,1,0,1,1,0,0
1174917374,0,0,0,0,1,0
616235842,0,0,0,0,1,0
395458764,1,0,1,1,1,1
1176308636,1,0,1,0,1,0
297255017,1,0,1,1,1,0
1174341847,0,0,1,0,1,0
617739091,0,0,0,0,1,0
616232512,0,0,1,0,1,0
616217714,0,0,0,0,1,0
621733211,0,0,1,0,1,0
617692004,0,0,0,0,1,0
1208624760,0,0,0,0,0,0
189015964,1,0,1,1,1,0
617241478,0,0,0,0,1,0
1174437590,0,0,1,0,1,0
21706899,1,0,1,1,1,0
619784136,0,0,0,0,1,0
616299078,0,0,1,0,1,0
105830531,0,0,0,0,1,0
1174874869,0,0,0,0,1,0
1098285654,1,0,1,1,1,0
617557216,0,0,0,0,1,0
1127478085,0,0,0,0,1,0
617228152,0,0,1,0,1,0
152259498,1,0,1,1,1,0
617668598,0,0,0,0,1,0
1174580582,0,0,0,0,1,0
616824681,0,0,0,0,1,0
616206467,0,0,0,0,1,0
57475867,1,0,1,1,1,0
617060374,0,0,0,0,1,0
1174372298,0,0,0,0,1,0
617696176,0,0,0,0,1,0
1126958802,0,0,0,0,1,0
1175038892,0,0,0,0,1,0
422850440,1,0,1,0,1,1
619552741,0,0,0,0,1,0
617727291,0,0,0,0,1,0
261931118,1,0,1,1,1,0
616209703,0,0,0,0,1,0
582554537,1,0,1,1,1,0
616284642,0,0,0,0,1,0
316402288,1,0,1,0,1,0
221009412,1,0,1,1,1,1
1174620793,0,0,1,1,1,0
1127064612,0,0,0,0,1,0
580423549,1,0,1,1,1,0
192269471,0,0,1,0,1,0
619048475,0,0,0,0,1,0
1175773806,0,0,0,0,1,0
1174759088,0,0,0,0,1,0
1176194977,0,0,0,0,1,0
275881452,0,0,0,1,1,0
1374103256,1,0,0,0,0,0
616633553,0,0,1,0,1,0
164432890,1,0,1,1,1,0
1208404442,0,0,1,0,0,0
1386619668,0,0,1,1,0,0
616300149,0,0,0,0,1,0
1208844938,0,0,1,1,0,0
356674188,1,0,1,1,1,0
616232251,0,0,0,0,1,0
1128629346,0,0,0,0,1,0
350039038,0,0,1,0,1,0
51184465,0,0,1,1,1,0
450179797,0,0,0,0,1,0
1174656450,0,0,0,0,1,0
80194139,1,0,1,1,1,0
616777049,0,0,0,0,1,0
210428729,0,0,1,0,1,0
1174970576,0,0,0,0,1,0
617047718,0,0,0,0,1,0
1213479486,0,0,0,0,0,0
1176006872,0,0,1,0,1,0
1129729476,0,0,0,0,1,0
617373638,0,0,1,0,1,0
514818877,0,0,1,0,1,0
1175624556,0,0,0,0,1,0
140200549,1,0,1,1,1,0
616220681,0,0,0,0,1,0
616234888,0,0,0,0,1,0
105510200,1,0,1,0,1,0
1130249922,0,0,0,0,1,0
1381040010,0,0,0,0,0,0
31776715,1,0,1,1,1,0
1174644632,0,0,0,0,1,0
102336226,1,0,0,0,1,0
1176175699,0,0,0,0,1,0
362228315,1,0,0,0,1,1
617284591,0,0,0,0,1,0
244812839,1,0,1,1,1,0
1175029616,0,0,0,0,1,0
1125604190,0,0,1,0,1,0
244254961,1,0,1,0,1,0
153824393,1,0,1,1,1,0
1124711090,0,0,0,0,1,0
100370448,1,0,1,1,1,0
316585017,0,0,0,0,1,0
21972434,1,0,1,1,1,1
618211955,0,0,1,0,1,0
1174436491,0,0,0,0,1,0
1127484458,0,0,1,0,1,0
616207079,0,0,0,0,1,0
1176063571,0,0,1,0,1,0
236623139,1,0,1,1,1,0
1128764245,0,0,0,0,1,0
1176220436,0,0,0,0,1,0
1176184358,0,0,1,0,1,0
455070011,1,0,1,1,1,1
1175960761,0,0,0,0,1,0
616208212,0,0,0,0,1,0
616302786,0,0,0,0,1,0
114099935,1,0,1,1,1,1
60257479,1,0,1,1,1,0
1174539534,0,0,0,0,1,0
616301301,0,0,0,0,1,0
710621238,0,0,0,0,1,0
616227574,0,0,1,0,1,0
618249107,0,0,0,0,1,0
1175825581,0,0,0,0,1,0
217055469,1,0,1,1,1,0
616287345,0,0,1,0,1,0
617301783,0,0,0,0,1,0
202886194,0,0,1,1,1,1
1175931889,0,0,1,0,1,0
617273229,0,0,0,0,1,0
618277797,0,0,0,0,1,0
619512380,0,0,1,0,1,0
617736822,0,0,0,0,1,0
616709340,0,0,0,0,1,0
33438880,0,0,1,1,1,0
616228561,0,0,0,0,1,0
616215323,0,0,0,0,1,0
169141228,0,0,1,0,1,0
1127772061,0,0,0,0,1,0
1174603392,0,0,0,0,1,0
617575079,0,0,0,0,1,0
616302333,0,0,0,0,1,0
1175021809,0,0,0,0,1,0
1207879530,0,0,0,1,0,0
421419585,0,0,0,0,1,0
259706720,1,0,0,0,1,0
356172796,0,0,0,0,1,0
616301361,0,0,0,0,1,0
354306025,1,0,1,1,1,1
1124407771,0,0,1,0,1,0
1127183491,0,0,0,0,1,0
616218776,0,0,0,0,1,0
1174711836,0,0,0,0,1,0
1174382539,0,0,0,0,1,0
1208119178,0,0,1,0,0,0
16753788,0,0,1,1,1,0
1127371730,0,0,0,0,1,0
616298811,0,0,0,0,1,0
620112188,0,0,0,0,1,0
148151604,1,0,1,1,1,0
1174554060,0,0,0,1,1,0
288912572,1,0,1,0,1,0
1218517542,0,0,1,0,0,0
1175061374,1,0,0,0,1,0
616223419,0,0,0,0,1,0
468338356,1,0,1,0,1,0
616308033,0,0,0,0,1,0
709554859,0,0,1,0,1,0
617831397,0,0,0,0,1,0
1175651917,0,0,0,0,1,0
1174361588,0,0,0,0,1,0
1130271691,0,0,0,0,1,0
35959749,0,0,0,0,1,0
1174696087,0,0,0,0,1,0
619468845,0,0,0,0,1,0
1175044778,0,0,0,0,1,0
708676321,0,0,0,0,1,0
1130295176,0,0,0,0,1,0
1174927723,0,0,0,0,1,0
1176141625,0,0,0,0,1,0
616225861,0,0,0,0,1,0
64968114,1,0,0,0,1,0
616450260,0,0,0,0,1,0
1174444872,0,0,0,0,1,0
42570158,0,0,1,0,1,0
1128680906,0,0,0,0,1,0
1128246877,0,0,0,0,1,0
1124643068,0,0,0,0,1,0
622286034,0,0,0,0,1,0
1130458686,0,0,0,0,1,0
618262473,0,0,0,0,1,0
19951698,0,0,1,1,1,0
357101224,1,0,1,1,1,1
1126840332,0,0,0,0,1,0
1175793452,0,0,0,0,1,0
1176282888,0,0,0,0,1,0
616297275,0,0,0,0,1,0
62969150,1,0,0,0,1,0
616710259,0,0,0,0,1,0
616284570,0,0,0,0,1,0
1174652005,0,0,0,0,1,0
1174853904,0,0,0,0,1,0
1174445989,0,0,0,0,1,0
1174986182,0,0,0,0,1,0
1175055697,0,0,0,0,1,0
306215704,0,0,1,1,1,0
621834892,0,0,0,0,1,0
1176077330,0,0,0,0,1,0
622572415,0,0,0,0,1,0
616215784,0,0,0,0,1,0
616231795,0,0,0,0,1,0
412025289,1,0,1,1,1,1
1128650161,0,0,0,0,1,0
1176247080,0,0,0,0,1,0
1174982916,0,0,0,0,1,0
616224313,0,0,0,0,1,0
184849544,1,0,1,1,1,1
616297320,0,0,0,0,1,0
616306866,0,0,0,0,1,0
475732319,0,1,1,1,1,0
191725589,1,0,1,1,1,0
1129940900,0,0,0,0,1,0
1175011819,0,0,0,0,1,0
571300851,1,0,0,0,1,0
1127433188,0,0,0,0,1,0
709094335,0,0,0,0,1,0
1176398449,0,0,0,0,1,0
1174577899,0,0,0,0,1,0
1174739257,0,0,0,0,1,0
122963011,1,0,1,1,1,0
1126890631,0,0,0,0,1,0
1128403068,0,0,0,0,1,0
227650216,0,0,0,1,1,0
617564443,0,0,0,0,1,0
616891343,0,0,0,0,1,0
616635449,0,0,0,0,1,0
56232036,0,0,0,0,1,0
617684430,0,0,1,0,1,0
1176308588,0,0,0,0,1,0
1128251834,0,0,0,0,1,0
1176275664,0,0,0,0,1,0
616231564,0,0,0,0,1,0
616437167,0,0,0,0,1,0
1174543622,0,0,0,0,1,0
183580684,1,0,1,1,1,0
28222509,1,0,1,1,1,1
375106107,0,0,1,0,1,1
168872531,0,0,0,0,1,0
1175021929,0,0,0,0,1,0
1174638079,0,0,0,0,1,0
618803772,0,0,0,0,1,0
1127892150,0,0,0,0,1,0
1175956076,0,0,0,0,1,0
509038409,1,0,1,1,1,1
1128187680,0,0,0,0,1,0
537276941,1,0,1,1,1,0
1125979442,0,0,0,0,1,0
239312585,1,0,1,0,1,0
616414201,0,0,0,0,1,0
635863952,1,0,1,1,1,1
1175937997,0,0,0,0,1,0
1130581675,0,0,0,0,1,0
617647029,0,0,0,0,1,0
617369459,0,0,0,0,1,0
1174562730,0,0,0,0,1,0
198414396,1,0,1,1,1,0
321581818,1,0,1,0,1,0
1208441712,0,0,0,0,0,0
1129919894,0,0,0,0,1,0
239732544,1,0,1,1,1,1
320725572,1,0,0,1,1,0
620156433,0,0,0,0,1,0
1208662998,0,0,1,0,0,0
1388819528,0,0,0,0,0,0
1130298409,0,0,0,0,1,0
616328439,0,0,1,0,1,0
616298784,0,0,0,0,1,0
1175718902,0,0,0,0,1,0
195541103,0,0,0,0,1,0
278082770,0,0,1,1,1,0
1127314142,0,0,0,0,1,0
105748476,1,0,0,0,1,0
616301049,0,0,1,0,1,0
1128356431,0,0,0,0,1,0
617359641,0,0,0,0,1,0
1126890798,0,0,0,0,1,0
122511648,0,0,1,0,1,0
1174417388,0,0,0,0,1,0
144748986,0,0,1,0,1,1
1126950427,0,0,0,0,1,0
617073588,0,0,0,0,1,0
1174818847,0,0,0,0,1,0
1128530372,0,0,1,1,1,0
618153400,0,0,0,0,1,0
239895893,1,0,1,0,1,0
1175901152,0,0,0,0,1,0
1209174511,1,0,1,1,0,0
1176197136,0,0,0,0,1,0
1174407720,0,0,0,0,1,0
616221044,0,0,0,0,1,0
1130522202,0,0,1,0,1,0
618928185,0,0,0,0,1,0
258322288,1,0,1,0,1,0
616579375,0,0,0,0,1,0
616880011,0,0,0,0,1,0
329804273,1,0,1,0,1,0
1208423114,0,0,0,0,0,0
1175871524,0,0,0,0,1,0
227811080,0,0,1,1,1,0
157614264,0,0,0,0,1,0
1176426272,0,0,0,0,1,0
616973721,0,0,0,0,1,0
616293207,0,0,0,0,1,0
1174450668,0,0,0,0,1,0
270442712,1,0,1,1,1,0
1127582702,0,0,1,0,1,0
1127400348,0,0,0,0,1,0
616304112,0,0,0,0,1,0
616224374,0,0,1,0,1,0
617262093,0,0,0,0,1,0
617627840,0,0,0,0,1,0
1127769554,0,0,0,0,1,0
616224076,0,0,0,0,1,0
95782748,1,0,0,0,1,0
1122936860,1,0,0,1,1,0
247979863,1,0,1,0,1,0
616736089,0,0,0,0,1,0
617430051,0,0,0,0,1,0
1174873122,0,0,0,0,1,0
616227250,0,0,0,0,1,0
396755498,1,0,1,1,1,0
1176393222,1,0,0,0,1,0
1174643767,1,0,1,0,1,0
237036122,0,0,1,0,1,0
616207376,0,0,1,0,1,0
1366923541,0,0,1,1,0,0
616221794,0,0,0,0,1,0
73766975,0,0,1,1,1,0
616227970,0,0,1,0,1,0
375174626,1,0,1,0,1,0
141394735,1,0,1,1,1,0
617254082,0,0,0,0,1,0
1130284382,0,0,0,0,1,0
1175732936,0,0,0,0,1,0
616231144,0,0,0,0,1,0
1128728185,0,0,0,0,1,0
616237669,0,0,1,0,1,0
1381459980,1,0,0,0,0,0
622366249,0,0,0,0,1,0
709392979,0,0,0,0,1,0
457013718,1,0,1,1,1,0
617560837,0,0,0,0,1,0
617392176,0,0,0,0,1,0
1383712140,0,0,0,1,0,0
616354262,0,0,0,0,1,0
1013213588,1,0,1,1,1,1
1176157068,0,0,0,0,1,0
617534754,0,0,0,0,1,0
195625268,1,0,1,1,1,0
1174906022,0,0,0,0,1,0
1176074503,0,0,0,0,1,0
1208801689,0,0,0,0,0,0
617096196,0,0,0,0,1,0
382916532,0,0,0,0,1,0
1127946307,0,0,0,0,1,0
616319798,0,0,0,0,1,0
154527192,1,0,1,1,1,1
616206563,0,0,1,0,1,0
616218482,0,0,0,0,1,0
1174352306,0,0,0,0,1,0
618393696,0,0,1,0,1,0
616300842,0,0,1,0,1,0
616774511,0,0,0,0,1,0
1175064218,0,0,0,0,1,0
1129477836,0,0,1,0,1,0
1175918527,0,0,0,0,1,0
1127034602,0,0,0,0,1,0
616524118,0,0,0,0,1,0
112188483,0,0,1,1,1,0
1176263858,0,0,0,0,1,0
1368097362,1,0,0,0,0,0
158369900,1,0,1,0,1,0
141886393,1,0,1,0,1,0
616228429,0,0,1,0,1,0
564015559,1,0,1,1,1,0
147813988,1,0,0,1,1,1
616217972,0,0,1,0,1,0
1127587958,0,0,0,0,1,0
617695825,0,0,1,0,1,0
617315471,0,0,0,0,1,0
1174962156,0,0,0,0,1,0
563363271,1,0,1,1,1,0
616230896,0,0,0,0,1,0
616206386,0,0,1,0,1,0
616297983,0,0,0,0,1,0
1175850312,0,0,0,0,1,0
1176030852,0,0,0,0,1,0
1175874906,0,0,0,0,1,0
622255721,0,0,0,0,1,0
240422007,0,0,1,1,1,0
1373071759,0,0,0,1,0,0
1174429314,0,0,0,0,1,0
616300515,0,0,0,0,1,0
590916061,1,0,1,1,1,0
1127015257,0,0,0,0,1,0
1174425702,0,0,0,0,1,0
192193390,0,0,1,1,1,0
254059795,1,0,1,1,1,1
88517573,0,0,1,0,1,0
1174472216,0,0,0,0,1,0
1127114233,0,0,0,0,1,0
1381069658,1,0,0,1,0,1
1127077592,0,0,0,0,1,0
1175878608,0,0,0,0,1,0
1174366058,0,0,0,0,1,0
1369480706,0,0,1,1,0,0
617396030,0,0,0,0,1,0
616598289,0,0,0,0,1,0
617736616,0,0,1,0,1,0
139270785,1,0,1,1,1,0
267092571,1,0,1,1,1,0
1174413146,0,0,0,0,1,0
1174396562,0,0,0,0,1,0
1208622896,0,0,0,0,0,0
616212358,0,0,0,0,1,0
523607344,1,0,1,0,1,1
617429491,0,0,0,0,1,0
198572784,0,0,0,1,1,0
1128511538,0,0,0,0,1,0
617373484,0,0,0,0,1,0
617596978,0,0,0,0,1,0
1176318060,0,0,0,0,1,0
599789901,1,0,1,1,1,1
717691526,1,0,1,1,1,0
262867461,0,0,0,1,1,0
66984417,0,0,1,1,1,0
1174739790,0,0,0,0,1,0
616904387,0,0,1,0,1,0
616876048,0,0,0,0,1,0
616382834,0,0,0,0,1,0
1128250548,0,0,0,0,1,0
1128470257,0,0,0,0,1,0
1176038917,0,0,0,0,1,0
1127026316,0,0,0,0,1,0
1127081611,0,0,0,0,1,0
616236079,0,0,1,0,1,0
1174994395,0,0,1,0,1,0
617473160,0,0,0,0,1,0
1174909136,0,0,0,0,1,0
569994470,1,0,1,0,1,0
617053599,0,0,0,0,1,0
1175057606,1,0,0,0,1,0
617772457,0,0,0,0,1,0
616287324,0,0,0,0,1,0
1174338175,0,0,1,0,1,0
348489687,1,0,1,1,1,0
616224925,0,0,0,0,1,0
1176186649,0,0,0,0,1,0
617356028,0,0,0,0,1,0
310445390,1,0,1,1,1,1
1176337327,0,0,0,0,1,0
50660716,1,0,1,1,1,0
708947054,0,0,0,0,1,0
56163699,1,0,1,0,1,0
1124616192,0,0,0,0,1,0
83895093,1,0,0,0,1,0
1174706054,0,0,1,0,1,0
616613637,0,0,0,0,1,0
1176388351,0,0,0,0,1,0
619225021,0,0,0,0,1,0
1126439455,0,0,1,0,1,0
622545293,0,0,0,0,1,0
1174560156,0,0,0,0,1,0
711678624,0,0,0,0,1,0
1127332626,0,0,0,0,1,0
96123681,1,0,1,1,1,1
619411152,0,0,0,0,1,0
1174735315,0,0,0,0,1,0
616236223,0,0,0,0,1,0
1174510238,0,0,0,0,1,0
1176129667,0,0,1,0,1,0
618739511,0,0,0,0,1,0
616684545,0,0,0,0,1,0
616222720,0,0,1,0,1,0
1174991155,0,0,1,0,1,0
346747046,1,0,0,0,1,0
616299576,0,0,0,0,1,0
1370501162,0,0,1,0,0,1
616210993,0,0,0,0,1,0
1124453858,0,0,1,0,1,0
619466144,0,0,0,0,1,0
617451689,0,0,0,0,1,0
1381512248,0,0,0,0,0,0
616217828,0,0,0,0,1,0
616300512,0,0,0,0,1,0
617299004,0,0,0,0,1,0
514736144,0,0,1,1,1,0
171066133,0,0,0,0,1,0
620220804,0,0,1,0,1,0
1129326936,0,0,0,0,1,0
1381246512,1,0,1,0,0,0
1174550876,0,0,0,0,1,0
619020183,0,0,0,0,1,0
307819895,0,0,0,0,1,0
616681075,0,0,0,0,1,0
127375715,0,0,1,0,1,0
1174414464,0,0,0,0,1,0
1174560212,0,0,0,0,1,0
435591257,1,0,1,1,1,0
617818221,0,0,0,0,1,0
1128588481,0,0,0,0,1,0
209169103,1,0,1,1,1,0
1127948335,1,0,0,0,1,0
125514462,1,0,1,1,1,0
398429222,1,0,1,1,1,0
619463113,0,0,0,0,1,0
72024595,1,0,1,1,1,0
1174497528,0,0,1,0,1,0
616221926,0,0,0,0,1,0
618239464,0,0,0,0,1,0
1124632188,0,0,0,0,1,0
249011468,1,0,1,1,1,0
1127324448,0,0,0,0,1,0
618404984,0,0,0,0,1,0
317330851,1,0,1,1,1,0
282813691,1,0,1,1,1,0
77413855,0,0,1,1,1,0
161085466,0,0,0,1,1,0
616310832,0,0,0,0,1,0
616908229,0,0,0,0,1,0
1174887464,1,0,0,0,1,0
1174739436,0,0,0,0,1,0
617679199,0,0,0,0,1,0
1128517003,0,0,0,0,1,0
1129895606,0,0,0,0,1,0
616206664,0,0,1,0,1,0
617784376,0,0,0,0,1,0
616914106,0,0,1,0,1,0
67828913,1,0,0,0,1,0
30993019,1,0,1,0,1,1
616225018,0,0,0,0,1,0
616993101,0,0,0,0,1,0
380246735,1,0,1,1,1,0
1175864395,0,0,0,0,1,0
1174723886,0,0,0,0,1,0
265617529,0,0,1,1,1,0
616714447,0,0,1,0,1,0
135680610,1,0,1,0,1,0
1130570449,0,0,0,1,1,0
1174850017,0,0,0,0,1,0
616222051,0,0,0,0,1,0
1207753332,0,0,1,0,0,0
19230427,0,0,0,0,1,0
75921800,1,0,1,1,1,0
1174337233,0,0,0,0,1,0
1175818194,0,0,1,0,1,0
1213030910,0,0,0,0,0,0
616385430,0,0,0,0,1,0
616990658,0,0,0,0,1,0
1174379054,0,0,0,0,1,0
491750411,1,0,1,1,1,1
617438377,0,0,0,0,1,0
1124264132,0,0,0,0,1,0
1128822200,0,0,0,0,1,0
377994769,1,0,1,1,1,0
921913526,1,0,0,0,1,0
1175700618,0,0,1,0,1,0
1176421460,0,0,0,0,1,0
1174908596,0,0,0,0,1,0
322334942,1,0,0,0,1,0
1129040058,0,0,0,0,1,0
1370681630,1,0,0,1,0,0
1175758454,0,0,0,0,1,0
1126978626,0,0,0,0,1,0
1174433768,0,0,0,0,1,0
616313250,0,0,0,0,1,0
57710065,1,0,1,1,1,0
198277538,0,0,1,0,1,0
616206200,0,0,0,0,1,0
1174672777,0,0,0,0,1,0
216039493,1,0,1,1,1,0
1030686715,0,0,1,1,1,0
1175642052,0,0,1,0,1,0
716470938,0,0,0,0,1,0
616219148,0,0,1,0,1,0
1127771377,0,0,0,0,1,0
619723557,0,0,0,0,1,0
1174413920,0,0,1,0,1,0
1174739780,0,0,0,0,1,0
253239439,0,0,0,0,1,0
764770615,1,0,0,1,1,0
1176277519,0,0,0,0,1,0
1367040230,0,0,0,0,0,0
1208650584,1,0,0,1,0,0
616544491,0,0,0,0,1,0
616341300,0,0,0,0,1,0
1127029874,0,0,0,0,1,0
322560937,1,0,1,1,1,1
1130539062,0,0,0,0,1,0
1174679323,0,0,0,0,1,0
171990690,1,0,1,1,1,1
349392750,0,0,0,0,1,0
172164229,1,0,1,0,1,0
189211293,1,0,1,1,1,0
1174905187,0,0,1,0,1,0
48109055,1,0,1,1,1,1
1176325658,0,0,0,0,1,0
1175819569,0,0,0,0,1,0
616218845,0,0,0,0,1,0
619727032,0,0,1,0,1,0
617733611,0,0,0,0,1,0
617446883,0,0,0,0,1,0
712468867,0,0,0,0,1,0
96882337,0,0,0,1,1,0
1176259471,0,0,1,0,1,0
110875970,0,0,1,0,1,0
973256785,1,0,1,1,1,1
616227352,0,0,0,0,1,0
1128361064,0,0,0,0,1,0
1174665463,0,0,0,0,1,0
1176329180,0,0,0,0,1,0
1127056663,0,0,0,0,1,0
713127517,0,0,0,0,1,0
77668831,1,0,1,1,1,0
1175963882,0,0,0,0,1,0
1174349246,0,0,0,0,1,0
156242211,1,0,1,1,1,0
1127067181,0,0,0,1,1,0
616998587,0,0,0,0,1,0
124419079,1,0,1,1,1,0
617821602,0,0,0,0,1,0
618887115,0,0,0,0,1,0
1176104192,1,0,0,0,1,0
1127315730,0,0,0,0,1,0
616632879,0,0,0,0,1,0
257278802,0,0,0,0,1,0
47497854,1,0,1,1,1,0
135555380,1,0,1,1,1,1
199843531,1,0,1,1,1,1
616424372,0,0,0,0,1,0
1174754300,0,0,0,0,1,0
1130305728,0,0,0,0,1,0
1130518314,0,0,1,0,1,0
1174642170,0,0,0,0,1,0
1127302868,0,0,0,0,1,0
1175990276,0,0,0,0,1,0
616235848,0,0,0,0,1,0
1128300438,0,0,0,0,1,0
1176219258,0,0,0,0,1,0
157769562,1,0,1,1,1,0
546818678,1,0,1,1,1,0
1174619377,0,0,0,0,1,0
616228258,0,0,0,0,1,0
475549626,1,0,1,1,1,0
617578990,0,0,1,0,1,0
617034173,0,0,0,0,1,0
1174414201,0,0,0,0,1,0
1174322688,0,0,1,1,1,0
616804331,0,0,0,0,1,0
1205024066,1,0,0,0,0,0
618195959,0,0,0,0,1,0
164239619,0,0,0,0,1,0
1174924308,0,0,0,0,1,0
1129950846,0,0,1,0,1,0
1127042088,0,0,0,0,1,0
380597201,0,0,0,0,1,0
1175690418,0,0,1,0,1,0
617389950,0,0,0,0,1,0
1127389794,0,0,0,0,1,0
1127687125,0,0,0,0,1,0
617539440,0,0,0,0,1,0
55197144,1,0,1,1,1,0
1130064529,0,0,1,0,1,0
616229203,0,0,1,0,1,0
1176344048,0,0,0,0,1,0
616299531,0,0,0,0,1,0
544805302,1,0,0,0,1,0
128278995,0,0,1,0,1,0
1176380456,0,0,0,0,1,0
617742720,0,0,1,0,1,0
618186707,0,0,1,0,1,0
229906054,1,0,1,1,1,0
619418083,0,0,0,0,1,0
616308894,0,0,0,0,1,0
616920480,0,0,0,0,1,0
1174771632,0,0,0,0,1,0
1175031572,0,0,1,0,1,0
292533078,0,0,0,1,1,0
420200172,1,0,1,1,1,0
616977419,0,0,0,0,1,0
182071638,1,0,1,1,1,0
616730427,0,0,1,0,1,0
1126130328,0,0,0,0,1,0
617214370,0,0,1,0,1,0
55639200,1,0,1,1,1,0
250216358,0,0,1,1,1,0
1175940716,0,0,0,0,1,0
1175015820,0,0,0,0,1,0
617721359,0,0,0,0,1,0
1176246091,0,0,1,0,1,0
1023549769,1,0,0,0,1,0
616217345,0,0,0,0,1,0
1174434985,0,0,1,0,1,0
1175830736,0,0,0,0,1,0
616250278,0,0,0,0,1,0
616903526,0,0,0,0,1,0
616235338,0,0,0,0,1,0
1127809698,0,0,0,0,1,0
1176100699,0,0,0,0,1,0
617830441,0,0,0,0,1,0
1130207582,0,0,0,0,1,0
616231585,0,0,0,0,1,0
1127942606,0,0,0,0,1,0
1174971644,0,0,0,0,1,0
1175681424,0,0,0,0,1,0
617011109,0,0,0,0,1,0
1208952572,1,0,0,1,0,0
1208689016,1,0,0,0,0,0
618529778,0,0,0,0,1,0
617299578,0,0,0,0,1,0
301529735,1,0,1,1,1,0
355843642,0,0,0,1,1,0
616757321,0,0,0,0,1,0
619472899,0,0,0,0,1,0
120957631,0,0,1,1,1,0
1174946815,0,0,0,0,1,0
617758824,0,0,0,0,1,0
616226596,0,0,0,0,1,0
1174443134,0,0,0,0,1,0
616230506,0,0,0,0,1,0
617690311,0,0,0,0,1,0
620598613,0,0,0,0,1,0
224567425,0,0,1,0,1,0
1174768531,0,0,1,0,1,0
1175011722,0,0,1,0,1,0
144038714,1,0,1,1,1,1
618752804,0,0,0,0,1,0
616627945,0,0,0,0,1,0
617020884,0,0,0,0,1,0
616222864,0,0,0,0,1,0
1176214640,0,0,0,0,1,0
616308801,0,0,1,0,1,0
1125962952,0,0,0,0,1,0
1176040076,0,0,0,0,1,0
1174398458,0,0,0,0,1,0
617510269,0,0,0,0,1,0
1176381348,0,0,0,0,1,0
448310199,0,0,1,1,1,0
338107834,1,0,1,1,1,1
616322025,0,0,1,0,1,0
1176314646,0,0,0,0,1,0
1174638181,0,0,1,0,1,0
289531155,1,0,1,1,1,0
214998068,0,0,1,1,1,0
1369749661,0,0,1,1,0,0
1175614022,0,0,0,0,1,0
1174832804,0,0,0,0,1,0
101892747,1,0,0,0,1,0
951793016,0,0,0,0,1,0
616841344,0,0,0,0,1,0
555263333,1,0,0,1,1,0
1129813304,0,0,0,0,1,0
966110664,1,0,1,1,1,0
616596310,0,0,0,0,1,0
1127025932,0,0,0,0,1,0
616226164,0,0,1,0,1,0
1208037522,1,0,0,0,0,0
617490522,0,0,0,0,1,0
1175834918,0,0,0,0,1,0
616263295,0,0,1,0,1,0
254545789,1,0,1,1,1,0
1176258824,0,0,0,0,1,0
1174631851,0,0,0,0,1,0
347430365,1,0,1,1,1,1
1174399688,0,0,0,0,1,0
1176394070,0,0,0,0,1,0
217230913,0,0,1,1,1,1
616989279,0,0,0,0,1,0
618249287,0,0,0,0,1,0
618945206,0,0,0,0,1,0
45954898,1,0,1,1,1,1
620519953,0,0,1,0,1,0
1174330976,0,0,1,0,1,0
616302783,0,0,0,0,1,0
1176217807,1,0,0,0,1,0
1127000612,0,0,0,0,1,0
617597399,0,0,0,0,1,0
1174357490,0,0,0,0,1,0
39321660,0,0,1,1,1,0
1174577719,0,0,0,0,1,0
1205093317,0,0,0,0,0,0
250231381,1,0,0,0,1,0
616206143,0,0,0,0,1,0
1128012338,0,0,1,0,1,0
1124613985,0,0,0,0,1,0
1174706798,0,0,0,0,1,0
190796770,0,0,0,0,1,0
616301904,0,0,0,0,1,0
617020095,0,0,1,0,1,0
621364003,0,0,0,0,1,0
116265574,0,0,1,1,1,1
1175982799,0,0,1,0,1,0
277203011,0,0,1,0,1,0
263925079,1,0,0,0,1,0
1128263910,0,0,0,0,1,0
67856562,1,0,1,1,1,0
616853412,0,0,0,0,1,0
255195150,1,0,1,1,1,0
616224547,0,0,0,0,1,0
563914220,1,0,1,1,1,0
619664425,0,0,0,0,1,0
616455360,0,0,0,0,1,0
616772277,0,0,0,0,1,0
588962156,0,0,0,0,1,0
1218559916,0,0,0,0,0,0
1127159532,0,0,0,0,1,0
620515439,0,0,0,0,1,0
303469076,1,0,1,0,1,0
617633344,0,0,0,0,1,0
1175612930,0,0,0,0,1,0
617679830,0,0,0,0,1,0
617294403,0,0,0,0,1,0
1176363709,0,0,0,0,1,0
616225051,0,0,0,0,1,0
550717230,1,0,0,1,1,0
1366784677,1,0,0,0,0,0
620111964,0,0,0,0,1,0
1126916953,0,0,0,0,1,0
1129894363,0,0,0,0,1,0
233145356,1,0,1,1,1,0
80479674,0,0,0,0,1,0
1174983931,0,0,1,0,1,0
1176039984,0,0,0,0,1,0
618853944,0,0,0,0,1,0
1213131912,0,0,0,0,0,0
487650514,1,0,1,1,1,0
265551997,1,0,1,0,1,0
617859996,0,0,0,0,1,0
1174438993,0,0,0,0,1,0
119227710,1,0,1,1,1,0
1129034947,0,0,1,0,1,0
617029885,0,0,0,0,1,0
618500176,0,0,0,0,1,0
1174345260,1,0,0,0,1,0
630700348,1,0,1,0,1,0
1175968452,0,0,1,0,1,0
1130321509,0,0,1,0,1,0
715004359,0,0,0,0,1,0
616221752,0,0,0,0,1,0
1281271908,0,0,0,1,1,0
250970687,1,0,1,1,1,0
315492745,1,0,1,1,1,0
1174420404,0,0,0,0,1,0
1175699864,0,0,0,0,1,0
1174872906,0,0,0,0,1,0
1127105233,0,0,0,0,1,0
346754293,1,0,1,1,1,0
1174679113,0,0,0,0,1,0
616235260,0,0,0,0,1,0
1175593494,0,0,0,0,1,0
112200531,1,0,1,0,1,0
1127036438,0,0,0,0,1,0
548300100,1,0,1,1,1,0
621962667,0,0,1,0,1,0
616299144,0,0,0,0,1,0
1174707146,0,0,1,0,1,0
229243865,1,0,0,0,1,0
617021605,0,0,0,0,1,0
1176026473,0,0,1,0,1,0
1175755050,0,0,0,0,1,0
616726886,0,0,0,0,1,0
1128530996,0,0,1,0,1,0
616381786,0,0,1,0,1,0
1175654954,0,0,0,0,1,0
1174981094,0,0,0,0,1,0
1176218598,0,0,0,0,1,0
616873653,0,0,1,0,1,0
1127286650,0,0,0,0,1,0
616221239,0,0,0,0,1,0
617629634,0,0,0,0,1,0
617234497,0,0,0,0,1,0
279388955,0,0,1,1,1,0
214549887,0,0,0,0,1,0
145022907,1,0,1,1,1,0
148896431,1,0,1,1,1,0
618758991,0,0,0,0,1,0
709713920,0,0,0,0,1,0
711117829,0,0,0,0,1,0
617695084,0,0,0,0,1,0
423342037,0,0,1,0,1,0
1208394786,1,0,0,1,0,0
1127733422,0,0,0,0,1,0
295202314,1,0,1,0,1,0
616231654,0,0,0,0,1,0
1129972454,0,0,0,0,1,0
1175762274,0,0,0,0,1,0
1174552537,0,0,0,0,1,0
616980013,0,0,1,0,1,0
1127373948,0,0,1,0,1,0
1212870672,0,0,0,0,0,0
616806334,0,0,0,0,1,0
710176700,0,0,0,0,1,0
616300671,0,0,0,0,1,0
617105824,0,0,0,0,1,0
1130227346,0,0,0,0,1,0
170144297,0,0,1,1,1,0
38021637,1,0,1,1,1,0
617396809,0,0,0,0,1,0
55962452,0,0,0,0,1,0
260440734,0,0,1,1,1,0
1174619839,0,0,0,0,1,0
617461581,0,0,0,0,1,0
611238815,1,0,1,1,1,0
1174763443,0,0,0,0,1,0
1128635107,1,0,1,0,0,1
616256389,0,0,0,0,1,0
1127844894,0,0,0,0,1,0
169474438,1,0,1,0,1,0
108061353,1,0,1,1,1,1
123952912,1,0,1,1,1,0
616891504,0,0,0,0,1,0
1174367996,0,0,0,0,1,0
1124459342,0,0,0,0,1,0
616228510,0,0,0,0,1,0
616386285,0,0,0,0,1,0
1205108125,0,0,0,0,0,0
1213170564,1,0,0,0,0,0
1175897192,0,0,0,0,1,0
1176372842,0,0,0,0,1,0
617813940,0,0,0,0,1,0
616616287,0,0,0,0,1,0
716465820,0,0,0,0,1,0
616361034,0,0,0,0,1,0
616229482,0,0,0,0,1,0
1174699399,0,0,0,0,1,0
1130268866,0,0,0,0,1,0
1128379118,0,0,0,0,1,0
616246319,0,0,0,0,1,0
622589126,0,0,0,0,1,0
619187098,0,0,0,0,1,0
1175597359,0,0,0,0,1,0
254839933,1,0,1,1,1,0
1175669130,0,0,0,0,1,0
1174724869,0,0,0,0,1,0
616805636,0,0,1,0,1,0
616217867,1,0,0,0,1,0
616232503,0,0,0,0,1,0
1175035327,0,0,0,0,1,0
622111989,0,0,0,0,1,0
1175672016,0,0,0,0,1,0
1174431032,0,0,0,1,1,0
79860976,1,0,1,1,1,0
616231565,0,0,1,0,1,0
91781300,0,0,1,1,1,0
616211512,0,0,1,0,1,0
1174743122,0,0,0,0,1,0
616229068,0,0,0,0,1,0
186476710,0,0,1,1,1,0
1174331114,0,0,0,0,1,0
620474586,0,0,0,0,1,0
566429313,1,0,1,1,1,0
616232782,0,0,1,0,1,0
617859807,0,0,0,0,1,0
241289593,0,0,1,0,1,0
1176131065,0,0,0,0,1,0
259396381,1,0,1,1,1,0
96487747,0,0,1,1,1,0
1128339972,0,0,0,0,1,0
735242102,0,0,1,0,1,0
989855300,1,0,0,0,1,0
909766628,1,0,0,1,1,0
617303057,0,0,0,0,1,0
79749293,0,0,1,1,1,0
145602813,1,0,1,0,1,0
616792194,0,0,0,0,1,0
616206626,0,0,0,0,1,0
1130158777,0,0,0,0,1,0
1175670450,0,0,0,0,1,0
1174549280,0,0,1,0,1,0
357756459,1,0,1,1,1,0
88563527,0,0,1,0,1,0
69412978,0,0,0,0,1,0
616305351,0,0,0,0,1,0
1176248545,0,0,0,0,1,0
616217255,0,0,0,0,1,0
252818860,1,0,1,1,1,1
1130283200,0,0,0,0,1,0
626820204,0,0,1,0,1,0
716803351,0,0,0,0,1,0
1127064944,0,0,0,0,1,0
1127688234,0,0,0,0,1,0
619231739,0,0,0,0,1,0
1176405830,0,0,0,0,1,0
616893835,0,0,0,0,1,0
617584099,0,0,0,0,1,0
318156874,1,0,1,0,1,1
1381744988,0,0,0,0,0,0
64110707,0,0,1,0,1,0
616225156,0,0,0,0,1,0
617916495,0,0,0,0,1,0
1130549228,0,0,0,0,1,0
1176247873,0,0,1,0,1,0
619976364,0,0,0,0,1,0
616897643,0,0,0,0,1,0
343814415,1,0,1,1,1,0
1175663832,1,0,0,0,1,0
1213492392,0,0,0,0,0,0
620421877,0,0,0,0,1,0
115443974,0,0,1,1,1,0
1174644924,0,0,0,0,1,0
616298739,0,0,0,0,1,0
616684038,0,0,0,0,1,0
622329814,0,0,1,0,1,0
616298898,0,0,0,0,1,0
617617831,0,0,0,0,1,0
1129076226,0,0,0,0,1,0
1128223321,0,0,0,0,1,0
1127849112,0,0,0,0,1,0
617087922,0,0,0,0,1,0
196198266,1,0,1,1,1,1
246498796,0,0,0,0,1,0
620332636,0,0,0,0,1,0
1129914116,0,0,1,0,1,0
534488325,1,0,0,0,1,1
127423382,0,0,0,0,1,0
1127080364,0,0,0,0,1,0
616222247,0,0,1,0,1,0
616296954,0,0,0,0,1,0
244447055,1,0,1,1,1,0
184821868,1,0,1,1,1,0
1174734559,0,0,0,0,1,0
1176270469,0,0,1,0,1,0
1174959522,0,0,0,0,1,0
106193762,0,0,1,1,1,0
616401471,0,0,0,0,1,0
616300830,0,0,0,0,1,0
349979518,0,0,1,1,1,1
48336195,1,0,1,1,1,0
617342501,0,0,0,0,1,0
1176132600,0,0,0,1,1,0
120459203,1,0,1,1,1,0
344796697,1,0,1,0,1,0
617316416,0,0,0,0,1,0
619613905,0,0,0,0,1,0
616764807,0,0,0,0,1,0
89225998,1,0,1,1,1,0
1208435030,1,0,0,0,0,0
1176335570,0,0,0,0,1,0
622736222,0,0,0,0,1,0
616206769,0,0,0,0,1,0
1174719445,0,0,0,0,1,0
176506844,1,0,1,1,1,0
1174725366,0,0,0,0,1,0
622375535,0,0,0,0,1,0
616220383,0,0,1,0,1,0
616309005,0,0,0,0,1,0
616807239,0,0,0,0,1,0
616550352,0,0,0,0,1,0
616304133,0,0,0,0,1,0
616224959,0,0,0,0,1,0
99469213,0,0,1,0,1,0
383379752,0,0,1,1,1,0
1130266422,0,0,0,0,1,0
616212964,0,0,0,0,1,0
72849399,1,0,1,1,1,0
616685497,0,0,0,0,1,0
616301763,0,0,0,0,1,0
1130234461,0,0,0,0,1,0
616223195,0,0,0,0,1,0
616219253,0,0,0,0,1,0
616221350,0,0,0,0,1,0
616312653,0,0,0,0,1,0
197659647,0,0,0,0,1,0
1175869250,0,0,0,0,1,0
621502353,0,0,1,0,1,0
616298418,0,0,0,0,1,0
142876983,0,0,1,0,1,0
616289460,0,0,0,0,1,0
617450488,0,0,0,0,1,0
1174688940,0,0,0,0,1,0
1176278306,0,0,0,0,1,0
620518627,0,0,1,0,1,0
616219193,0,0,0,0,1,0
1176291828,0,0,0,0,1,0
368596513,1,0,1,1,1,0
282715534,1,0,1,1,1,0
1129948556,0,0,0,0,1,0
1175816443,0,0,0,0,1,0
82885728,0,0,1,0,1,0
1205078954,0,0,1,1,0,0
616298625,0,0,0,0,1,0
1174601928,0,0,1,0,1,0
1128581702,0,0,0,0,1,0
1127094674,0,0,0,0,1,0
415627855,1,0,1,1,1,1
299114435,0,0,0,0,1,0
617007034,0,0,0,0,1,0
300387928,1,0,1,0,1,1
617639339,0,0,0,0,1,0
616400521,0,0,0,0,1,0
1391378610,0,0,1,0,0,0
136277724,1,0,1,1,1,1
619586346,0,0,0,0,1,0
617541822,0,0,1,0,1,0
104850934,1,0,1,1,1,0
617821434,0,0,1,0,1,0
617198204,0,0,1,0,1,0
161291774,0,0,0,0,1,0
616594567,0,0,0,0,1,0
1128096152,0,0,0,0,1,0
618469145,0,0,0,0,1,0
617341446,0,0,0,0,1,0
215878258,0,0,1,0,1,0
616301994,0,0,0,0,1,0
1124348202,0,0,0,0,1,0
1174632889,0,0,0,0,1,0
616297401,0,0,0,0,1,0
1176225534,0,0,0,0,1,0
616229767,1,0,1,0,1,0
1174352293,0,0,0,0,1,0
89799649,1,0,1,0,1,1
1175671008,0,0,0,0,1,0
616303596,0,0,0,0,1,0
1176056719,0,0,0,0,1,0
1175995525,0,0,0,0,1,0
616916922,0,0,0,0,1,0
616205123,0,0,0,0,1,0
1174402488,0,0,0,0,1,0
616225009,0,0,0,0,1,0
113971880,0,0,1,0,1,0
616641964,0,0,0,0,1,0
442773631,0,0,1,1,1,0
616972396,0,0,0,0,1,0
617343116,0,0,0,0,1,0
344217570,1,0,1,1,1,1
1175933034,0,0,0,0,1,0
1174534844,0,0,0,0,1,0
319802566,1,0,0,1,1,0
617128626,0,0,0,0,1,0
616538559,0,0,0,0,1,0
