index,number_of_friends,number_of_tweets,content_of_tweets,url_ratio,friends_to_follower_ratio,age,following_rate
3610511,1,1,0,0,1,1,0
5656162,0,1,1,1,1,1,1
5682702,0,1,1,1,1,1,1
6067292,0,1,1,1,1,1,1
6015122,0,1,0,1,1,1,1
6140012,0,1,1,1,1,1,1
6134312,0,1,0,1,1,1,1
6684602,1,1,1,1,1,1,0
7046912,0,1,1,1,1,1,0
7470952,0,1,0,1,1,1,1
8072492,0,1,1,1,1,1,1
8291932,1,1,0,1,1,1,0
8858022,0,1,0,0,1,1,1
8927532,0,1,0,1,1,1,1
8933252,1,1,1,1,1,1,0
9351052,0,1,1,1,1,1,1
9564632,0,1,0,1,1,1,0
9939012,0,1,0,0,1,1,0
9993142,0,1,0,1,1,1,1
10492262,0,1,1,1,1,1,1
11176152,0,1,1,1,1,1,1
13260592,0,1,0,1,1,1,1
14057516,1,1,1,1,1,1,0
14112759,0,1,1,1,1,1,1
14492555,0,1,1,1,1,1,1
14709812,0,1,0,1,1,1,1
14865840,1,1,0,0,1,1,0
14958182,0,1,1,1,1,1,1
15016610,0,1,0,1,1,1,1
15271419,1,1,0,1,1,1,0
15391421,1,1,0,1,1,1,0
15836275,0,1,1,1,1,1,1
15873303,0,1,1,1,1,1,1
16093829,0,1,0,1,1,1,1
16591972,0,1,0,1,1,1,0
16927266,0,1,1,1,1,1,1
17654864,0,1,0,0,1,1,1
17852114,0,1,1,1,1,1,1
18173213,1,1,0,0,1,1,0
18527544,0,1,0,1,1,1,1
18671285,0,1,0,1,1,1,0
18735790,0,1,1,1,1,1,1
18800245,0,1,0,1,1,1,0
19598248,0,1,0,1,1,1,1
21102000,1,1,0,1,1,1,0
21770069,1,1,0,1,1,1,0
22015750,1,1,0,1,1,1,0
22136015,0,1,0,1,1,1,1
22203964,0,1,1,1,1,1,1
22508731,0,1,0,1,1,1,1
22627606,0,1,1,0,1,1,1
22985259,1,1,1,1,1,1,0
23748269,0,1,1,1,1,1,1
23847948,0,1,1,1,1,1,1
24352106,0,1,1,1,1,1,1
24510304,0,1,1,1,1,1,1
25442408,0,1,1,0,1,1,1
25911628,0,1,1,1,1,1,1
26232444,0,1,1,1,1,1,1
26771352,0,1,1,1,1,1,1
27241975,0,1,0,1,1,1,1
27422705,0,1,1,1,1,1,1
27636956,1,1,1,1,1,1,0
27887098,0,1,1,1,1,1,1
28313453,0,1,0,1,1,1,1
28342883,1,1,1,1,1,1,0
28363979,0,1,1,1,1,1,1
28845598,0,1,1,1,1,1,1
29500667,0,1,1,1,1,1,1
29510629,0,1,1,1,1,1,1
29646177,1,1,0,1,1,1,0
30062603,0,1,1,1,1,1,1
31102741,1,1,0,1,1,1,0
31162918,0,1,0,0,1,1,0
32025215,0,1,0,1,1,1,1
32130104,0,1,1,1,1,1,1
32204918,1,1,1,1,1,1,0
33950570,0,1,1,1,1,1,1
34355343,0,1,1,1,1,1,1
34897604,0,1,1,1,1,1,1
35737313,0,1,1,1,1,1,1
36190135,0,1,0,1,1,1,1
36381609,0,1,1,0,1,1,1
36727238,0,1,1,1,1,1,1
37539436,0,1,1,1,1,1,1
37733715,0,1,0,0,1,1,1
37889070,0,1,1,1,1,1,1
37922072,0,1,0,1,1,1,1
38002859,0,1,1,1,1,1,1
38223194,0,1,1,1,1,1,1
38730407,0,1,0,1,1,1,1
38972677,0,1,0,1,1,1,1
39721490,0,1,0,1,1,1,1
39748948,0,1,0,0,1,1,1
41780152,0,1,0,1,1,1,1
41785738,0,1,1,1,1,1,1
42676920,1,1,1,1,1,1,0
42754744,1,1,0,1,1,1,0
43069058,0,1,0,1,1,1,0
43870029,0,1,1,1,1,1,1
43964510,1,1,1,1,1,1,0
44042861,0,1,1,1,1,1,1
44335261,0,1,0,1,1,1,1
44451302,0,1,0,1,1,1,1
45100798,0,1,1,1,1,1,1
45307775,0,1,1,1,1,1,1
45529357,0,1,1,1,1,1,1
45778279,0,1,0,1,1,1,1
46137662,0,1,1,1,1,1,0
46334699,0,1,1,1,1,1,0
47612213,0,1,1,1,1,1,1
48034707,0,1,1,1,1,1,1
48182327,0,1,1,1,1,1,1
48652450,0,1,1,0,1,1,1
48989220,0,1,1,1,1,1,0
49044510,1,1,1,1,1,1,0
49319803,0,1,0,1,1,1,1
49341424,0,1,1,1,1,1,1
49934607,0,1,1,1,1,1,0
49977491,0,1,0,1,1,1,1
50571065,0,1,0,1,1,1,1
50585331,0,1,1,1,1,1,1
50589337,0,1,1,0,1,1,1
50598277,0,1,1,1,1,1,1
50619779,0,1,0,1,1,1,1
50972738,0,1,1,1,1,1,1
51005435,0,1,1,1,1,1,0
51015996,0,1,1,1,1,1,1
51037293,0,1,0,1,1,1,1
51150318,1,1,0,1,1,1,0
51738765,0,1,1,1,1,1,1
51780170,0,1,1,1,1,1,1
52157135,0,1,1,1,1,1,1
53025684,1,1,1,1,1,1,0
53027768,0,1,0,1,1,1,0
53621838,0,1,0,0,1,1,1
54556442,0,1,0,1,1,1,1
54691030,0,1,1,1,1,1,1
54864334,0,1,0,1,1,1,1
54867711,0,1,0,1,1,1,1
54911584,1,1,1,1,1,1,0
55550359,0,1,1,1,1,1,1
55590832,0,1,1,1,1,1,1
55819049,0,1,1,1,1,1,1
56326516,1,1,0,1,1,1,0
56345134,1,1,0,1,1,1,0
56466070,0,1,1,1,1,1,1
56662794,0,1,1,1,1,1,1
56706947,0,1,1,1,1,1,1
56966762,0,1,0,0,1,1,1
57365720,0,1,0,1,1,1,1
57928664,0,1,1,1,1,1,0
59083826,0,1,1,1,1,1,1
59402800,0,1,1,1,1,1,1
60508255,0,1,0,0,1,1,0
61198155,0,1,0,1,1,1,1
61452320,0,1,1,1,1,1,1
61513445,0,1,1,1,1,1,1
61794519,0,1,1,1,1,1,1
62017536,0,1,1,1,1,1,1
62364690,0,1,1,1,1,1,0
63517006,0,1,1,1,1,1,1
63822625,0,1,1,1,1,1,1
64967572,0,1,1,1,1,1,1
66092090,0,1,1,1,1,1,1
67002064,0,1,1,1,1,1,1
67006908,0,1,0,1,1,1,1
69654626,0,1,1,1,1,1,1
69843045,0,1,1,1,1,1,1
69892452,0,1,1,1,1,1,0
70735118,0,1,0,1,1,1,1
71295474,0,1,0,1,1,1,1
71336448,0,1,1,1,1,1,1
71366031,0,1,1,1,1,1,1
71495570,0,1,0,1,1,1,1
71522541,0,1,0,1,1,1,1
71582266,0,1,1,1,1,1,1
72149178,0,1,1,1,1,1,1
72314987,0,1,1,1,1,1,1
72816504,0,1,0,1,1,1,1
72890647,0,1,1,1,1,1,0
72967193,0,1,1,1,1,1,1
73627373,0,1,1,1,1,1,1
73799359,0,1,1,1,1,1,1
74147053,1,1,1,1,1,1,0
74156552,1,1,1,1,1,1,0
74486653,0,1,0,1,1,1,0
74544145,0,1,0,1,1,1,1
75270480,0,1,1,1,1,1,1
75320990,0,1,0,1,1,1,1
75386921,0,1,1,1,1,1,1
75522479,0,1,1,1,1,1,1
75777355,0,1,1,1,1,1,1
76286424,0,1,1,1,1,1,1
76982240,0,1,1,1,1,1,0
77165019,0,1,1,1,1,1,0
77243029,0,1,0,1,1,1,0
77528520,1,1,1,1,1,1,0
78116487,0,1,0,1,1,1,0
78719596,0,1,1,1,1,1,1
80000814,0,1,1,1,1,1,1
81056258,0,1,1,1,1,1,1
81218261,0,1,1,1,1,1,1
81239268,0,1,1,1,1,1,1
81352611,0,1,1,1,1,1,1
81592426,0,1,1,1,1,1,1
81680710,1,1,1,1,1,1,0
81915249,1,1,1,1,1,1,0
82068999,0,1,0,1,1,1,1
82324675,0,1,0,1,1,1,1
82837121,0,1,0,1,1,1,1
83087554,0,1,0,0,1,1,1
83236897,1,1,0,0,1,1,0
83338869,0,1,0,1,1,1,1
83581269,0,1,0,0,1,1,1
84114885,0,1,1,1,1,1,1
84214494,1,1,0,1,1,1,0
84426046,0,1,1,1,1,1,1
84561646,0,1,0,1,1,1,1
84596057,1,1,1,1,1,1,0
85184915,0,1,1,1,1,1,1
85305729,0,1,1,1,1,1,1
85391583,0,1,0,1,1,1,1
85637186,0,1,0,1,1,1,1
85668015,0,1,1,1,1,1,1
85866409,0,1,1,1,1,1,0
86036102,0,1,1,1,1,1,1
86353404,0,1,0,1,1,1,1
86525417,0,1,1,1,1,1,1
86561552,0,1,1,1,1,1,1
86612717,0,1,1,0,1,1,1
86741673,0,1,1,1,1,1,1
86981924,0,1,0,0,1,1,1
87654715,0,1,1,1,1,1,1
88528666,0,1,1,1,1,1,1
89237976,0,1,1,1,1,1,1
89734891,0,1,0,0,1,1,1
91303893,0,1,1,0,1,1,1
92225723,0,1,1,1,1,1,1
92403540,0,1,0,1,1,1,1
93259719,0,1,0,1,1,1,1
93648877,0,1,1,1,1,1,1
94841494,0,1,1,1,1,1,1
95008519,0,1,0,1,1,1,1
95243555,0,1,0,1,1,1,1
95452901,0,1,0,1,1,1,1
96338067,0,1,1,1,1,1,1
96586973,0,1,1,1,1,1,1
98481107,0,1,1,1,1,1,1
98913291,0,1,1,0,1,1,1
100459808,0,1,1,1,1,1,1
100996879,0,1,1,1,1,1,1
101503282,1,1,1,1,1,1,0
102422355,0,1,1,1,1,1,1
102760709,0,1,1,1,1,1,1
103055195,0,1,1,1,1,1,1
103304208,0,1,1,1,1,1,1
104235671,0,1,0,1,1,1,1
104566770,0,1,1,1,1,1,0
104754590,0,1,1,0,1,1,0
104770020,0,1,1,1,1,1,1
104775098,0,1,0,1,1,1,0
104818930,0,1,1,1,1,1,1
104897833,0,1,1,1,1,1,0
105128951,0,1,1,1,1,1,1
105429377,1,1,0,1,1,1,0
105496654,0,1,1,1,1,1,1
106456147,0,1,1,1,1,1,1
107216254,0,1,0,1,1,1,0
107421428,0,1,0,1,1,1,0
107990833,0,1,0,1,1,1,1
108148833,0,1,0,1,1,1,1
108557681,0,1,1,1,1,1,1
109079114,0,1,0,1,1,1,0
110273768,1,1,1,1,1,1,0
110439086,0,1,1,1,1,1,1
110942781,0,1,1,1,1,1,1
111354131,0,1,0,1,1,1,1
111924058,1,1,1,1,1,1,0
112745297,1,1,1,1,1,1,0
113487244,0,1,0,1,1,1,1
113746083,0,1,0,1,1,1,0
114467204,0,1,1,1,1,1,1
114541436,0,1,1,1,1,1,1
115340992,0,1,1,1,1,1,1
115349856,0,1,1,0,1,1,1
115955798,1,1,0,0,1,1,0
116190007,0,1,1,1,1,1,1
116538160,0,1,1,1,1,1,1
117463248,0,1,0,0,1,1,1
117708359,0,1,1,1,1,1,1
117755159,0,1,1,1,1,1,0
118024286,0,1,1,1,1,1,0
118339229,0,1,0,1,1,1,1
118898139,0,1,0,0,1,1,0
119065059,0,1,1,0,1,1,1
123582130,0,1,1,1,1,1,1
123912727,0,1,1,1,1,1,1
124439362,0,1,1,1,1,1,1
124578978,0,1,1,1,1,1,0
125088832,0,1,0,1,1,1,1
126727689,0,1,0,1,1,1,0
126737626,0,1,1,1,1,1,1
128587032,0,1,1,1,1,1,0
129214047,0,1,1,1,1,1,1
129586152,0,1,1,0,1,1,1
130766020,0,1,0,1,1,1,1
131435310,1,1,0,1,1,1,0
132104173,0,1,0,1,1,1,1
132128902,0,1,0,1,1,1,1
132182052,0,1,1,1,1,1,1
132621562,0,1,1,1,1,1,1
132888488,0,1,0,1,1,1,0
132983450,0,1,1,1,1,1,1
133447001,1,1,0,1,1,1,0
134526134,0,1,1,1,1,1,1
134803800,1,1,1,1,1,1,0
135111235,0,1,1,1,1,1,1
135248338,0,1,1,1,1,1,1
135441917,0,1,0,0,1,1,1
135525784,0,1,1,1,1,1,1
135894129,0,1,1,1,1,1,1
136622745,0,1,1,1,1,1,0
136692380,0,1,0,0,1,1,1
137390297,0,1,1,1,1,1,1
138322603,0,1,1,1,1,1,1
138438793,0,1,0,1,1,1,0
138529938,0,1,1,1,1,1,1
138867555,0,1,0,1,1,1,1
140030010,0,1,0,0,1,1,1
140191830,0,1,1,1,1,1,1
140410819,0,1,1,1,1,1,1
141669233,0,1,0,1,1,1,1
142238323,0,1,1,1,1,1,1
142335653,0,1,1,1,1,1,0
143990497,0,1,1,1,1,1,1
144207876,0,1,1,1,1,1,1
144305807,0,1,1,1,1,1,1
145748083,0,1,1,1,1,1,1
146093361,0,1,0,1,1,1,1
148536610,0,1,0,0,1,1,1
149278846,0,1,1,1,1,1,1
150026364,0,1,0,1,1,1,0
150307637,0,1,1,1,1,1,1
150983977,0,1,0,1,1,1,1
151590831,0,1,0,1,1,1,1
151602547,0,1,0,0,1,1,1
151832482,0,1,0,1,1,1,1
153094652,0,1,0,1,1,1,1
153324815,0,1,1,1,1,1,1
154267358,0,1,1,1,1,1,1
154624409,0,1,1,0,1,1,1
155845161,0,1,0,1,1,1,1
157290467,0,1,1,1,1,1,1
158859711,0,1,1,1,1,1,1
159923003,0,1,1,1,1,1,1
159931202,0,1,1,1,1,1,1
160466484,0,1,1,1,1,1,0
160883386,0,1,1,1,1,1,1
161612145,0,1,1,1,1,1,1
161845690,0,1,1,1,1,1,1
163025432,0,1,1,1,1,1,1
163354973,0,1,0,1,1,1,1
163425928,0,1,1,0,1,1,1
163932767,0,1,1,1,1,1,1
164074870,0,1,1,1,1,1,1
165042220,0,1,1,1,1,1,1
165751518,0,1,0,1,1,1,0
166094049,0,1,0,1,1,1,1
168422352,0,1,1,1,1,1,1
168761446,0,1,0,1,1,1,0
170352080,0,1,0,1,1,1,1
170384943,0,1,1,1,1,1,0
170642321,0,1,0,1,1,1,1
170649757,0,0,1,1,1,1,1
170745775,0,1,1,1,1,1,1
171422343,0,1,1,1,1,1,1
173006814,0,1,1,1,1,1,1
173164569,0,1,1,1,1,1,0
173662542,0,1,1,1,1,1,1
173788566,0,1,1,1,1,1,1
174747861,1,1,1,1,1,1,0
174762418,0,1,0,1,1,1,0
176362396,0,1,1,1,1,1,1
178507135,1,1,1,1,1,1,0
181191549,0,1,1,1,1,1,1
181477746,0,1,1,1,1,1,1
182342223,0,1,1,1,1,1,1
183148817,1,1,1,1,1,1,0
183149280,0,1,1,1,1,1,1
183201799,1,1,0,1,1,1,0
183559621,0,1,1,1,1,1,1
184102704,0,1,1,1,1,1,1
184812764,0,1,1,1,1,1,0
185390609,0,1,0,0,1,1,1
187185454,0,1,0,1,1,1,1
187491410,0,1,1,1,1,1,1
189179659,0,1,0,1,1,1,1
189263728,0,1,1,1,1,1,1
190225727,0,1,1,1,1,1,1
190569663,0,1,0,1,1,1,1
190591610,0,1,1,1,1,1,1
191391803,0,1,1,1,1,1,1
191781461,0,1,1,1,1,1,1
193657123,0,1,1,1,1,1,1
193786482,0,1,1,1,1,1,1
194232740,0,1,1,1,1,1,1
194896850,0,1,1,1,1,1,1
195322597,0,1,0,1,1,1,1
195413637,0,1,1,1,1,1,1
196514953,0,1,0,0,1,1,1
196852073,0,1,1,1,1,1,1
197027748,0,1,1,1,1,1,1
197336556,0,1,1,1,1,1,1
197347453,1,1,1,1,1,1,0
198136015,0,1,1,1,1,1,1
198196003,0,1,1,1,1,1,1
198418075,0,1,1,1,1,1,1
198678682,0,1,0,1,1,1,1
199147059,0,1,1,1,1,1,1
199597851,0,1,0,1,1,1,1
200293129,0,1,0,1,1,1,0
200482073,0,1,1,1,1,1,1
201012406,0,1,1,1,1,1,1
202244649,0,1,1,1,1,1,0
202555952,0,1,0,1,1,1,0
203107523,0,1,1,1,1,1,1
204299339,0,1,1,1,1,1,1
204480603,1,1,0,1,1,1,0
206615715,0,1,1,1,1,1,0
209128079,0,1,1,1,1,1,1
209559462,0,1,1,1,1,1,1
209733883,0,1,1,1,1,1,0
210459173,0,1,1,1,1,1,0
210483287,0,1,1,1,1,1,1
210514893,0,1,1,1,1,1,0
211487690,0,1,0,1,1,1,0
211904475,1,1,0,0,1,1,0
212175167,0,1,1,1,1,1,0
212292079,0,1,0,1,1,1,1
212724606,0,1,1,1,1,1,1
212953427,0,1,0,1,1,1,1
213061611,0,1,0,1,1,1,1
215216086,1,1,0,1,1,1,0
216361529,0,1,1,1,1,1,1
216790973,0,1,1,1,1,1,1
217350735,0,1,1,1,1,1,1
218071279,0,1,1,1,1,1,1
218092490,0,1,1,1,1,1,0
219346690,1,1,0,1,1,1,0
219617010,0,1,1,1,1,1,0
221173559,0,1,0,1,1,1,0
221690177,0,1,1,1,1,1,1
221742699,0,1,1,1,1,1,1
223533298,0,1,1,1,1,1,1
223840972,0,1,1,0,1,1,1
225045616,0,1,1,1,1,1,1
225323618,0,1,0,1,1,1,0
226197498,1,1,0,1,1,1,0
226964193,0,1,0,1,1,1,1
227817668,0,1,1,1,1,1,1
228056042,0,1,0,1,1,1,1
228306355,0,1,1,1,1,1,1
228708687,0,1,0,1,1,1,1
229298733,0,1,0,1,1,1,1
229758375,0,1,0,1,1,1,1
231058132,0,1,1,1,1,1,1
231377654,0,1,0,1,1,1,0
232560751,1,1,0,1,1,1,0
233245609,0,1,1,1,1,1,1
233287464,0,1,0,1,1,1,1
234715592,0,1,0,0,1,1,1
235303172,0,1,1,1,1,1,1
237747438,0,1,1,1,1,1,1
238107344,0,1,0,1,1,1,1
240346934,0,1,0,0,1,1,0
242064566,0,1,1,1,1,1,0
242123621,0,1,1,1,1,1,1
242301103,0,1,1,1,1,1,0
242319331,0,1,1,0,1,1,1
242341704,1,1,1,1,1,1,0
243891976,1,1,1,1,1,1,0
244625605,0,1,1,1,1,1,1
245306807,0,1,0,1,1,1,1
245430145,0,1,1,1,1,1,0
245953131,0,1,1,1,1,1,0
245970658,0,1,1,1,1,1,1
246208736,0,1,1,1,1,1,1
246886628,0,1,1,1,1,1,1
249122012,0,1,1,1,1,1,1
249692862,0,1,1,1,1,1,1
250171190,1,1,1,1,1,1,0
250842076,0,1,1,1,1,1,1
250851165,0,1,1,1,1,1,1
251313896,0,1,0,0,1,1,1
251500925,0,1,1,1,1,1,1
252516822,0,1,1,1,1,1,1
252686122,0,1,1,1,1,1,1
253281330,0,1,1,1,1,1,1
254558097,0,1,1,1,1,1,0
255656786,0,1,0,1,1,1,1
256598881,0,1,1,1,1,1,0
256689270,0,1,1,1,1,1,1
257399906,0,1,1,1,1,1,0
258762800,0,1,1,1,1,1,1
259160079,0,1,1,1,1,1,1
259428725,0,1,1,1,1,1,1
259773527,0,1,1,1,1,1,1
259894552,0,1,1,1,1,1,1
259934562,0,1,0,1,1,1,0
260636096,0,1,1,1,1,1,0
260693820,0,1,1,1,1,1,1
261223538,0,1,1,1,1,1,0
262100774,0,1,0,1,1,1,0
262165317,0,1,1,1,1,1,1
262199092,0,1,1,1,1,1,1
262235136,0,1,1,1,1,1,1
262328083,0,1,1,1,1,1,1
262898875,0,1,1,1,1,1,1
263278290,0,1,1,1,1,1,1
264333523,0,1,0,1,1,1,0
264801154,0,1,1,1,1,1,1
265419912,0,1,1,1,1,1,1
265529493,0,1,1,1,1,1,1
268773741,0,1,1,1,1,1,1
269535022,1,1,0,1,1,1,0
270472440,0,1,1,1,1,1,1
271032827,0,1,1,1,1,1,1
272876921,1,1,0,1,1,1,0
273686840,0,1,0,1,1,1,0
274536794,0,1,0,1,1,1,1
279139861,0,1,0,1,1,1,0
279147035,0,1,1,1,1,1,1
279211405,0,1,1,1,1,1,1
279461605,0,1,1,1,1,1,1
279557700,0,1,0,1,1,1,0
279644158,1,1,0,1,1,1,0
282738890,0,0,1,1,1,1,0
283521316,0,1,1,1,1,1,1
283906965,0,1,1,1,1,1,1
284481700,0,1,0,1,1,1,0
284657297,0,1,0,1,1,1,0
285724171,0,1,1,1,1,1,1
286790717,0,1,1,1,1,1,1
286798567,1,1,0,1,1,1,0
287557719,0,1,1,1,1,1,1
288148846,0,1,0,1,1,1,1
288798453,0,1,1,1,1,1,1
289859824,0,1,0,1,1,1,1
290723075,0,1,1,1,1,1,0
290734286,0,1,1,1,1,1,1
291290779,0,1,1,1,1,1,1
291314239,0,1,1,1,1,1,1
291403211,0,1,1,1,1,1,0
292565648,0,1,0,1,1,1,1
292577710,0,1,1,1,1,1,1
292912980,0,1,1,1,1,1,0
293394867,1,1,0,1,1,1,0
295168932,1,1,1,1,1,1,0
295788103,1,1,1,1,1,1,0
295961505,0,1,1,1,1,1,1
296876973,1,1,0,1,1,1,0
296999433,0,1,1,1,1,1,1
298018338,0,1,1,1,1,1,1
298459779,0,1,1,1,1,1,0
298489056,0,1,1,1,1,1,1
299837277,0,1,1,1,1,1,1
299837762,0,1,1,1,1,1,1
300796010,1,1,1,1,1,1,0
300838107,0,1,0,0,1,1,1
302114763,0,1,1,1,1,1,1
305386550,0,1,1,0,1,1,1
305553835,0,1,1,1,1,1,1
305551682,0,1,0,1,1,1,1
307790129,0,1,0,1,1,1,1
308151060,0,1,0,1,1,1,0
308672071,0,1,1,1,1,1,0
309800578,0,1,1,1,1,1,1
310250028,0,1,1,1,1,1,1
310401703,0,1,1,1,1,1,1
310496499,1,1,0,1,1,1,0
311394394,0,1,1,1,1,1,1
311505461,0,1,1,1,1,1,1
314030119,0,1,1,1,1,1,1
314922007,0,1,1,1,1,1,1
315436528,0,1,0,1,1,1,0
318661130,0,1,1,1,1,1,0
319054277,0,1,1,1,1,1,1
319091474,0,1,1,1,1,1,1
320880780,0,1,1,0,1,1,1
321266890,0,1,1,1,1,1,1
321281383,0,1,1,1,1,1,1
321425967,0,1,1,1,1,1,0
322587980,0,1,1,1,1,1,1
323379897,0,1,1,1,1,1,1
323809354,0,1,1,1,1,1,1
323937090,0,1,0,1,1,1,1
324440293,0,1,1,1,1,1,1
325551297,0,1,1,0,1,1,1
326054560,0,1,1,1,1,1,0
327397233,0,1,1,1,1,1,1
327510902,0,1,0,1,1,1,1
329008715,0,1,1,1,1,1,1
329103684,0,1,1,1,1,1,1
330202919,0,1,1,1,1,1,1
330327779,0,1,0,1,1,1,1
331312863,1,1,1,1,1,1,0
331875962,0,1,1,1,1,1,0
332389973,0,1,0,1,1,1,1
332699729,0,1,1,1,1,1,1
335208230,0,1,1,1,1,1,1
335832794,0,1,1,1,1,1,1
335837698,0,1,1,0,1,1,1
336406661,0,1,1,1,1,1,1
337161930,0,1,0,0,1,1,1
338284756,0,1,1,1,1,1,1
339058002,0,1,1,1,1,1,1
340346783,0,1,1,1,1,1,0
340364061,0,1,1,1,1,1,1
340396112,1,1,1,0,1,1,0
340951450,0,1,1,1,1,1,1
341339579,0,1,0,1,1,1,1
343307517,0,1,1,1,1,1,1
343473585,0,1,1,1,1,1,1
344525772,0,1,1,1,1,1,1
346829273,0,1,1,1,1,1,0
347274232,0,1,0,0,1,1,0
348430064,0,1,1,1,1,1,1
348981732,0,1,1,0,1,1,1
349204176,1,1,1,1,1,1,0
349626625,0,1,0,1,1,1,0
349929809,0,1,1,1,1,1,1
350160058,0,1,1,1,1,1,1
350244854,0,1,1,1,1,1,1
350791585,0,1,1,1,1,1,1
351555225,1,1,0,1,1,1,0
353011489,0,1,1,1,1,1,1
353768504,0,1,1,1,1,1,0
354796858,0,1,1,1,1,1,1
354818247,0,1,0,0,1,1,1
355600495,0,1,1,1,1,1,1
357129429,0,1,0,1,1,1,1
358733502,0,1,1,1,1,1,1
359926634,0,1,1,1,1,1,1
360547500,1,1,0,1,1,1,0
361097511,0,1,0,1,1,1,0
361746019,0,1,1,1,1,1,1
361784332,0,1,1,1,1,1,0
362993719,0,1,0,1,1,1,1
363251033,0,1,0,1,1,1,0
363830865,0,1,1,1,1,1,1
364111442,0,1,1,1,1,1,0
364277230,0,1,1,1,1,1,1
364323869,0,1,1,1,1,1,1
364776732,0,1,1,1,1,1,1
364805437,0,1,1,1,1,1,1
364851614,0,1,1,1,1,1,0
365372541,0,1,0,1,1,1,0
365383515,0,1,0,1,1,1,1
365440652,0,1,1,1,1,1,1
365622635,0,1,1,1,1,1,1
365665311,0,1,1,1,1,1,1
366116632,0,1,1,1,1,1,1
367240411,0,1,1,1,1,1,1
368540321,0,1,1,1,1,1,1
368579486,0,1,1,1,1,1,1
369537903,0,1,1,1,1,1,1
370193929,0,1,1,1,1,1,0
370625229,0,1,1,1,1,1,0
370850929,0,1,1,1,1,1,1
373579998,0,1,1,1,1,1,1
373947833,0,1,1,1,1,1,1
374062715,0,1,1,1,1,1,1
374488191,0,1,1,1,1,1,0
375209946,0,1,1,1,1,1,1
376425777,0,1,1,1,1,1,1
376677633,0,1,0,1,1,1,1
376705770,0,1,0,1,1,1,1
377304816,0,1,1,1,1,1,1
377389027,0,1,1,1,1,1,0
377914761,0,1,1,1,1,1,0
378009515,0,1,1,0,1,1,1
379114417,0,1,1,1,1,1,1
379260334,0,1,1,1,1,1,1
380015773,0,1,1,1,1,1,0
380172348,0,1,1,1,1,1,1
380319760,1,1,1,1,1,1,0
381030516,1,1,0,1,1,1,0
381666513,0,1,0,1,1,1,0
381950248,0,1,0,1,1,1,1
381960133,0,1,1,1,1,1,1
382178634,0,1,1,1,1,1,1
382271109,0,1,1,1,1,1,1
383292062,0,1,1,1,1,1,1
383387954,0,1,1,1,1,1,1
383825758,0,1,1,0,1,1,1
384753006,0,1,1,1,1,1,0
384932218,0,1,0,1,1,1,0
385868840,1,1,0,0,1,1,0
386034126,0,1,1,1,1,1,1
386779723,0,1,1,0,1,1,0
387718926,0,1,0,0,1,1,1
387971079,0,1,0,1,1,1,1
388348486,0,1,0,0,1,1,0
388842116,0,1,1,1,1,1,0
389400082,0,1,0,1,1,1,1
389652102,0,1,0,0,1,1,1
389715862,0,1,1,1,1,1,1
390428793,0,1,0,1,1,1,1
390730174,0,0,1,1,1,1,1
390759955,0,1,1,1,1,1,1
390972554,0,1,1,1,1,1,1
391362651,0,1,1,1,1,1,1
391526633,0,1,0,1,1,1,1
391572279,0,1,1,1,1,1,1
391614396,0,0,1,0,1,1,1
391924068,0,1,1,1,1,1,1
392210280,0,1,1,1,1,1,1
392247237,0,1,1,1,1,1,1
392676979,0,1,1,1,1,1,1
393628023,0,1,0,1,1,1,1
393980520,0,1,1,1,1,1,1
394004577,0,1,1,1,1,1,1
394007331,0,1,1,1,1,1,1
394217175,0,1,1,1,1,1,1
394233142,0,1,1,1,1,1,1
394628127,0,1,1,1,1,1,1
394726610,0,1,1,1,1,1,1
394814291,0,1,1,1,1,1,0
395014721,0,1,1,1,1,1,1
396173375,0,1,0,0,1,1,1
396462550,0,1,1,1,1,1,1
396515695,0,1,0,1,1,1,1
396618509,0,1,1,1,1,1,1
396625283,0,1,1,1,1,1,1
396796142,0,1,1,1,1,1,1
396898731,0,1,0,1,1,1,0
396900261,0,1,1,1,1,1,1
397236414,0,1,1,0,1,1,1
397320325,0,1,0,1,1,1,0
397324373,0,1,1,1,1,1,1
397534181,0,1,1,1,1,1,1
397629967,0,1,1,1,1,1,1
398090733,0,1,1,1,1,1,1
398442529,0,1,1,1,1,1,1
399484359,0,1,1,1,1,1,1
399572723,0,1,1,1,1,1,1
400300086,0,1,1,1,1,1,1
400546232,0,1,1,1,1,1,1
400748069,0,1,1,1,1,1,1
401423776,0,1,1,0,1,1,1
401502696,0,1,0,1,1,1,0
402866477,0,1,1,1,1,1,1
402955893,0,1,1,0,1,1,1
402979897,0,1,1,1,1,1,1
403461794,0,1,1,1,1,1,1
403766373,0,1,1,1,1,1,1
404069171,0,1,1,1,1,1,0
404987270,0,1,1,1,1,1,1
405035087,0,1,1,1,1,1,1
405140479,0,1,1,1,1,1,1
405418046,0,1,0,0,1,1,1
405574548,0,1,0,1,1,1,0
406165467,0,1,1,1,1,1,0
406162937,0,1,0,1,1,1,0
406907214,0,1,0,1,1,1,0
406962616,0,1,0,1,1,1,1
407024811,0,1,1,1,1,1,1
407101499,1,1,0,1,1,1,0
407689676,0,1,1,1,1,1,1
407844335,0,1,1,1,1,1,1
407964674,0,1,1,1,1,1,1
408087080,0,1,1,1,1,1,1
408348854,0,1,1,1,1,1,1
408466988,0,1,0,1,1,1,1
409118790,0,1,1,0,1,1,1
410044683,0,1,1,1,1,1,0
410719897,0,1,0,1,1,1,1
410941537,0,1,1,1,1,1,1
411386883,0,1,1,1,1,1,1
411410885,0,1,1,1,1,1,1
412112516,1,1,0,1,1,1,0
412145728,0,1,1,1,1,1,1
412240393,0,1,0,1,1,1,0
412325725,0,1,1,1,1,1,1
412601262,0,1,1,1,1,1,1
413233876,0,1,0,1,1,1,1
413255529,0,1,1,1,1,1,1
413269532,0,1,0,1,1,1,1
413296140,1,1,0,1,1,1,0
413332388,0,1,1,1,1,1,1
413917055,0,1,1,1,1,1,1
414966228,0,1,1,1,1,1,0
415021649,0,1,1,1,1,1,1
415063303,0,1,1,1,1,1,1
415073613,1,1,1,1,1,1,0
415630833,0,1,1,0,1,1,1
415900150,0,1,0,1,1,1,1
416157197,1,1,0,1,1,1,0
416194495,0,1,0,1,1,1,1
416351352,0,1,0,1,1,1,0
416502198,0,1,1,1,1,1,1
417190929,0,1,1,1,1,1,1
417280214,0,1,0,1,1,1,1
417735070,0,1,1,1,1,1,1
417770099,0,1,1,1,1,1,1
417807946,0,0,1,1,1,1,1
417833332,0,1,1,0,1,1,1
418024172,0,1,1,1,1,1,1
418046391,0,1,1,1,1,1,1
418140622,0,1,1,0,1,1,1
418153325,0,1,1,1,1,1,1
418247241,0,1,1,1,1,1,1
418584043,0,1,1,1,1,1,1
418641071,0,1,1,1,1,1,1
418762910,0,1,1,1,1,1,1
418986680,0,1,1,1,1,1,1
419519797,0,1,1,1,1,1,1
419617449,0,1,0,1,1,1,0
419617600,0,1,1,1,1,1,1
419672622,0,1,1,1,1,1,1
420253558,0,1,1,1,1,1,1
420995289,1,1,0,1,1,1,0
421002902,0,1,0,1,1,1,0
421346603,0,1,1,1,1,1,1
421847529,0,1,1,1,1,1,1
422807985,0,1,0,0,1,1,1
422830732,0,1,1,1,1,1,1
423021992,0,1,1,1,1,1,0
423613846,0,1,1,1,1,1,1
424265380,0,1,1,1,1,1,1
424273053,0,1,1,1,1,1,1
425223279,0,1,1,1,1,1,1
425263052,1,1,1,1,1,1,0
425380217,0,1,1,1,1,1,1
425759519,0,1,1,1,1,1,1
425840466,0,1,1,1,1,1,1
425908255,0,1,1,1,1,1,1
426044579,0,1,0,1,1,1,1
426178907,0,1,0,1,1,1,0
426531620,0,1,1,1,1,1,1
427676471,1,1,1,0,1,1,0
427674701,0,1,1,1,1,1,0
428117425,1,1,1,1,1,1,0
428202366,0,1,0,1,1,1,1
428261162,0,1,1,1,1,1,0
428263137,0,1,1,1,1,1,1
428384851,0,1,1,1,1,1,1
428904234,0,1,1,1,1,1,1
428981185,0,1,1,1,1,1,1
429262110,0,1,1,1,1,1,1
429718007,0,1,1,1,1,1,1
429808930,0,1,1,1,1,1,0
432377556,0,1,1,1,1,1,1
432624274,0,1,1,1,1,1,1
433162117,0,1,1,1,1,1,1
433304048,0,1,1,1,1,1,1
433319326,0,1,1,1,1,1,1
433546930,0,1,1,1,1,1,0
433627975,0,1,1,1,1,1,1
433984610,0,1,1,1,1,1,1
434460614,0,1,1,1,1,1,1
434591482,0,1,1,1,1,1,1
434731905,0,1,1,1,1,1,1
434826176,0,1,0,1,1,1,0
434832805,0,1,1,1,1,1,1
435224000,0,1,1,1,1,1,1
435269515,0,1,1,1,1,1,1
435327100,0,1,1,1,1,1,1
435724709,0,1,1,1,1,1,1
436612105,0,1,1,1,1,1,1
436807160,0,1,1,1,1,1,1
436961762,0,1,1,1,1,1,1
437007483,1,1,1,1,1,1,0
437363242,0,1,1,1,1,1,1
437456557,0,1,1,1,1,1,1
437783167,0,1,1,1,1,1,1
438437579,0,1,1,1,1,1,1
438484498,0,1,1,1,1,1,1
438760662,0,1,1,1,1,1,1
438756932,0,1,1,0,1,1,1
439054192,0,1,0,1,1,1,0
439062828,1,1,0,1,1,1,0
718684188,0,1,1,1,1,1,1
478994018,0,1,1,0,1,1,1
984297403,0,1,0,1,1,1,0
551056105,0,1,1,1,1,1,1
439855752,0,1,0,1,1,1,1
439875805,0,1,0,0,1,1,1
479451474,0,1,1,1,1,1,1
439972535,0,1,1,1,1,1,1
440184518,1,1,0,0,1,1,0
479677768,0,1,1,1,1,1,1
440311767,0,1,1,1,1,1,1
479725767,0,1,1,1,1,1,0
722214212,0,1,1,1,1,1,1
985509799,0,0,1,0,1,1,1
551835101,0,1,1,1,1,1,1
440691931,0,1,1,1,1,1,1
551894180,0,1,1,1,1,1,1
479832822,0,1,1,1,1,1,1
986163288,0,1,1,1,1,1,1
440858782,0,1,1,1,1,1,1
722825599,0,1,1,1,1,1,1
480279324,0,1,1,1,1,1,1
552190256,0,1,1,1,1,1,1
441483457,0,1,1,1,1,1,1
986839782,0,1,1,1,1,1,0
552577697,0,1,1,1,1,1,1
552606214,0,1,0,1,1,1,0
987068240,0,1,1,1,1,1,0
442075220,0,1,1,1,1,1,1
725675244,0,1,1,1,1,1,0
480715104,0,1,0,1,1,1,1
480790768,0,1,1,1,1,1,1
726845964,0,1,1,1,1,1,1
987656269,0,1,1,1,1,1,1
553617306,0,1,0,1,1,1,0
481632109,0,1,1,1,1,1,1
481648575,0,1,1,1,1,1,1
988985683,0,1,1,1,1,1,1
444833485,0,1,1,1,1,1,1
482086639,0,1,1,1,1,1,1
554309481,0,1,0,1,1,1,0
482131412,0,1,1,1,1,1,1
482157356,0,1,1,1,1,1,1
482162835,0,1,0,1,1,1,1
731429204,0,1,1,1,1,1,1
445345005,0,1,1,1,1,1,1
482242692,0,1,1,1,1,1,1
989622720,0,1,1,1,1,1,1
989639142,0,1,1,1,1,1,1
445761780,0,1,1,1,1,1,1
446083368,0,1,1,1,1,1,1
446143453,0,1,1,1,1,1,0
733154665,0,1,1,1,1,1,0
482981498,0,1,1,1,1,1,1
446590484,0,1,1,1,1,1,1
734619301,0,1,1,1,1,1,1
483073065,0,1,1,1,1,1,1
446987691,0,1,1,1,1,1,1
991254878,0,1,1,1,1,1,0
555420716,0,1,1,1,1,1,1
447241184,0,1,0,1,1,1,0
555906816,0,1,1,1,1,1,1
483836463,0,1,1,1,1,1,1
737616414,0,1,1,1,1,1,0
484179231,0,1,1,1,1,1,0
556794851,0,1,1,0,1,1,1
484613799,0,1,0,1,1,1,1
993583230,0,1,1,1,1,1,1
557215750,0,1,1,1,1,1,1
449219266,0,1,1,1,1,1,1
485137549,0,1,1,1,1,1,1
743284770,0,1,1,1,1,1,1
557616612,0,1,1,1,1,1,1
450054622,0,1,1,1,1,1,1
744107612,0,1,0,1,1,1,1
995452020,0,1,1,1,1,1,1
485686619,0,1,1,1,1,1,1
485713097,0,1,1,1,1,1,1
450630648,1,1,1,1,1,1,0
450747981,0,1,1,1,1,1,1
450891761,0,1,1,1,1,1,1
486198118,0,1,1,1,1,1,1
451033303,1,1,1,1,1,1,0
451370524,1,1,0,1,1,1,0
451397835,0,1,1,1,1,1,1
486598436,0,1,1,1,1,1,1
558524379,0,1,1,1,1,1,0
451597109,0,1,1,1,1,1,1
486966473,0,1,1,1,1,1,1
487416678,0,1,1,1,1,1,1
750948720,0,1,1,1,1,1,1
751241954,0,1,1,1,0,1,1
452814756,0,1,0,1,1,1,1
452828946,0,1,0,1,1,1,0
453238264,1,1,0,1,1,1,0
487969309,0,1,1,1,1,1,1
753397160,0,1,1,1,1,1,1
560223770,0,1,1,1,1,1,1
1000486495,0,0,1,1,1,1,1
560271082,0,1,1,1,1,1,1
453885595,0,1,0,1,1,1,0
488706826,0,1,0,1,1,1,0
755737819,0,1,1,1,1,1,1
454200724,0,1,1,1,1,1,1
1001875776,0,1,1,1,1,1,1
454318003,0,1,0,1,1,1,1
560657748,1,1,1,1,1,1,0
454914980,0,1,1,1,1,1,1
1002533372,0,1,1,0,1,1,1
489345934,0,1,1,1,1,1,0
1003664215,0,1,1,1,1,1,1
455266133,0,1,1,1,1,1,0
455340385,1,1,1,1,1,1,0
455651875,0,1,1,1,1,1,0
455775628,1,1,0,1,1,1,0
455979285,0,1,1,1,1,1,1
761723172,0,1,0,1,1,1,1
762202957,0,1,1,1,1,1,1
1004883073,0,1,1,1,1,1,1
562125685,0,1,1,1,1,1,1
562250174,0,1,1,1,1,1,0
1006095223,0,1,0,1,1,1,0
456823762,1,1,1,1,1,1,0
490625409,0,1,1,1,1,1,1
765311754,0,1,0,1,1,1,0
457775543,0,1,1,1,1,1,1
491690867,0,1,1,1,1,1,0
492177690,0,1,1,0,1,1,1
564653953,1,1,1,1,1,1,0
770176435,0,1,1,1,1,1,1
492501987,0,1,1,1,1,1,1
564963576,0,1,1,1,1,1,1
459628045,0,1,1,1,1,1,0
459646843,0,1,1,1,1,1,0
459678083,0,1,1,1,1,1,1
459680754,0,1,1,1,1,1,1
1009413198,0,1,1,1,1,1,1
1010619756,0,1,1,1,1,1,0
566141260,0,1,1,1,1,1,1
460985875,0,1,1,1,1,1,0
493847017,0,1,1,1,1,1,0
461010838,0,1,0,1,1,1,1
566374197,0,1,1,1,1,1,1
493941903,0,1,1,1,1,1,1
494006512,0,1,1,1,1,1,1
1011395167,0,1,1,1,1,1,1
461425627,0,1,1,1,1,1,0
494262961,0,1,1,1,1,1,0
494266249,0,1,1,1,1,1,1
567056353,0,1,1,1,1,1,1
567155716,0,1,1,1,1,1,1
567510788,0,1,1,1,1,1,0
495045945,0,1,0,1,1,1,0
495053365,0,1,0,1,1,1,1
495077879,0,1,1,1,1,1,1
462889040,0,1,1,1,1,1,0
568453926,0,1,1,1,1,1,1
462971394,0,1,1,1,1,1,1
568473793,0,1,1,1,1,1,1
495507361,0,1,1,1,1,1,1
495731957,0,1,1,1,1,1,1
568955495,0,1,1,0,1,1,1
463246965,0,1,1,1,1,1,0
1014830304,0,1,1,1,1,1,1
496144150,0,1,1,1,1,1,1
463889910,0,1,1,1,1,1,1
496295496,0,1,1,1,1,1,1
569879248,0,1,1,1,1,1,1
496588802,0,1,0,0,1,1,0
1015888195,0,1,1,1,1,1,1
496968634,0,1,1,1,1,1,1
464790896,0,1,0,1,1,1,1
497125259,0,1,1,1,1,1,1
464858061,0,1,0,1,1,1,1
497258691,0,1,1,1,1,1,1
497302053,0,1,1,1,1,1,0
465298629,0,1,1,1,1,1,0
1017813961,0,1,1,1,1,1,1
465431316,0,1,1,0,1,1,1
465433625,0,1,1,1,1,1,1
571938412,0,1,1,1,1,1,1
498042431,0,1,1,1,1,1,1
498054058,0,1,1,1,1,1,1
787115406,1,1,0,1,1,1,0
498358491,0,1,1,0,1,1,1
466489818,0,1,1,0,1,1,0
466686655,0,1,1,1,1,1,1
498814013,0,1,1,1,1,1,0
466712165,0,1,1,1,1,1,1
498826553,0,1,1,1,1,1,1
466756548,0,1,0,1,1,1,1
1020696912,0,1,1,1,1,1,1
498935613,0,0,1,1,1,1,1
1022226144,0,1,0,1,1,1,1
573690882,0,1,1,1,1,1,1
573749510,0,0,1,1,1,1,1
791874462,0,1,0,1,1,1,1
792462121,0,1,1,1,1,1,1
792517914,0,1,0,1,1,1,0
468198674,0,1,1,1,1,1,0
499996521,0,1,1,1,1,1,1
574385968,0,1,1,1,1,1,0
500246041,0,1,1,1,1,1,1
794406714,0,1,1,1,1,1,1
574488060,0,1,1,1,1,1,1
794598979,0,1,0,1,1,1,1
795590899,0,0,1,1,1,1,0
796144921,0,1,1,1,1,1,1
501094162,0,1,0,1,1,1,1
501128285,0,1,1,1,1,1,0
469580096,0,1,1,1,1,1,1
797833478,0,0,1,1,1,1,1
470227974,0,1,1,1,1,1,1
470232795,1,1,0,1,1,1,0
470254611,0,1,1,1,1,1,0
470379248,1,1,1,1,1,1,0
502037826,0,1,1,1,1,1,1
800130746,0,1,1,0,1,1,1
800457696,0,1,1,1,1,1,1
502315142,0,1,1,1,1,1,0
470868745,0,1,1,1,1,1,1
502774039,0,1,1,1,1,1,1
1030992019,0,1,1,1,1,1,0
1031110604,0,1,1,1,1,1,0
503051163,0,1,1,1,1,1,1
471093612,0,1,1,1,1,1,0
801510450,0,1,1,1,1,1,0
471203497,0,1,1,1,1,1,1
1032386005,0,1,1,1,1,1,1
503425054,1,1,0,1,1,1,0
577422947,0,1,1,1,1,1,0
1033055161,0,1,1,1,1,1,1
471422290,0,1,0,0,1,1,1
471533963,0,1,1,1,1,1,0
471826933,0,1,1,1,1,1,1
471992869,0,1,0,1,1,1,0
578916985,0,1,1,1,1,1,1
472765052,0,1,1,1,1,1,0
472778739,0,1,1,1,1,1,0
473043012,0,1,1,1,1,1,1
506055335,0,1,0,1,1,1,1
1037103888,0,1,1,1,0,1,1
1037178583,0,1,1,1,1,1,1
1037384052,0,1,1,1,1,1,1
506501965,0,1,1,1,1,1,1
581136968,0,1,1,1,1,1,1
474043803,0,1,0,1,1,1,1
581407038,0,1,1,1,1,1,1
507498746,0,1,1,1,1,1,1
1038384050,0,1,1,1,1,1,1
1039093681,0,1,1,1,1,1,1
813467726,0,1,0,1,1,1,0
582954523,0,1,1,1,1,1,1
509056809,0,1,0,1,1,1,0
583205235,0,1,1,1,1,1,1
509320296,0,1,1,1,1,1,1
510047880,1,1,0,1,1,1,0
1041823142,0,1,1,1,1,1,1
1042842432,0,1,0,1,1,1,0
476760491,0,1,1,1,1,1,1
476800666,0,1,1,1,1,1,0
585439502,0,1,1,1,1,1,0
477006767,0,1,1,1,1,1,1
1044916752,0,1,1,1,1,1,1
512362882,0,1,1,1,1,1,1
477309080,0,1,1,1,1,1,1
585849333,0,1,1,1,1,1,1
477552640,0,1,1,1,1,1,1
512455607,0,1,1,1,1,1,1
585968039,1,1,0,1,1,1,0
477660093,0,1,1,1,1,1,1
477824021,0,1,1,1,1,1,1
1047668299,0,1,1,1,1,1,1
586584556,0,1,1,1,1,1,1
825336607,0,1,1,1,1,1,0
513726022,0,1,0,1,1,1,0
587326472,0,1,0,1,1,1,1
587515464,0,1,1,1,1,1,1
587569514,0,1,1,1,1,1,1
1050665527,0,1,1,1,1,1,1
827287514,0,1,1,1,1,1,1
587665339,0,1,1,1,1,1,1
1052685680,0,1,1,1,1,0,0
829400054,1,1,0,1,1,1,0
515271142,0,1,1,1,1,1,1
831741072,0,1,1,1,1,1,0
516038414,0,1,0,1,1,1,0
834186096,0,1,1,1,1,1,1
516737722,0,1,1,1,1,1,1
516811154,0,1,1,0,1,1,1
835249056,0,1,1,0,1,1,1
835763546,0,1,1,1,1,1,1
517073805,0,1,1,1,1,1,1
517400735,1,1,1,1,1,1,0
1058497004,0,1,1,1,1,0,1
517883021,0,1,0,1,1,1,1
838292834,0,1,1,1,1,1,1
591104103,0,1,1,1,1,1,1
1059054242,0,1,1,1,1,0,1
841859053,0,1,1,1,1,1,1
592579646,0,1,0,1,1,1,1
1062916164,0,1,1,1,1,0,1
593546714,0,1,1,1,1,1,1
845102904,1,1,1,1,1,1,0
1064278820,0,1,1,1,1,0,1
1064992789,0,1,1,1,1,0,1
594583577,0,1,1,1,1,1,1
594651076,0,1,1,1,1,1,1
594683175,0,1,1,1,1,1,1
848909828,0,1,1,1,1,1,1
522925470,0,1,0,1,1,1,0
1065760964,1,1,1,1,1,0,0
594960544,0,1,0,1,1,1,0
523331583,0,1,1,1,1,1,1
523680032,0,1,1,1,1,1,1
595539789,0,1,0,1,1,1,0
851233315,1,1,1,1,1,1,0
524820621,0,1,1,1,1,1,1
524836438,0,1,0,1,1,1,1
852611210,0,1,1,1,1,1,0
596540298,0,1,1,1,1,1,1
1069178154,1,1,0,1,1,0,0
597381176,0,1,1,1,1,1,0
526482947,0,1,1,1,1,1,0
855282331,0,1,0,1,1,1,1
1070376564,0,1,1,1,1,0,0
1070682204,0,1,0,1,1,0,1
856270100,0,1,0,1,1,1,1
1071137462,0,1,1,1,1,0,0
857857747,0,1,0,1,1,1,0
1072217274,0,1,1,1,1,0,0
858190442,0,1,1,1,1,1,1
528501469,0,1,1,0,1,1,0
858836726,0,1,1,1,1,1,1
599343100,0,1,0,1,1,1,0
1074439423,0,1,1,1,1,0,1
599940695,0,1,0,1,1,1,1
600090702,1,1,0,1,1,1,0
529563591,0,1,1,1,1,1,1
529711103,0,1,1,1,1,1,1
862068776,0,1,1,0,1,1,1
862114981,0,1,1,1,1,1,0
531280420,0,1,1,1,1,1,1
601192738,0,1,0,1,1,1,0
863369492,0,1,1,1,1,1,0
601256893,0,1,1,1,1,1,1
531442979,0,1,0,1,1,1,1
531640494,0,1,1,1,1,1,0
601810260,0,1,1,1,1,1,1
602182097,0,1,1,1,1,1,1
602212821,0,1,1,1,1,1,1
1081092084,0,1,1,1,1,0,1
533130509,1,1,0,1,1,1,0
1082746016,0,1,1,1,1,0,1
1082796816,0,1,0,1,1,0,1
533552597,0,1,0,1,1,1,0
1084115989,0,1,1,1,1,0,1
603836322,0,1,1,1,1,1,1
868645789,0,1,0,1,1,1,0
868757713,0,1,1,1,1,1,0
868906542,0,1,1,1,1,1,0
535140940,1,1,0,0,1,1,0
869587356,0,1,1,1,1,1,1
535333357,1,1,1,1,1,1,0
870391651,0,1,1,1,1,1,1
1087095313,0,1,1,1,1,0,0
605296679,0,1,1,1,1,1,1
1089293960,1,1,1,1,1,0,0
1089449275,0,1,1,1,1,0,1
1090138922,0,1,1,1,1,0,0
1091884188,0,1,1,1,1,0,1
875972814,0,0,1,1,0,1,1
538287562,0,1,0,1,1,1,1
876501625,0,1,1,1,1,1,0
608022298,0,1,1,1,1,1,1
877925696,0,1,1,1,1,1,0
878747629,0,1,1,1,1,1,1
1095958825,0,1,1,0,1,0,1
1096575422,0,1,1,1,1,0,1
880855315,0,1,1,1,1,1,1
609496197,0,1,1,1,1,1,1
882148280,0,1,1,1,1,1,0
540803768,0,1,1,1,1,1,0
1099363334,0,1,1,0,1,0,1
610747900,0,1,1,1,1,1,1
610861270,0,1,1,1,1,1,1
610896066,0,1,1,1,1,1,0
885222252,1,1,1,1,1,1,0
611783684,0,1,1,1,1,1,0
542151024,0,1,1,1,1,1,0
612645350,0,1,1,1,1,1,1
613523546,0,1,1,1,1,1,1
889616856,0,1,1,1,1,1,0
613553896,0,1,1,1,1,1,1
543842787,0,1,1,1,1,1,1
1105975490,0,0,1,1,1,0,1
544470195,0,1,1,1,1,1,1
545269203,0,1,1,1,1,1,1
545291748,0,0,1,1,1,1,1
546039069,0,1,0,1,1,1,0
546367438,0,1,1,1,1,1,1
546885822,0,1,1,1,1,1,1
1111771471,0,1,1,1,1,0,1
547141135,0,1,1,1,1,1,1
618038687,0,1,1,1,1,1,1
547477084,0,1,1,1,1,1,1
900040604,0,1,0,1,1,1,1
618382051,0,1,1,1,1,1,0
547680256,0,1,1,1,1,1,0
547811916,0,1,0,1,1,1,1
548605379,0,1,1,1,1,1,1
548727018,0,1,1,1,1,1,0
1116460440,0,1,1,1,1,0,1
620243872,0,1,1,1,1,1,0
1119028134,0,1,1,1,1,0,1
621741580,0,1,1,1,1,1,0
621971039,0,1,1,1,1,1,1
622239105,1,1,1,1,1,1,0
908843828,0,1,1,1,1,1,1
1124327604,0,1,1,1,1,0,1
624420623,0,1,1,1,1,1,1
624543149,0,1,1,1,1,1,0
1127430120,0,1,1,1,1,0,1
913455692,0,1,1,1,1,1,1
914725128,0,1,1,1,1,1,1
1129520276,0,0,1,1,1,0,1
915739543,0,1,0,1,1,1,1
1130868744,0,1,1,1,1,0,1
1130960574,0,1,1,1,1,0,0
917243564,0,1,1,1,1,1,1
1132376958,0,1,1,1,1,0,1
918001130,0,1,1,1,1,1,1
1133943835,0,1,1,1,1,0,1
627845498,0,1,1,1,1,1,1
918993840,0,1,0,1,1,1,1
628453024,1,1,0,1,1,1,0
920600658,0,1,0,1,1,1,0
1137300811,0,1,1,1,1,0,1
629661106,0,1,1,1,1,1,0
631128691,0,1,0,1,1,1,1
631876055,1,1,0,1,1,1,0
632045063,0,1,1,1,1,1,1
924714103,0,1,0,1,1,1,1
632296235,0,1,1,1,1,1,1
632419314,0,1,1,1,1,1,0
632742781,1,1,0,1,1,1,0
632805096,0,1,1,1,1,1,1
633105430,0,1,1,1,1,1,1
928712431,0,1,1,1,1,1,1
1151295038,0,1,1,1,1,0,1
636107261,0,1,1,1,1,1,1
930035833,0,1,1,1,1,1,0
932445193,0,1,1,1,1,1,0
702445104,0,1,0,1,1,1,1
702727668,0,1,1,1,1,1,0
934466887,0,1,1,1,1,1,1
934949900,0,1,1,1,1,1,1
936597188,0,1,1,1,1,1,1
705736374,0,1,1,1,1,1,1
936902059,0,1,1,1,1,1,1
706819428,0,1,1,1,1,1,1
707526853,0,1,1,1,1,1,1
708429391,0,1,0,0,1,1,1
938838264,0,1,1,1,1,1,1
939438061,0,1,1,1,1,1,1
939617401,0,1,1,1,1,1,1
711216631,0,1,1,1,1,1,1
714240744,0,1,1,1,1,1,1
1168487113,0,1,1,0,1,0,1
716206832,0,1,1,1,1,1,0
944648335,0,1,1,1,1,1,1
944979661,0,1,1,1,1,1,1
947255689,0,0,1,1,1,1,1
1174404932,0,1,1,1,1,0,1
1179541274,0,1,1,0,1,0,1
951290342,0,1,1,1,1,1,1
951523590,0,1,1,1,1,1,0
952055166,0,1,1,1,1,1,1
953315216,0,1,1,1,1,1,0
1187572176,0,1,1,1,1,0,1
1188730825,0,0,1,1,1,0,1
955497098,0,1,1,1,1,1,1
1189056510,0,0,1,1,1,0,1
955806343,0,1,1,1,1,1,1
1193292998,0,1,1,1,1,0,1
958530558,0,1,0,1,1,1,1
961125284,0,1,1,1,1,1,1
962847698,0,1,1,1,1,1,1
1204191037,0,1,1,1,1,0,1
1204535834,0,1,1,1,1,0,1
964996225,0,1,1,1,1,1,0
1205795042,0,1,1,1,1,0,0
1205923694,0,1,1,1,1,0,0
968446106,0,1,1,1,1,1,1
970505658,0,1,1,1,1,1,1
971576125,0,1,1,1,1,1,1
1216631100,0,0,1,0,1,0,1
1219155151,0,0,1,1,1,0,1
1219247983,0,0,1,1,1,0,1
1219743308,0,1,1,1,1,0,1
974171288,0,1,1,1,1,1,1
974190704,0,1,1,1,1,1,1
974558708,0,1,1,1,1,1,1
976068038,0,1,1,1,1,1,1
976844444,1,1,0,1,1,1,0
977265403,0,1,1,0,1,1,1
981556177,0,1,1,1,1,1,1
15350901,0,1,1,1,1,1,1
407818010,0,1,1,1,1,1,0
422226730,1,1,1,1,1,1,0
425138781,0,1,1,1,1,1,0
120720544,1,1,0,1,1,1,0
187536784,0,1,1,1,1,1,1
197602470,0,1,0,0,1,1,1
207070244,1,1,1,1,1,1,0
216522413,0,1,0,1,1,1,0
259680844,0,1,1,1,1,1,1
301919327,0,1,1,1,1,1,1
517625408,0,1,1,1,1,1,1
327900613,1,1,0,1,1,1,0
522582939,1,1,1,1,1,1,0
541037205,0,1,1,1,1,1,1
549083012,0,1,1,1,1,1,1
558489220,0,1,1,1,1,1,0
563022345,0,1,0,1,1,1,0
604758810,0,1,1,1,1,1,1
835342567,1,1,1,1,1,1,0
1092912044,0,1,1,1,1,0,0
1126202310,0,1,1,1,1,0,1
9011502,0,1,0,0,1,1,1
52491055,0,1,0,1,1,1,1
55532545,0,1,1,1,1,1,1
16043064,0,1,1,1,1,1,1
20308222,0,1,1,1,1,1,1
33747826,0,1,1,1,1,1,1
45314390,0,1,1,1,1,1,1
48665791,0,1,0,0,1,1,0
52108988,0,1,1,1,1,1,1
56697655,0,1,1,1,1,1,1
83811813,0,1,0,1,1,1,1
91866745,0,1,1,1,1,1,1
111628975,0,1,0,1,1,1,1
114849265,0,1,0,1,1,1,1
154588620,0,1,0,1,1,1,0
162092995,0,1,1,1,1,1,1
168791182,0,1,0,1,1,1,1
177299735,0,1,1,1,1,1,1
179588209,0,1,1,1,1,1,1
190383002,0,1,1,1,1,1,1
197400952,0,1,1,1,1,1,1
217533156,0,1,1,1,1,1,1
222579656,0,1,0,1,1,1,1
233959454,0,1,0,0,1,1,0
248292381,0,1,1,1,1,1,1
252688673,0,1,1,1,1,1,1
255559955,0,1,1,1,1,1,1
278618602,0,1,1,1,1,1,1
295578583,0,1,1,1,1,1,1
297012777,0,1,1,1,1,1,1
305187907,0,1,1,1,1,1,1
318949971,0,1,0,0,1,1,1
320669433,0,1,1,1,1,1,1
322051701,0,1,1,1,1,1,1
327840186,0,1,1,1,1,1,1
328706026,0,1,0,1,1,1,1
333960904,0,1,1,1,1,1,1
337321477,1,1,1,0,1,1,0
372460791,1,1,1,1,1,1,0
382247829,0,1,1,1,1,1,1
418633045,0,1,1,1,1,1,1
425241854,0,1,1,1,1,1,1
453285193,0,1,0,1,1,1,1
469128515,0,1,1,1,1,1,1
490480487,0,1,1,1,1,1,1
514338061,0,1,1,1,1,1,1
521131145,0,1,1,1,1,1,1
529342153,0,1,1,1,1,1,1
546314660,1,1,0,1,1,1,0
604518391,0,1,1,1,1,1,1
630544784,0,1,1,1,1,1,0
755461062,0,1,1,1,1,1,1
755745950,0,1,1,1,1,1,1
806660965,0,1,1,0,1,1,1
809654154,0,1,1,1,1,1,1
810793700,0,1,1,1,1,1,1
903721722,0,1,1,1,1,1,1
922305175,0,1,0,1,1,1,1
925532102,0,1,0,1,1,1,1
929410398,0,1,1,1,1,1,1
961773920,0,0,1,0,1,1,1
1021876490,0,1,1,1,1,1,1
1096419414,0,0,1,1,1,0,1
1125217129,0,1,1,0,1,0,1
1127280169,0,1,1,1,1,0,1
1156344000,0,1,1,1,1,0,1
1169114810,0,0,1,0,0,0,1
1212975186,0,0,1,1,1,0,1
1213937306,0,1,0,1,1,0,0
24503,1,1,0,1,1,1,0
22903,0,1,1,1,1,1,1
382393,0,1,1,0,1,1,1
286543,0,1,0,1,1,1,1
438023,0,1,0,0,1,1,1
586003,0,1,1,1,1,1,1
628563,0,1,0,0,1,1,1
769985,0,1,0,0,1,1,0
2007021,1,1,0,1,1,1,0
2731681,0,1,0,0,1,1,1
3909541,1,1,1,1,1,1,0
5863152,1,1,0,1,1,1,0
6082972,0,1,1,1,1,1,1
6175692,0,1,1,1,1,1,1
6196392,0,1,0,0,1,1,1
6618042,0,1,0,1,1,1,1
6677972,1,1,0,0,1,1,0
7246122,0,1,1,1,1,1,1
7527052,0,1,0,0,1,1,1
7773732,0,1,0,1,1,1,0
8029522,0,1,1,1,1,1,1
9664862,0,1,1,1,1,1,1
12179872,1,1,0,1,1,1,0
12551742,0,1,0,1,1,1,1
12700622,0,1,0,1,1,1,1
12765892,0,1,1,1,1,1,1
14321616,0,1,0,0,1,1,1
14443340,1,1,0,1,1,1,0
14561441,0,1,0,0,1,1,1
15455450,0,1,1,1,1,1,1
15453624,0,1,0,1,1,1,1
15622858,0,1,1,0,1,1,1
15788159,0,1,0,0,1,1,0
15922136,0,1,0,1,1,1,1
16002194,0,1,0,1,1,1,1
16183526,0,1,1,1,1,1,1
16270293,0,1,1,1,1,1,1
16303802,0,1,1,1,1,1,1
16649518,0,1,1,0,1,1,1
17085112,0,1,0,0,1,1,1
17283453,0,1,0,1,1,1,1
17421795,0,1,1,1,1,1,1
17426567,1,1,0,1,1,1,0
17844234,0,1,0,1,1,1,1
17992531,0,1,1,1,1,1,1
18721974,0,1,1,1,1,1,0
18874774,0,1,1,1,1,1,1
19706832,0,1,0,0,1,1,1
19701419,0,1,0,0,1,1,1
19973780,0,1,0,1,1,1,1
20303000,0,1,0,0,1,1,1
20542869,0,1,1,1,1,1,1
20681942,0,1,0,1,1,1,0
21133252,0,1,1,1,1,1,1
22015162,0,1,0,1,1,1,1
22521283,1,1,0,1,1,1,0
22598920,1,1,0,1,1,1,0
22596491,0,1,1,1,1,1,1
22624920,1,1,0,1,1,1,0
22710614,0,0,1,1,0,1,1
22752192,0,1,1,1,1,1,1
22970058,1,1,0,0,1,1,0
23770754,0,0,1,1,1,1,1
24176877,1,1,0,0,1,1,0
25046383,0,1,0,1,1,1,1
25484842,0,1,0,1,1,1,0
26261259,0,1,0,1,1,1,1
27315878,1,1,0,0,1,1,0
29742445,0,1,1,1,1,1,1
31135311,0,1,1,0,1,1,1
31379656,0,1,0,0,1,1,1
33516491,0,1,1,1,1,1,1
33679344,0,1,0,0,1,1,1
34580222,0,1,1,1,1,1,1
36286962,0,1,0,1,1,1,1
37186955,0,1,0,1,1,1,1
37204587,0,1,1,1,1,1,1
39201963,0,1,0,0,1,1,1
40337017,1,1,1,1,1,1,0
43775439,0,1,1,1,1,1,1
44358439,0,1,1,0,1,1,1
44604091,0,1,1,1,1,1,1
45110939,0,1,1,1,1,1,1
45399578,0,1,1,1,1,1,1
45562154,0,1,1,0,1,1,1
45603460,0,0,1,1,1,1,1
47588692,1,1,0,1,1,1,0
47610275,0,1,1,1,1,1,1
47708690,0,1,1,1,1,1,0
49683347,0,0,1,1,1,1,1
49726434,0,1,1,1,1,1,1
49951518,0,1,0,1,1,1,1
49961511,0,1,0,0,1,1,1
50594775,0,1,1,1,1,1,1
50606585,0,1,0,1,1,1,1
50650272,0,1,1,1,1,1,1
51065893,0,1,1,1,1,1,1
51169895,0,1,1,1,1,1,1
51484684,0,1,1,1,1,1,1
52140322,0,1,1,0,1,1,1
53400463,0,1,0,0,1,1,0
56336047,0,1,1,1,1,1,1
57573169,1,1,0,1,1,1,0
58017998,0,1,0,1,1,1,1
58436154,0,1,0,1,1,1,1
60340425,0,1,1,0,1,1,1
60490488,0,1,1,1,1,1,0
63501503,0,1,1,1,1,1,1
65402914,0,1,1,1,1,1,1
67253599,0,1,0,1,1,1,1
67887304,1,1,1,1,1,1,0
68123840,0,1,1,0,1,1,1
68800287,0,1,1,0,1,1,1
68940614,0,1,1,1,1,1,1
69575984,0,1,1,0,1,1,1
70228722,0,1,1,1,1,1,1
74861616,0,1,0,1,1,1,1
76612795,0,1,1,1,1,1,1
78845364,0,1,0,1,1,1,1
82062642,0,1,1,1,1,1,1
82118682,0,1,1,1,1,1,1
84361482,0,1,1,1,1,1,1
84543942,0,1,1,1,1,1,1
84838434,0,1,0,1,1,1,1
85850428,0,0,1,1,1,1,1
86538176,0,1,0,0,1,1,0
86626503,1,1,1,0,1,1,0
86999643,0,1,1,1,1,1,1
87029466,0,0,1,0,1,1,1
90436636,1,1,0,1,1,1,0
91696007,0,1,0,0,1,1,0
93378883,1,1,1,1,1,1,0
96114847,0,0,1,1,1,1,1
96146127,0,1,0,0,1,1,1
96360063,0,1,0,1,1,1,1
96450599,0,1,1,1,1,1,1
96454595,0,1,0,0,1,1,1
96727791,0,1,1,1,1,1,1
96737211,0,1,1,1,1,1,1
98127075,0,1,1,0,1,1,1
103087081,0,1,1,1,1,1,1
105768989,0,1,0,1,1,1,1
107193314,0,1,0,1,1,1,1
107471115,0,1,0,0,1,1,1
107991930,0,1,1,0,1,1,1
108051742,0,1,1,0,1,1,1
109651861,0,1,1,1,1,1,0
109848907,0,1,1,1,1,1,1
110177863,0,1,1,1,1,1,0
111054613,0,1,1,0,1,1,1
112232553,0,1,1,1,1,1,1
112419862,0,1,0,0,1,1,0
112986371,0,1,0,0,1,1,1
113134931,0,0,1,0,1,1,1
113971060,0,1,1,0,1,1,1
114726248,0,1,1,1,1,1,0
118241739,0,0,1,1,1,1,1
118667244,0,1,1,1,1,1,1
121045001,0,1,1,1,1,1,1
122111595,0,1,1,0,1,1,1
125622122,0,1,0,1,1,1,1
125796953,0,1,0,1,1,1,1
126065059,0,1,1,1,1,1,1
126611558,1,1,0,1,1,1,0
128857854,0,1,0,1,1,1,0
129176007,0,1,1,1,1,1,1
129515952,1,1,0,1,1,1,0
131197741,0,1,0,1,1,1,0
131202911,0,0,1,1,1,1,1
131559802,0,1,1,1,1,1,1
131636321,0,1,1,1,1,1,1
132569641,0,0,1,0,1,1,1
136368506,0,1,1,1,1,1,1
139321563,0,1,0,1,1,1,1
140527863,1,1,1,1,1,1,0
142239909,0,1,1,1,1,1,1
144226252,0,1,0,1,1,1,1
145422178,0,1,1,1,1,1,1
146215776,0,1,0,1,1,1,1
149248959,1,1,0,1,1,1,0
151607467,0,1,1,0,1,1,1
152905850,0,1,0,1,1,1,0
154197349,0,1,1,0,1,1,1
154477852,0,1,1,1,1,1,1
154547583,1,1,0,1,1,1,0
156039467,0,1,0,1,1,1,0
157042531,0,1,1,1,1,1,1
157604170,0,1,1,1,1,1,1
160557792,0,1,1,1,1,1,1
163075114,1,1,0,1,1,1,0
163479707,0,1,0,1,1,1,1
167823878,0,1,1,1,1,1,1
171640056,0,1,0,0,1,1,0
171971541,0,0,1,1,1,1,1
173411197,0,1,1,0,1,1,1
174354016,0,1,1,1,1,1,1
180573776,0,1,0,1,1,1,1
180912768,0,1,1,1,1,1,1
182511218,0,1,0,0,1,1,0
183959464,0,1,1,1,1,1,1
184048837,0,1,0,1,1,1,1
184777483,0,1,0,1,1,1,1
185178011,0,1,1,1,1,1,1
185771893,0,1,1,1,1,1,1
188047458,0,1,0,1,1,1,1
188043254,1,1,0,1,1,1,0
189152524,0,1,1,1,1,1,1
192912616,0,1,1,1,1,1,1
195763762,0,1,1,1,1,1,0
196179205,0,1,0,0,1,1,1
201724641,0,1,1,0,1,1,1
202220813,0,1,0,1,1,1,1
202326763,0,1,1,1,1,1,1
203583202,0,1,1,1,1,1,1
204444302,0,1,0,0,1,1,1
204808236,0,1,1,1,1,1,1
207138462,0,0,1,1,1,1,1
207490418,1,1,0,1,1,1,0
210525855,0,1,1,1,1,1,1
211462267,0,1,0,1,1,1,1
213981500,0,1,1,1,1,1,1
214967682,0,1,1,1,1,1,1
215992174,0,0,1,1,1,1,1
217232725,0,1,1,1,1,1,1
220859239,0,1,0,0,1,1,1
221964205,0,1,1,1,1,1,1
222893837,1,1,1,0,1,1,0
223007169,0,1,1,1,1,1,1
225060606,0,1,1,1,1,1,1
226576785,0,1,0,1,1,1,1
226923750,0,1,0,1,1,1,1
228711740,1,1,1,1,1,1,0
233533428,0,1,1,1,1,1,0
233890781,0,1,1,1,1,1,1
234430637,0,1,0,0,1,1,1
237886553,0,1,1,0,1,1,1
238505344,0,1,0,0,1,1,0
242272799,0,1,1,1,1,1,1
248134718,0,1,1,1,1,1,1
252679829,0,1,1,1,1,1,1
254602977,0,1,1,0,1,1,1
255499265,0,1,0,1,1,1,0
257111136,0,0,1,0,1,1,1
257400824,0,1,0,0,1,1,1
264133279,0,1,1,0,1,1,1
265017059,0,1,1,1,1,1,1
265731317,0,1,1,1,1,1,1
267989312,0,1,0,1,1,1,1
271374532,0,1,1,1,1,1,1
272121120,0,1,1,1,1,1,1
272911207,0,1,1,1,1,1,1
275183383,0,1,1,0,1,1,1
276983152,0,1,1,1,1,1,1
281234838,0,1,1,1,1,1,1
282523842,0,1,1,1,1,1,1
283013230,0,1,0,1,1,1,1
286690782,0,1,1,1,1,1,1
286841761,0,1,1,1,1,1,0
290147254,0,1,1,1,1,1,1
290494853,0,1,0,1,1,1,1
290585680,0,1,0,1,1,1,0
291949510,1,1,0,1,1,1,0
297023247,0,1,1,1,1,1,1
299618434,0,1,1,1,1,1,1
303061039,0,1,1,1,1,1,1
304268784,0,1,1,1,1,1,1
312691936,0,1,1,1,1,1,1
317336535,0,1,0,0,1,1,0
321282277,0,1,0,1,1,1,1
326716112,0,1,1,1,1,1,0
328117388,0,0,1,1,0,1,1
331349150,1,1,0,1,1,1,0
338966793,0,1,1,1,1,1,1
342957744,0,1,1,1,1,1,1
343931635,0,1,1,1,1,1,1
344675728,0,1,1,0,1,1,1
344780239,0,1,1,1,1,1,1
344955391,1,1,1,1,1,1,0
353254693,0,0,1,1,1,1,1
353608206,0,1,1,1,1,1,1
356979186,0,1,0,1,1,1,0
359370934,0,0,1,1,1,1,1
365993895,0,1,0,0,1,1,1
370595287,0,1,1,1,1,1,1
372786191,1,1,1,1,1,1,0
374138547,0,1,0,1,1,1,0
378814988,0,0,1,1,1,1,1
379176983,0,1,1,1,1,1,1
379296310,1,1,1,1,1,1,0
379728710,0,1,1,1,1,1,1
381384396,0,1,0,0,1,1,1
383145557,0,1,1,1,1,1,0
384547005,0,1,1,1,1,1,1
384858886,0,1,1,1,1,1,1
392094997,1,1,0,1,1,1,0
393255100,0,1,1,1,1,1,1
395890746,0,1,1,0,1,1,1
397337275,0,1,1,1,1,1,1
400741034,0,1,0,1,1,1,1
400826236,0,1,1,0,1,1,1
402034337,0,1,1,1,1,1,1
405135128,0,1,1,1,1,1,1
405611085,1,1,1,1,1,1,0
406150965,0,1,1,1,1,1,0
406923780,0,1,1,1,1,1,1
407302551,0,1,1,1,1,1,1
408637014,0,1,1,1,1,1,1
409297732,0,1,0,1,1,1,1
409503051,0,1,1,1,1,1,1
410193975,0,1,0,1,1,1,1
412604603,0,1,1,1,1,1,1
421319874,0,1,1,1,1,1,1
423410028,0,1,1,0,1,1,0
423649561,0,0,1,1,1,1,1
424920096,0,1,1,1,1,1,1
425209420,0,1,1,0,1,1,1
426932675,0,0,1,1,1,1,1
428213157,0,1,1,1,1,1,1
428259355,0,1,1,1,1,1,1
428434740,1,1,0,1,1,1,0
429414906,1,1,0,0,1,1,0
433988089,1,1,1,1,1,1,0
435045600,0,1,1,1,1,1,1
437392860,0,1,1,1,1,1,1
437721739,0,0,1,1,0,1,1
550428173,0,1,1,1,1,1,1
479506412,0,0,1,1,1,1,1
440128266,1,1,1,1,1,1,0
479815906,0,1,1,1,1,1,1
986364644,0,1,1,1,1,1,1
552027659,0,1,0,1,1,1,1
724632068,0,1,1,1,1,1,1
987245388,0,1,1,1,1,1,1
442592200,0,1,1,1,1,1,0
482148232,0,1,1,1,1,1,0
446366385,0,0,1,1,1,1,1
483227930,0,1,1,1,1,1,1
483838785,0,1,0,1,1,1,0
449195625,0,0,1,0,1,1,1
995328134,0,1,1,1,1,1,0
486991172,0,1,1,1,1,1,1
487275447,0,1,1,0,1,1,1
452726181,0,1,1,1,1,1,1
453034522,0,1,1,1,1,1,1
487880355,0,1,1,1,1,1,0
754656198,0,1,1,1,1,1,1
1001305494,0,1,0,1,1,1,1
561814955,0,1,1,1,1,1,1
766507921,0,1,1,1,1,1,0
491275814,1,1,1,1,1,1,0
491391312,0,1,1,1,1,1,1
769388442,0,1,1,1,1,1,1
564751387,0,1,1,0,1,1,1
565292271,0,1,1,0,1,1,0
493462829,0,1,0,1,1,1,1
493919122,0,1,1,1,1,1,1
462251578,0,1,1,1,1,1,1
495378971,0,1,1,1,1,1,1
464014539,0,1,1,1,1,1,1
1017001452,0,0,1,1,1,1,1
1018511592,0,1,1,1,1,1,1
499717759,0,1,0,1,1,1,1
573824373,0,1,0,1,1,1,1
499933271,0,1,1,1,1,1,1
469218793,0,1,1,1,1,1,0
501066121,0,1,0,1,1,1,0
469454275,0,1,0,0,1,1,0
1028535421,0,1,1,0,1,1,1
578266551,0,1,1,1,1,1,1
504803459,0,1,1,1,1,1,1
504944262,0,1,0,1,1,1,1
475246008,0,1,0,1,1,1,1
475693524,0,0,1,1,1,1,1
819790166,0,1,1,0,1,1,1
477087533,0,1,1,1,1,1,1
515405009,0,1,1,0,1,1,1
515909793,0,0,1,1,1,1,1
833089766,1,1,0,1,1,1,0
834141984,0,1,1,1,1,1,1
525408377,0,1,1,0,1,1,1
526702246,0,1,1,1,1,1,1
602758496,0,0,1,1,1,1,1
866254687,0,1,1,1,1,1,0
535670031,0,1,1,1,1,1,1
605521007,0,1,1,1,1,1,1
536512353,0,1,0,0,1,1,1
538395588,0,1,1,1,1,1,1
607937852,0,1,1,1,1,1,0
539143317,0,1,0,1,1,1,0
543301439,1,1,1,0,1,1,0
543727249,0,1,1,1,1,1,0
614249086,0,1,1,0,1,1,1
893784643,0,1,0,1,1,1,1
898218318,0,1,1,1,1,1,1
899934248,1,1,0,1,1,1,0
621508569,0,1,1,0,1,1,1
622618462,0,0,1,1,1,1,1
916815853,0,1,1,1,1,1,1
919599445,0,1,1,1,1,1,1
629208634,0,1,1,0,1,1,0
1147652996,0,0,1,1,1,0,1
938775151,0,1,1,0,1,1,1
947759960,0,1,1,1,1,1,1
948165787,0,1,1,1,1,1,1
955966339,0,1,1,1,1,1,1
960978096,0,1,1,1,1,1,1
962500717,0,1,1,1,1,1,1
964327405,0,1,1,0,1,1,1
968350345,0,1,1,1,1,1,1
971643848,0,1,1,0,1,1,1
974434579,0,1,1,0,1,1,1
982398253,0,1,1,1,1,1,1
982457101,0,1,1,0,1,1,1
982676647,0,1,0,0,1,1,1
11990112,0,1,0,1,1,1,0
14474989,0,1,0,0,1,1,1
14867242,0,1,1,1,1,1,1
15530118,0,1,1,0,1,1,1
17498356,0,1,1,0,1,1,1
19861856,0,1,1,1,1,1,0
22407164,0,1,1,1,1,1,1
22600059,0,0,1,1,1,1,1
22840934,0,1,0,1,1,1,1
22994885,0,1,0,1,1,1,1
30638954,0,1,0,1,1,1,1
31107779,0,1,1,1,1,1,1
45434489,0,1,0,0,1,1,1
47081262,0,1,1,1,1,1,1
47637732,0,1,1,1,1,1,1
61728897,0,1,1,0,1,1,1
72863207,1,1,0,0,1,1,0
80849401,0,1,1,0,1,1,1
91866630,0,1,0,0,1,1,1
96109716,0,1,1,1,1,1,1
118197667,0,1,1,1,1,1,1
133387350,0,1,1,0,1,1,1
206326866,0,0,1,1,1,1,1
240173232,0,1,1,0,1,1,1
240821668,0,1,1,1,1,1,1
254497239,0,1,0,1,1,1,1
281623827,0,1,1,1,1,1,1
294182639,0,1,1,0,1,1,1
305476548,0,1,1,1,1,1,1
333412049,0,1,1,1,1,1,1
339887833,0,1,1,1,1,1,1
363161920,0,1,0,1,1,1,0
394789922,0,1,1,1,1,1,1
397034400,0,1,1,1,1,1,1
425767265,0,0,1,0,1,1,1
425878819,0,1,1,0,1,1,1
443896569,0,1,0,1,1,1,1
488525613,0,0,1,0,1,1,1
583885189,1,1,0,0,1,1,0
588147020,0,1,1,1,1,1,1
614133542,0,1,0,1,1,1,1
780431689,0,0,1,1,1,1,1
791830218,0,0,1,1,1,1,1
821873300,0,0,1,0,1,1,1
832044601,0,1,1,0,1,1,1
851100607,0,0,1,1,1,1,1
890871740,0,0,1,1,1,1,1
975603631,0,0,1,1,1,1,1
980531466,0,0,1,1,1,1,1
983033413,0,1,1,0,1,1,1
1010894497,0,1,1,1,1,1,1
39588706,0,0,1,1,1,1,1
13972932,0,1,1,1,1,1,1
90626911,0,1,1,1,1,1,1
321257315,0,0,1,0,1,1,1
616206452,0,1,1,1,1,1,1
616226398,0,0,1,1,1,1,0
1129016958,0,1,1,1,1,1,1
1174566572,0,0,1,1,1,1,0
107013897,0,0,1,1,1,1,0
1175053682,0,0,1,1,1,0,0
1175677580,0,0,1,1,1,1,0
334249560,0,0,1,1,1,0,0
88866261,0,0,1,1,1,1,0
1174778426,0,1,1,1,1,1,0
616296594,0,0,1,1,1,1,1
616544230,0,0,1,1,1,1,0
1130216966,0,1,1,1,1,1,0
401190123,0,0,1,0,0,0,0
616325196,0,1,1,1,1,1,0
617745271,0,0,1,1,1,0,0
1374959215,0,0,1,1,0,0,1
716473104,0,1,1,1,1,0,1
1372493953,0,0,1,1,0,1,0
1124360551,0,1,1,1,1,0,0
1176045456,0,0,1,1,1,1,0
157864555,0,0,1,1,1,1,0
189730759,0,1,1,1,1,0,1
1174317492,0,1,1,1,1,1,0
1174360562,0,1,1,1,0,0,0
616891841,0,1,1,1,1,0,0
1176037879,0,0,1,1,1,0,0
202155524,0,0,1,1,0,0,0
617788541,0,1,1,1,1,0,1
1127297354,0,1,1,1,1,1,0
53671214,0,0,1,1,0,1,1
1127411401,0,1,1,1,1,1,0
1174898036,0,1,1,1,1,1,1
1174457058,0,1,1,1,1,1,0
1176067166,0,0,1,1,1,0,0
616224637,0,1,1,1,1,1,0
1176223429,0,1,1,1,1,1,0
229286608,0,0,1,1,1,1,0
202511395,0,0,1,1,1,1,1
129899218,0,0,1,1,0,1,1
616302072,0,1,1,1,1,1,0
617236155,0,0,1,1,1,1,0
1176174571,0,0,1,1,1,0,1
617710286,0,0,1,1,1,1,1
616337604,0,0,1,1,1,0,0
617605452,0,0,1,1,1,1,1
185933483,0,1,1,0,1,1,0
1176150378,0,0,1,1,1,1,0
422415442,0,0,1,0,1,0,1
181225107,0,0,1,1,0,0,0
616223567,0,0,1,1,1,1,1
1176388189,0,0,1,1,1,1,1
616448213,0,1,1,1,1,1,0
621412525,0,1,1,1,1,1,1
1127216318,0,1,1,1,1,0,0
346747623,0,1,1,0,1,0,0
1175840936,0,0,1,1,1,1,0
130303998,0,0,1,1,1,0,0
1174387664,0,0,1,1,1,1,1
1128486390,0,1,1,1,1,0,1
617078388,0,1,1,1,1,1,0
619219990,0,0,1,1,1,0,0
1127822533,0,0,1,1,1,1,0
1175872345,0,0,1,1,1,1,0
361350314,0,0,1,1,1,0,0
355993172,0,1,1,1,1,1,0
1175711664,0,0,1,1,1,1,0
295394982,0,0,1,1,0,1,0
1176288571,0,0,1,1,1,0,0
1130535104,0,0,1,1,1,0,1
617538588,0,0,1,1,1,1,1
622793906,0,0,1,1,1,1,0
585883867,0,1,1,1,1,1,0
1126962823,0,1,1,1,1,0,0
616288152,0,1,1,1,1,0,0
1176054547,0,0,1,1,1,0,0
616222843,0,0,1,1,1,0,1
617867481,0,1,1,1,1,1,1
616208980,0,0,1,1,1,0,1
616300077,0,0,1,1,1,0,1
1176172730,0,0,1,1,1,1,1
1176198690,0,1,1,1,1,1,0
1175719664,0,0,1,1,1,1,1
1176274290,0,1,1,1,1,0,0
1174713944,0,0,1,1,1,0,0
617279109,0,1,1,1,1,0,0
109075883,0,0,1,1,1,1,1
616646437,0,1,1,1,1,0,0
1176405116,0,0,1,1,1,1,0
1124739583,0,1,1,1,1,1,0
1174855417,0,0,1,1,1,0,0
617173576,0,1,1,1,1,1,1
291191096,0,0,1,1,0,1,0
20726266,0,0,1,1,1,0,0
152846674,0,0,1,1,0,1,0
1174342740,0,0,1,1,1,1,0
169433349,0,1,1,1,1,0,0
479340177,0,1,0,1,0,1,0
1174811528,0,0,1,1,1,0,0
1208410542,0,0,1,1,1,1,0
616303560,0,0,1,1,1,1,1
620739715,0,1,1,1,1,0,0
1373450377,0,0,1,1,0,1,0
616285401,0,1,1,1,1,1,0
242186430,0,1,1,1,1,1,0
622524146,0,1,1,1,1,1,1
199815995,0,0,1,1,1,1,1
54047372,0,0,1,1,0,1,1
1129288938,0,1,1,1,1,1,0
332882634,0,0,1,1,1,1,1
619513437,0,1,1,1,1,0,0
292442271,0,0,1,1,0,1,0
392188753,0,0,1,0,1,0,0
616217939,0,1,1,1,1,1,0
710814337,0,1,1,1,1,1,1
1174982719,0,0,1,1,1,1,0
708529440,0,0,1,1,1,0,0
1174680708,0,0,1,1,1,1,0
1174627123,0,0,1,1,1,1,0
619683215,0,1,1,1,1,1,1
394416247,1,1,0,1,1,1,0
223329964,0,1,0,0,1,0,1
57757511,0,0,1,1,1,0,1
1174876764,0,1,1,1,1,1,1
617494611,0,1,1,1,1,0,0
714583566,0,0,1,1,1,0,0
617452824,0,0,1,1,1,0,0
1175734488,0,0,1,1,1,0,0
617111228,0,0,1,1,1,0,0
616229522,0,1,1,1,1,1,1
1175951042,0,0,1,1,1,0,0
1174435964,0,0,1,1,1,0,1
245280307,0,0,1,1,0,1,0
1176283176,0,0,1,1,1,1,0
1176090313,0,1,1,1,1,0,0
1175980688,0,0,1,1,1,0,0
402630337,0,1,1,1,1,1,0
618223383,0,1,1,1,1,0,1
1385228084,0,0,1,1,1,1,1
329489449,0,0,1,1,1,0,0
112131340,0,0,1,0,0,1,1
1176301609,0,0,1,1,1,0,0
617437469,0,1,1,1,1,0,1
621414410,0,0,1,1,1,1,0
616220414,0,1,1,1,1,0,0
1208295348,0,0,1,1,0,0,0
616218947,0,1,1,1,1,1,0
618945271,0,0,1,1,1,1,0
261915122,0,1,1,1,1,0,1
616308387,0,0,1,1,1,0,1
616263058,0,0,1,1,1,0,0
617590863,0,1,1,1,1,1,1
104657589,0,0,1,1,1,1,0
544481555,0,0,1,1,1,1,0
1176024900,0,0,1,1,1,0,1
1175006178,0,0,1,1,1,0,0
616758171,0,1,1,1,1,1,0
1176177198,0,0,1,1,1,0,1
617662277,0,0,1,1,1,1,0
1174400497,0,0,1,1,1,1,0
616217762,0,1,1,1,1,1,1
617888487,0,1,1,1,1,0,0
619810380,0,1,1,1,1,1,0
618615426,0,1,1,1,1,1,0
617245921,0,1,1,1,1,1,1
558153258,0,0,1,1,1,1,0
620687869,0,1,1,1,1,1,0
394725471,0,0,1,1,1,0,0
616500089,0,1,1,1,1,1,1
1129401444,0,0,1,1,1,0,1
384501016,0,0,1,1,0,1,0
617732455,0,0,1,1,1,1,0
1127827542,0,0,1,1,1,0,0
616227562,0,0,1,1,1,0,1
1128706746,0,1,1,1,1,1,0
1174648291,0,0,1,1,1,1,0
1175720130,0,1,1,1,1,0,0
504867024,0,0,1,1,0,1,0
1130534586,0,0,1,1,1,1,0
328612451,0,0,1,1,0,0,0
620777740,0,1,1,1,1,1,0
1130259265,0,0,1,1,1,0,0
97275343,0,0,1,1,1,1,0
1219039568,0,0,1,1,0,1,0
1129803002,0,1,1,1,1,1,0
1130225450,0,1,1,1,1,1,0
1129901942,0,1,1,1,1,0,1
1127132214,0,0,1,1,1,1,0
616211479,0,0,1,1,1,1,0
619369704,0,1,1,1,1,1,0
616210933,0,1,1,1,1,1,0
10935572,1,1,1,1,1,0,0
1174762351,0,1,1,1,1,1,1
616727070,0,0,1,1,1,1,0
92525390,0,0,1,1,0,0,0
616854398,0,1,1,1,1,0,0
1175993282,0,1,1,1,0,1,0
597614760,0,0,1,1,1,0,0
1174933712,0,0,1,1,1,0,0
620896239,0,1,1,1,1,1,0
582855209,0,0,1,1,0,0,0
195874688,0,0,1,0,1,1,0
1174670046,0,1,1,1,1,1,0
1129937737,0,0,1,1,1,1,1
1129397028,0,0,1,1,0,1,0
616205957,0,1,1,1,1,1,0
1175898612,0,0,1,1,1,0,1
1130403349,0,1,1,1,1,1,0
1127894718,0,0,1,1,1,1,0
616299699,0,1,1,1,1,0,0
1175757835,0,0,1,1,1,1,0
202440814,0,0,1,1,1,0,0
1174409298,0,0,1,1,1,0,0
1175883632,0,0,1,1,1,1,0
616231447,0,1,1,1,1,1,0
716451656,0,0,1,1,1,1,0
617279835,0,1,1,1,1,1,0
52346698,0,0,1,0,0,1,1
622304985,0,0,1,1,1,1,0
1176194707,0,0,1,1,1,1,0
710092674,0,1,1,1,1,1,1
466557338,0,0,1,1,1,1,1
1175062736,0,1,1,1,1,1,0
475035176,0,0,1,1,1,1,0
1174553017,0,0,1,1,1,1,0
231035428,1,0,1,1,1,1,1
1127880368,0,0,1,1,1,0,1
158541730,0,1,1,0,0,0,0
129729416,0,0,1,1,1,1,0
233884874,0,0,1,1,1,1,0
1128394315,0,0,1,1,1,1,0
50449844,0,1,1,0,1,1,1
616874546,0,1,1,1,1,0,1
616285149,0,1,1,1,1,1,0
261627134,0,0,1,1,1,1,0
616230778,0,0,1,1,1,0,1
1127066796,0,1,1,1,1,1,1
616300368,0,1,1,1,1,1,0
1174700300,0,0,1,1,1,1,0
616977822,0,1,1,1,1,1,0
616221038,0,1,1,1,1,1,0
529329358,0,0,1,1,0,0,1
1176249991,0,0,1,1,1,1,0
620696383,0,1,1,1,1,1,0
222154371,0,0,1,1,1,1,0
1387393236,0,0,1,1,0,1,0
1124550980,0,0,1,1,1,1,0
1129290072,0,0,1,1,1,0,0
1175848021,0,0,1,1,1,0,1
617400276,0,0,1,1,1,0,1
1174775082,0,1,1,1,1,1,1
716289278,0,0,1,1,1,1,1
1176279901,0,0,1,1,1,1,0
616218743,0,0,1,1,1,1,0
617733045,0,0,1,1,1,0,0
1127914004,0,1,1,1,1,0,0
618215489,0,0,1,1,1,1,0
1128666674,0,0,1,1,1,0,0
616755124,0,1,1,1,1,1,0
616304159,0,1,1,1,1,1,0
1176070208,0,1,1,1,1,0,0
616566914,0,0,1,1,1,1,0
94528740,1,0,1,1,1,1,1
1175741276,0,0,1,1,1,0,1
619448053,0,0,1,1,1,1,1
616753922,0,1,1,1,1,0,0
508032449,0,0,1,1,0,1,0
1127839795,0,0,1,1,1,1,0
1175025703,0,1,1,1,1,1,0
616791162,0,1,1,1,1,1,0
1174694204,0,1,1,1,1,1,1
616225522,0,0,1,1,1,0,0
412614875,0,0,1,1,1,0,0
1176358165,0,1,1,1,1,0,1
1175782370,0,0,1,1,1,0,0
105696650,0,0,1,1,1,1,1
1130538576,0,1,1,1,1,1,0
83697927,0,0,1,1,1,0,1
545647644,0,0,1,1,0,0,0
1174435530,0,0,1,1,0,0,1
1175904811,0,0,1,1,0,1,0
616583718,0,1,1,1,1,1,1
443037335,0,1,1,0,0,1,0
616224125,0,1,1,1,1,0,0
1127023860,0,0,1,1,1,1,0
1175791177,0,0,1,1,1,1,0
1127645011,0,0,1,1,1,0,1
620259574,0,0,1,1,1,1,1
1367487373,0,0,1,1,0,1,0
617309307,0,1,1,1,1,1,0
617447770,0,1,1,1,1,1,0
712317120,0,0,1,1,1,0,1
616225411,0,1,1,1,1,1,0
151474227,0,0,1,1,1,0,1
618499240,0,1,1,1,1,0,0
619235948,0,1,1,1,1,0,0
253111142,0,0,1,1,1,1,0
1130110020,0,0,1,1,1,0,0
621412482,0,1,1,1,1,0,1
1207752978,0,0,1,1,0,0,1
617276858,0,1,1,1,1,1,1
616218488,0,1,1,1,1,0,1
252139342,0,1,1,1,1,0,1
1174330140,0,0,1,1,1,1,0
1174885004,0,0,1,1,1,0,1
611817370,0,1,0,0,1,1,0
1391998039,0,0,1,1,0,0,0
1176031873,0,1,1,1,1,1,0
1174750884,0,0,1,1,1,0,0
619441415,0,1,1,1,1,1,0
616211005,0,1,1,1,1,1,1
617236411,0,1,1,1,1,1,0
617293369,0,1,1,1,1,0,1
1176277345,0,0,1,1,1,1,0
290499654,0,1,0,0,1,0,0
1127303257,0,0,1,1,1,1,1
617398277,0,0,1,1,1,1,0
616219076,0,1,1,1,1,0,0
1175943655,0,0,1,1,1,0,0
1387702238,0,0,1,1,0,0,1
616212148,0,1,1,1,1,0,0
1176319747,0,0,1,1,1,1,0
616231544,0,1,1,1,1,1,1
1176344617,0,0,1,1,1,0,1
616224133,0,0,1,1,1,1,0
617342164,0,1,1,1,1,1,0
1174944620,0,1,1,1,1,0,1
618136325,0,1,1,1,1,1,0
1127515314,0,1,1,1,1,1,1
1174402410,0,0,1,1,1,0,0
1175806116,0,1,1,1,1,0,0
1128697718,0,0,1,1,1,0,0
616234909,0,1,1,1,1,0,1
34589722,0,0,1,1,1,1,1
616438405,0,1,1,1,1,0,1
1130213556,0,1,1,1,1,1,1
622866052,0,1,1,1,1,1,0
1174898930,0,0,1,1,1,1,0
1174804556,0,1,1,1,1,1,0
335052095,0,0,1,1,1,0,0
617843808,0,0,1,1,1,1,1
93225500,0,0,1,1,1,0,0
1175992374,0,0,1,1,1,1,0
1175000504,0,0,1,1,1,0,0
616650103,0,1,1,1,1,0,0
1176127388,0,0,1,1,1,1,0
1175788465,0,0,1,1,1,0,1
1176267397,0,0,1,1,1,1,0
101399567,0,0,1,1,0,0,0
616312923,0,1,1,1,1,0,0
245685332,0,0,1,1,1,0,0
618549078,0,1,1,1,1,1,0
404334610,0,0,1,1,1,1,0
358263991,0,1,1,1,1,1,0
1208757007,0,0,1,1,0,0,0
1124447899,0,0,1,1,1,1,1
1175933244,0,1,1,1,1,1,0
1175633166,0,0,1,1,1,1,1
333805197,0,0,1,1,1,0,0
622357843,0,1,1,1,1,1,0
303932719,1,1,0,0,1,1,0
1174509800,0,0,1,1,1,1,0
616287702,0,0,1,1,1,1,1
89963109,0,0,1,1,1,1,0
319071294,0,1,1,1,1,0,0
147266930,0,0,1,0,0,1,0
616862788,0,0,1,1,1,1,0
620776121,0,1,1,1,1,1,0
84539426,0,0,1,1,0,1,0
616218557,0,0,1,1,1,0,0
1174742864,0,0,1,1,1,1,0
212928560,0,0,1,1,1,1,0
1175772264,0,0,1,1,1,0,1
1175629345,0,0,1,1,1,1,0
1127260830,0,0,1,1,1,0,0
1176382580,0,0,1,1,1,1,1
1174331750,0,1,1,1,1,1,0
616810995,0,0,1,1,1,0,0
1175868074,0,0,1,1,1,1,0
422318647,0,0,1,0,1,0,0
616210814,0,0,1,1,1,1,0
616206656,0,1,1,1,1,0,0
29940598,0,0,1,1,1,1,0
616561810,0,1,1,1,1,0,1
1129905792,0,0,1,1,1,1,0
128620164,0,0,1,1,0,1,0
616687643,0,0,1,1,1,1,1
135026061,0,0,1,1,1,1,1
618689737,0,1,1,1,1,0,0
617471280,0,1,1,1,1,1,0
616871628,0,0,1,1,1,0,0
622928583,0,0,1,1,1,0,1
173215914,0,0,1,1,1,0,1
1176151704,0,1,1,1,1,1,1
1176419695,0,0,1,1,1,0,1
73473444,0,1,0,0,1,1,1
351514291,0,1,1,1,1,0,1
616997089,0,1,1,1,1,0,0
616222607,0,0,1,1,1,1,1
616230280,0,1,1,1,1,1,1
616299006,1,0,1,1,1,0,0
1126921074,0,0,1,1,1,0,0
1174847785,0,0,1,1,1,1,1
616394546,0,1,1,1,1,1,0
617824831,0,0,1,1,1,0,0
207293756,0,1,1,1,1,0,1
1124807293,0,0,1,1,1,0,0
1128355266,0,0,1,1,1,0,0
617410411,0,1,1,1,1,1,0
616224899,0,1,1,1,1,0,1
1175653093,0,0,1,1,1,1,1
616535986,0,1,1,1,1,1,1
1175634584,0,0,1,1,1,0,0
1386172154,0,0,1,1,1,1,0
1174789676,0,0,1,1,1,0,0
616304457,0,1,1,1,1,1,0
1128816360,0,0,1,1,1,0,1
616229738,0,0,1,1,1,0,0
620419987,0,1,1,1,1,0,0
379259119,0,0,1,1,1,1,1
617096658,0,1,1,1,1,0,0
616392153,0,1,1,1,1,1,1
1127241931,0,0,1,1,1,0,1
270595940,0,0,1,1,0,0,1
616232053,0,0,1,1,1,0,0
1175626327,0,0,1,1,1,1,1
1174944276,0,0,1,1,1,1,1
619598059,0,0,1,1,1,1,0
1176362071,0,0,1,1,1,0,0
1128398388,0,0,1,1,1,1,0
1127218854,0,0,1,1,1,1,0
21196037,0,0,1,1,1,1,0
1127992975,0,1,1,1,1,1,0
1208193505,0,0,1,1,0,1,1
1174751144,0,0,1,1,1,0,1
341335650,0,0,1,1,1,1,0
1174410324,0,0,1,1,1,0,0
1176149502,0,0,1,1,1,0,1
1127816366,0,1,1,1,1,0,0
616311015,0,1,1,1,1,0,0
619406337,0,1,1,1,1,1,0
617617449,0,1,1,1,1,1,1
616232257,0,1,1,1,1,1,0
616699097,0,1,1,1,1,0,0
618220272,0,1,1,1,1,0,0
616231375,0,0,1,1,1,1,1
116397637,0,0,1,1,0,0,0
335610997,0,0,1,1,1,0,1
616553484,0,1,1,1,1,1,1
1174929679,0,1,1,1,1,0,1
194026156,0,1,1,1,1,0,1
1129918525,0,0,1,1,1,1,1
1175009000,0,0,1,1,1,0,0
1126886184,0,1,1,1,1,0,0
259042485,0,0,1,1,0,1,0
616219883,0,1,1,1,1,0,0
619542769,0,0,1,1,1,0,0
1130157896,0,1,1,1,1,1,1
1174869769,0,1,1,1,1,0,0
454616346,0,0,1,1,1,1,0
1174926474,0,0,1,1,1,1,0
1370781445,0,0,1,1,0,1,0
1127150011,0,1,1,1,1,1,0
617445392,0,1,1,1,1,1,1
330273328,0,0,1,1,1,0,1
617801213,0,0,1,1,1,0,1
1213549526,0,0,1,1,0,1,0
1208895733,0,0,1,1,0,1,1
1128419868,0,0,1,1,1,1,0
616299315,0,1,1,1,1,1,0
1174395410,0,0,1,1,1,0,0
617155487,0,0,1,1,1,1,0
337653685,1,1,0,1,1,1,0
616225373,0,1,1,1,1,1,1
1208639550,0,0,1,1,1,1,1
616300803,0,0,1,1,1,1,0
273432870,0,0,1,1,1,1,0
616229977,0,1,1,1,1,0,1
241553849,0,0,1,0,0,0,0
1174851200,0,0,1,1,1,1,0
616212203,0,0,1,1,1,1,0
317248347,0,0,1,1,1,0,0
198833831,0,0,1,1,1,1,0
616297194,0,0,1,1,1,0,0
617739493,0,0,1,1,1,1,0
616575636,0,0,1,1,1,1,0
617898741,0,0,1,1,1,0,0
711397128,0,0,1,1,1,0,1
1175980453,0,0,1,1,1,1,1
112540516,0,1,1,1,1,1,1
616224700,0,1,1,1,1,0,1
1176105391,0,0,1,1,1,0,0
617556297,0,1,1,1,1,1,0
1130546598,0,1,1,1,1,1,1
617602159,0,1,1,1,1,1,0
619563674,0,1,1,1,1,0,1
1175717354,0,0,1,1,1,1,0
101330413,0,0,1,1,1,0,1
620175784,0,0,1,1,1,0,1
621377933,0,1,1,1,1,0,0
1130415098,0,0,1,1,1,1,0
616287579,0,0,1,1,1,0,0
617176526,0,1,1,1,1,0,0
616500983,0,1,1,1,1,1,0
1175828748,0,0,1,1,0,1,1
1176241388,0,0,1,1,1,0,1
1176385015,0,1,1,1,1,1,0
616349387,0,1,1,1,1,0,0
617524589,0,1,1,1,1,0,1
616880989,0,1,1,1,1,0,1
1128458438,0,0,1,1,1,1,0
619588265,0,1,1,1,1,1,0
617638457,0,1,1,1,1,1,0
1126399904,0,0,1,1,1,0,1
1174622690,0,0,1,1,1,1,0
1127391530,0,1,1,1,1,0,0
617280711,0,0,1,1,1,0,0
254716078,0,0,1,1,0,0,0
618134374,0,1,1,1,1,0,0
251855577,0,0,1,1,1,0,0
1175587045,0,1,1,1,1,1,0
617837077,0,0,1,1,1,0,0
1175028782,0,0,1,1,1,0,0
616211257,0,1,1,1,1,1,0
1176131214,0,1,1,1,1,1,1
138211958,0,0,1,1,1,1,0
616302717,0,1,1,1,1,1,1
1130396822,0,0,1,1,1,1,0
617110971,0,1,1,1,1,1,0
616230368,0,1,1,1,1,1,0
70277715,0,1,1,1,1,0,1
140176665,1,0,1,1,1,1,0
617825921,0,0,1,1,1,1,0
616956640,0,1,1,1,1,1,0
83293188,1,1,0,1,1,0,0
616305756,0,1,1,1,1,0,0
616225564,0,1,1,1,1,1,0
512084670,0,1,1,1,0,0,0
144602443,1,1,1,1,1,1,1
1175837136,0,0,1,1,1,0,0
616648049,0,1,1,1,1,0,1
1176165122,0,1,1,1,1,0,1
1127891892,0,1,1,1,1,0,0
1124788411,0,1,1,1,1,1,0
1174518524,0,0,1,1,1,1,0
413650968,0,0,1,0,0,0,0
1176173497,0,0,1,1,1,1,0
1174515206,0,0,1,1,1,1,0
616843743,0,0,1,1,1,1,0
1174778406,0,0,1,1,1,1,0
1174341054,0,1,1,1,1,0,1
617072174,0,0,1,1,1,1,1
616206631,0,0,1,1,1,1,0
616795584,0,1,1,1,1,0,0
1127059790,0,1,1,1,1,1,0
1174676743,0,1,1,1,1,1,0
460577572,0,1,1,1,1,1,0
1381167558,0,0,1,1,1,1,1
1174411070,0,0,1,1,1,1,0
1128144613,0,1,1,1,1,1,0
617051815,0,1,1,1,1,1,0
1174740535,0,0,1,1,1,0,0
1128284804,0,1,1,1,1,0,0
75683534,0,0,1,0,1,1,1
1175833148,0,1,1,1,1,0,0
189040110,0,0,1,1,0,0,1
618145336,0,0,1,1,1,0,0
35008954,0,1,1,1,0,0,0
465998255,0,0,1,0,0,1,0
616235884,0,1,1,1,1,1,0
710998206,0,1,1,1,1,1,0
38520305,0,1,1,1,1,1,0
616520119,0,0,1,1,1,1,1
125528862,0,0,1,1,1,1,0
254976820,0,0,1,1,0,1,0
1175777869,0,0,1,1,1,0,0
1174616234,0,0,1,1,1,1,0
616215005,0,0,1,1,1,0,0
616512844,0,0,1,1,1,1,1
103159736,0,0,1,0,1,1,0
616312189,0,1,1,1,1,0,0
616218377,0,1,1,1,1,0,1
538558418,0,0,1,1,1,0,1
616313064,0,0,1,1,1,1,0
499854962,0,0,1,1,0,1,1
619305569,0,1,1,1,1,1,1
1175972964,0,1,1,1,1,1,0
616222768,0,1,1,1,1,1,0
1174538528,0,1,1,1,1,1,0
1174464710,0,0,1,1,1,1,0
1387417639,0,0,1,1,0,1,0
620765352,0,0,1,1,1,0,0
616223734,0,1,1,1,1,1,0
1127581338,0,0,1,1,1,0,0
75807122,0,0,1,1,1,1,0
1129032277,0,0,1,1,1,1,0
1373641104,0,0,1,1,1,1,0
1174621862,0,0,1,1,1,1,0
1175754096,0,1,1,1,1,0,0
1128888824,0,0,1,1,1,1,0
1125357410,0,1,1,1,1,0,1
370733068,0,0,1,1,0,0,1
618208393,0,0,1,1,1,0,1
77443610,0,0,1,0,0,0,1
1127093012,0,1,1,1,1,1,1
1130534930,0,1,1,1,1,1,1
1175803050,0,0,1,1,1,0,0
1174684957,0,1,1,1,1,0,1
1174851499,0,1,1,1,1,1,0
616833719,0,1,1,1,1,1,0
195913271,1,1,1,1,1,1,1
28265406,0,0,1,1,1,1,1
1174383524,0,0,1,1,1,1,0
1176324859,0,1,1,1,1,0,0
616204178,0,0,1,1,1,1,1
616224764,0,1,1,1,1,1,0
1176392124,0,0,1,1,1,1,0
616223671,0,0,1,1,1,1,1
1174444022,0,0,1,1,1,1,1
100219528,0,0,1,0,1,1,0
616998237,0,1,1,1,1,0,0
617712875,0,0,1,1,1,1,0
1176120223,0,0,1,1,1,1,1
616230997,0,1,1,1,1,1,1
1128898598,0,0,1,1,1,0,0
72110028,0,1,0,0,1,0,1
617556760,0,0,1,1,1,1,0
1368184886,0,0,1,1,1,0,0
1174427628,0,1,1,1,1,1,0
616300029,0,1,1,1,1,1,0
239525864,0,1,1,1,1,1,0
617718785,0,1,1,1,1,1,0
407868184,0,1,1,0,0,1,0
1174374654,0,1,1,1,1,0,0
1128254628,0,0,1,1,1,0,0
1175854238,0,0,1,1,1,1,1
107914508,1,1,0,1,1,1,0
616872091,0,1,1,1,1,1,0
254247600,0,0,1,1,0,0,0
1175787168,0,0,1,1,1,0,1
617458994,0,0,1,1,1,0,0
1127137806,0,0,1,1,1,0,0
616224676,0,0,1,1,1,1,1
1175693322,0,0,1,1,1,1,0
1175937380,0,0,1,1,1,0,0
616227469,0,1,1,1,1,1,1
147107988,0,0,1,1,0,0,0
616304394,0,0,1,1,1,1,0
716053231,0,0,1,1,1,1,0
617284243,0,1,1,1,1,1,0
1127963340,0,0,1,1,1,1,0
617766838,0,0,1,1,1,1,0
616218326,0,1,1,1,1,1,0
1176253664,0,0,1,1,1,1,0
400069220,0,0,1,1,0,1,0
1175961673,0,0,1,1,1,1,0
619018390,0,1,1,1,1,0,0
1126883186,0,1,1,1,1,0,1
616288341,0,0,1,1,1,1,0
1130384803,0,0,1,1,1,1,0
1174717800,0,1,1,1,1,0,1
1208281129,0,0,1,1,0,1,0
36299291,0,1,1,1,1,1,1
713380862,0,0,1,1,1,0,1
617747498,0,0,1,1,1,0,0
96871607,0,0,1,1,1,0,1
21365952,0,0,1,1,1,1,0
72348749,0,0,1,1,1,1,1
1128718424,0,0,1,1,1,1,0
1174330058,0,0,1,1,1,1,0
184988281,0,0,1,1,0,0,0
1128493195,0,1,1,1,1,1,0
616937163,0,1,1,1,1,1,0
124964940,0,0,1,1,0,1,0
302513351,0,1,1,0,0,1,1
1175062507,0,1,1,1,1,1,0
617279043,0,1,1,1,1,1,0
520701091,0,0,1,1,1,1,0
1174998998,0,0,1,1,1,1,1
616887730,0,0,1,1,1,0,1
184922888,0,0,1,1,0,1,0
1120176186,0,1,1,1,1,0,0
1175968620,0,1,1,1,1,0,1
618505565,0,1,1,1,1,1,0
1127590879,0,0,1,1,1,1,1
1127478864,0,0,1,1,1,0,0
1174433286,0,0,1,1,1,0,1
1127177594,0,1,1,1,1,1,0
616621744,0,1,1,1,1,1,1
1176213703,0,1,1,1,1,1,0
618982638,0,0,1,1,1,1,0
616207430,0,1,1,1,1,1,1
1174403612,0,0,1,1,1,1,0
616232630,0,1,1,1,1,1,1
124447429,0,0,1,1,1,1,0
1175705202,0,1,1,1,1,1,0
1130386950,0,0,1,1,1,0,0
1127838836,0,0,1,1,1,1,1
1176047184,0,0,1,1,1,1,0
1126057680,0,0,1,1,1,0,0
616217624,0,0,1,1,1,1,0
1174710902,0,1,1,1,1,1,0
617081967,0,1,1,1,1,1,1
616223147,0,0,1,1,1,0,1
618349118,0,1,1,1,1,0,0
106622116,0,0,1,1,0,1,0
1381607736,0,0,1,1,1,1,0
616298907,0,0,1,1,1,0,1
1176267386,0,0,1,1,1,1,0
708650725,0,1,1,1,1,1,0
134678238,0,0,1,1,1,0,0
1175801724,0,0,1,1,1,1,1
395021188,0,0,1,1,1,0,0
230030181,0,1,0,1,1,1,0
1174682425,0,0,1,1,1,0,0
1174787304,0,0,1,1,1,1,1
1174450896,0,0,1,1,1,0,1
1130623285,0,1,1,1,1,0,0
1176159360,0,0,1,1,1,1,1
346790259,0,0,1,1,1,1,0
1127105509,0,0,1,1,1,0,0
1175767867,0,1,1,1,1,1,0
1125327924,0,0,1,1,1,1,0
1208024365,0,0,1,1,0,1,0
1174977500,0,0,1,1,1,0,1
520214369,0,1,1,1,1,1,0
1174756808,0,0,1,1,1,0,0
1174335446,0,0,1,1,1,1,1
119926900,0,0,1,1,1,1,0
1174679592,0,1,1,1,1,0,0
616331366,0,1,1,1,1,0,0
1175615983,0,0,1,1,1,0,0
619118183,0,1,1,1,1,1,1
337161218,0,0,1,1,0,0,0
325767923,0,1,1,1,0,0,0
523035519,0,0,1,1,0,0,1
616301106,0,0,1,1,1,0,0
67946273,0,0,1,1,1,0,0
416995459,0,0,1,1,0,0,0
142150030,0,0,1,1,1,1,1
616227622,0,1,1,1,1,0,0
616206269,0,1,1,1,1,1,1
616222831,0,1,1,1,1,0,1
621874598,0,0,1,1,1,1,0
1175774436,0,0,1,1,1,1,0
616297419,0,0,1,1,1,0,0
617689102,0,0,1,1,1,1,0
616305963,0,1,1,1,1,1,0
1174925106,0,1,1,1,1,0,0
1124301420,0,0,1,1,1,0,0
618372072,0,1,1,1,1,1,0
710386668,0,1,1,1,1,1,0
271619712,0,0,1,1,0,1,0
1175650981,0,0,1,1,1,0,1
1174733100,0,0,1,1,1,0,1
1174913503,0,0,1,1,1,0,0
616302336,0,0,1,1,1,1,1
616307780,0,0,1,1,1,0,0
617641534,0,0,1,1,0,1,0
1174812978,0,0,1,1,1,1,0
97859473,0,0,1,1,1,0,0
616313439,0,0,1,1,1,1,0
616219934,0,0,1,1,1,1,0
1127305652,0,0,1,1,1,1,1
50055682,0,0,1,1,1,1,0
1174743524,0,0,1,1,1,0,0
1175003000,0,0,1,1,1,1,0
40010436,0,0,1,1,1,1,0
617706549,0,0,1,1,1,1,1
708732794,0,1,1,1,1,1,0
1175881286,0,1,1,1,1,0,1
134332869,0,1,1,1,1,1,1
1176175902,0,0,1,1,1,0,1
159719768,0,0,1,1,1,0,1
616453934,0,1,1,1,1,0,0
709158032,0,1,1,1,1,1,0
490713181,0,0,1,1,1,1,0
1127828666,0,0,1,1,1,0,0
1176422048,0,0,1,1,1,1,0
25836383,1,0,1,1,1,1,0
616310157,0,1,1,1,1,0,1
39328305,0,1,0,1,1,1,1
616544238,0,0,1,1,1,1,0
96730829,0,1,0,1,1,0,1
1174648296,0,1,1,1,1,1,0
1175726604,0,0,1,1,1,1,0
619422439,0,0,1,1,1,1,0
1130123028,0,1,1,1,1,1,0
37384589,0,0,1,1,1,1,1
1124249136,0,0,1,1,1,0,0
153921560,0,1,1,1,1,1,0
616230346,0,0,1,1,1,1,1
1174425121,0,0,1,1,1,1,0
411288201,0,0,1,1,0,0,1
150861478,0,1,1,1,1,1,0
617828146,0,1,1,1,1,1,1
133434448,0,0,1,1,1,1,0
1176427063,0,0,1,1,1,1,0
620320700,0,1,1,1,1,0,0
169147207,0,1,1,1,1,1,0
616285659,0,0,1,1,0,1,0
709547976,0,1,1,1,1,1,1
1125890246,0,0,1,1,1,1,1
1127322342,0,0,1,1,1,1,1
1174431079,0,0,1,1,1,1,0
1129936399,0,1,1,1,1,0,1
554590139,0,1,1,0,0,1,0
193607094,0,0,1,1,0,1,0
617096445,0,0,1,1,1,1,0
1174514420,0,0,1,1,1,1,0
1176384235,0,0,1,1,1,0,1
616223167,0,0,1,1,1,1,0
620753960,0,0,1,1,1,0,0
1391832212,0,0,1,1,0,1,0
1174917374,0,0,1,1,1,1,0
616235842,0,0,1,1,1,1,0
395458764,0,0,1,1,0,0,0
1176308636,0,0,1,1,0,1,0
297255017,0,1,1,1,0,1,0
1174341847,0,1,1,1,1,1,1
617739091,0,0,1,1,1,0,0
616232512,0,1,1,1,1,0,0
616217714,0,1,1,1,1,1,0
621733211,0,0,1,1,1,0,0
617692004,0,0,1,1,1,0,1
1208624760,0,0,1,1,1,0,0
189015964,0,1,1,1,1,0,0
617241478,0,0,1,1,1,1,0
1174437590,0,0,1,1,1,0,0
21706899,0,0,1,1,0,0,1
619784136,0,0,1,1,1,1,0
616299078,0,1,1,1,1,1,0
105830531,0,0,1,1,1,0,1
1174874869,0,0,1,1,1,1,0
1098285654,0,0,1,1,0,0,0
617557216,0,1,1,1,1,0,0
1127478085,0,1,1,1,1,0,0
617228152,0,1,1,1,1,1,0
152259498,0,0,1,1,0,1,0
617668598,0,1,1,1,1,1,0
1174580582,0,0,1,1,1,1,0
616824681,0,1,1,1,1,1,0
616206467,0,1,1,1,1,0,0
57475867,0,1,1,0,1,0,0
617060374,0,1,1,1,1,1,0
1174372298,0,0,1,1,1,0,0
617696176,0,1,1,1,1,1,0
1126958802,0,1,1,1,1,1,0
1175038892,0,0,1,1,1,1,0
422850440,0,0,1,1,0,0,0
619552741,0,0,1,1,1,1,1
617727291,0,1,1,1,1,1,0
261931118,0,0,1,1,0,1,1
616209703,0,0,1,1,1,0,1
582554537,0,0,1,1,0,1,0
616284642,0,0,1,1,1,0,0
316402288,0,0,1,1,1,1,0
221009412,0,0,1,1,1,0,0
1174620793,0,0,1,1,1,1,0
1127064612,0,1,1,1,1,1,0
580423549,0,0,1,1,0,0,1
192269471,0,1,0,0,1,1,1
619048475,0,0,1,1,1,1,0
1175773806,0,1,1,1,1,1,1
1174759088,0,0,1,1,1,1,1
1176194977,0,0,1,1,1,1,0
275881452,1,0,1,1,1,0,0
1374103256,0,0,1,1,0,0,0
616633553,0,1,1,1,1,1,0
164432890,0,0,1,1,1,1,0
1208404442,0,0,1,1,0,0,1
1386619668,0,0,1,1,0,0,0
616300149,0,0,1,1,1,0,1
1208844938,0,0,1,1,0,1,1
356674188,0,1,1,0,0,1,0
616232251,0,1,1,1,1,0,0
1128629346,0,1,1,1,1,1,0
350039038,0,0,1,1,1,1,1
51184465,0,0,1,0,1,1,0
450179797,0,1,1,1,1,0,0
1174656450,0,1,1,1,1,0,0
80194139,0,0,1,1,1,1,1
616777049,0,0,1,1,1,0,0
210428729,0,0,1,1,1,1,0
1174970576,0,0,1,1,1,0,0
617047718,0,0,1,1,1,1,0
1213479486,0,0,1,1,0,0,1
1176006872,0,0,1,1,1,1,0
1129729476,0,1,1,1,1,1,0
617373638,0,0,1,1,1,1,0
514818877,0,1,1,1,1,0,0
1175624556,0,1,1,1,1,1,0
140200549,0,0,1,1,0,1,0
616220681,0,0,1,1,1,0,1
616234888,0,0,1,1,1,1,0
105510200,0,0,1,1,1,0,1
1130249922,0,0,1,1,1,0,0
1381040010,0,0,1,1,0,0,0
31776715,0,0,1,1,1,1,1
1174644632,0,1,1,1,1,1,1
102336226,0,0,1,1,0,1,1
1176175699,0,0,1,1,1,0,1
362228315,0,0,1,1,1,1,0
617284591,0,0,1,1,1,1,0
244812839,0,0,1,1,1,0,1
1175029616,0,0,1,1,1,0,0
1125604190,0,0,1,1,1,1,0
244254961,0,1,1,1,1,0,0
153824393,0,0,1,1,0,1,0
1124711090,0,1,1,1,1,1,0
100370448,0,0,1,1,1,1,0
316585017,0,1,1,1,1,1,0
21972434,1,0,1,1,1,0,1
618211955,0,0,1,1,1,0,0
1174436491,0,0,1,1,1,0,1
1127484458,0,1,1,1,1,0,0
616207079,0,1,1,1,1,1,0
1176063571,0,1,1,1,1,0,1
236623139,0,0,1,1,1,1,0
1128764245,0,0,1,1,1,0,1
1176220436,0,0,1,1,1,0,1
1176184358,0,0,1,1,1,1,0
455070011,0,0,1,1,0,0,0
1175960761,0,0,1,1,1,0,0
616208212,0,1,1,1,1,1,0
616302786,0,0,1,1,1,1,0
114099935,0,0,1,1,0,0,1
60257479,0,0,1,1,1,1,1
1174539534,0,1,1,1,1,1,1
616301301,0,1,1,1,1,0,0
710621238,0,1,1,1,1,1,0
616227574,0,0,1,1,1,1,1
618249107,0,1,1,1,1,1,0
1175825581,0,1,1,1,1,1,0
217055469,0,0,1,0,0,1,0
616287345,0,1,1,1,1,1,0
617301783,0,0,1,1,1,1,1
202886194,0,0,1,1,1,1,1
1175931889,0,1,1,1,1,1,0
617273229,0,0,1,1,1,1,0
618277797,0,1,1,1,1,0,0
619512380,0,1,1,1,1,0,0
617736822,0,1,1,1,1,1,1
616709340,0,0,1,1,1,1,1
33438880,0,0,1,1,1,1,1
616228561,0,0,1,1,1,0,0
616215323,0,0,1,1,1,1,1
169141228,0,1,1,1,1,1,0
1127772061,0,1,1,1,1,1,0
1174603392,0,1,1,1,1,1,0
617575079,0,0,1,1,1,0,0
616302333,0,1,1,1,1,1,0
1175021809,0,0,1,1,1,0,0
1207879530,0,0,1,1,1,1,0
421419585,0,0,1,1,1,1,1
259706720,0,0,1,1,0,1,0
356172796,0,1,1,0,1,1,0
616301361,0,1,1,1,1,1,1
354306025,0,0,1,1,1,1,0
1124407771,0,1,1,1,1,1,1
1127183491,0,1,1,1,1,1,0
616218776,0,0,1,1,1,1,0
1174711836,0,0,1,1,1,0,0
1174382539,0,1,1,1,1,1,0
1208119178,0,0,1,1,0,1,0
16753788,0,0,1,1,1,0,0
1127371730,0,0,1,1,1,0,1
616298811,0,1,1,1,1,0,0
620112188,0,1,1,1,1,0,1
148151604,0,0,1,1,1,0,0
1174554060,0,0,1,1,1,1,0
288912572,0,0,1,1,0,0,0
1218517542,0,0,1,1,1,0,0
1175061374,0,0,1,1,1,1,0
616223419,0,1,1,1,1,1,0
468338356,0,0,1,0,1,1,0
616308033,0,1,1,1,1,1,1
709554859,0,0,1,1,1,1,1
617831397,0,0,1,1,1,0,0
1175651917,0,0,1,1,1,0,0
1174361588,0,0,1,1,1,0,1
1130271691,0,0,1,1,1,0,0
35959749,0,1,1,1,1,0,0
1174696087,0,0,1,1,1,0,0
619468845,0,1,1,1,1,0,0
1175044778,0,0,1,1,1,1,0
708676321,0,1,1,1,1,1,0
1130295176,0,0,1,1,1,0,0
1174927723,0,1,1,1,1,0,0
1176141625,0,1,1,1,1,0,1
616225861,0,0,1,1,1,0,0
64968114,0,0,1,1,1,1,0
616450260,0,0,1,1,1,1,0
1174444872,0,0,1,1,1,0,1
42570158,1,0,1,1,1,1,0
1128680906,0,0,1,1,1,1,0
1128246877,0,1,1,1,1,0,0
1124643068,0,0,1,1,1,1,0
622286034,0,1,1,1,1,0,0
1130458686,0,0,1,1,1,1,0
618262473,0,1,1,1,1,0,0
19951698,0,0,1,1,1,1,0
357101224,0,0,1,1,0,0,1
1126840332,0,0,1,1,1,1,0
1175793452,0,0,1,1,1,1,0
1176282888,0,0,1,1,1,1,1
616297275,0,0,1,1,1,1,0
62969150,0,0,1,1,1,0,0
616710259,0,1,1,1,1,0,0
616284570,0,1,1,1,1,0,1
1174652005,0,0,1,1,1,1,0
1174853904,0,0,1,1,1,1,0
1174445989,0,0,1,1,1,0,0
1174986182,0,0,1,1,1,1,0
1175055697,0,1,1,1,1,0,1
306215704,0,0,1,1,1,1,1
621834892,0,1,1,1,1,1,1
1176077330,0,1,1,1,1,1,0
622572415,0,0,1,1,1,1,0
616215784,0,0,1,1,1,1,0
616231795,0,1,1,1,1,0,1
412025289,0,0,1,1,1,1,0
1128650161,0,1,1,1,1,0,0
1176247080,0,0,1,1,1,1,0
1174982916,0,0,1,1,1,0,1
616224313,0,1,1,1,1,1,0
184849544,0,0,1,1,1,1,0
616297320,0,1,1,1,1,0,1
616306866,0,1,1,1,1,1,0
475732319,0,1,0,0,1,1,0
191725589,0,0,1,1,0,0,1
1129940900,0,0,1,1,1,1,0
1175011819,0,0,1,1,1,1,0
571300851,0,0,1,1,1,0,0
1127433188,0,0,1,1,1,1,0
709094335,0,1,1,1,1,1,0
1176398449,0,0,1,1,1,0,1
1174577899,0,1,1,1,1,1,0
1174739257,0,0,1,1,1,1,0
122963011,0,0,1,1,0,1,1
1126890631,0,0,1,1,1,0,1
1128403068,0,1,1,1,1,1,0
227650216,0,0,1,1,1,1,0
617564443,0,1,1,1,1,0,0
616891343,0,1,1,1,1,1,0
616635449,0,0,1,1,1,0,1
56232036,0,1,0,0,1,1,0
617684430,0,0,1,1,1,1,1
1176308588,0,0,1,1,1,0,1
1128251834,0,1,1,1,1,1,0
1176275664,0,0,1,1,1,1,1
616231564,0,0,1,1,1,1,0
616437167,0,1,1,1,1,1,0
1174543622,0,0,1,1,1,1,0
183580684,0,0,1,0,0,1,0
28222509,0,0,1,1,0,0,0
375106107,0,0,1,1,1,1,1
168872531,0,0,1,1,1,0,0
1175021929,0,1,1,1,1,0,0
1174638079,0,1,1,1,1,1,0
618803772,0,0,1,1,1,1,0
1127892150,0,1,1,1,1,1,0
1175956076,0,0,1,1,1,0,0
509038409,0,0,1,1,0,1,1
1128187680,0,0,1,1,1,1,0
537276941,0,0,1,1,0,0,0
1125979442,0,0,1,1,1,1,1
239312585,0,0,1,0,0,1,0
616414201,0,1,1,1,1,1,0
635863952,0,0,1,1,0,0,0
1175937997,0,0,1,1,1,1,1
1130581675,0,0,1,1,1,1,0
617647029,0,1,1,1,1,0,1
617369459,0,0,1,1,1,1,0
1174562730,0,0,1,1,1,1,0
198414396,0,0,1,1,1,0,0
321581818,0,0,1,1,0,1,1
1208441712,0,0,1,1,1,1,0
1129919894,0,0,1,1,1,1,1
239732544,0,0,1,1,0,1,0
320725572,0,0,1,1,0,1,1
620156433,0,1,1,1,1,1,1
1208662998,0,0,1,1,0,0,1
1388819528,0,0,1,1,0,1,0
1130298409,0,1,1,1,1,1,0
616328439,0,1,1,1,1,0,1
616298784,0,0,1,1,1,0,1
1175718902,0,0,1,1,1,1,0
195541103,0,1,0,1,1,0,1
278082770,0,1,1,1,1,1,1
1127314142,0,1,1,1,1,1,0
105748476,0,0,1,1,1,1,1
616301049,0,0,1,1,1,0,0
1128356431,0,0,1,1,1,1,0
617359641,0,1,1,1,1,1,0
1126890798,0,0,1,1,1,0,0
122511648,0,1,1,1,1,1,1
1174417388,0,1,1,1,1,1,0
144748986,0,0,1,1,1,1,1
1126950427,0,0,1,1,1,1,0
617073588,0,1,1,1,1,0,0
1174818847,0,0,1,1,1,0,1
1128530372,0,0,1,1,1,1,0
618153400,0,1,1,1,1,1,0
239895893,0,0,1,1,1,0,1
1175901152,0,0,1,1,1,1,1
1209174511,0,0,1,1,0,1,1
1176197136,0,0,1,1,1,1,1
1174407720,0,0,1,1,1,0,0
616221044,0,1,1,1,1,1,0
1130522202,0,0,1,1,1,0,0
618928185,0,1,1,1,1,1,0
258322288,0,0,1,1,0,0,1
616579375,0,0,1,1,1,1,0
616880011,0,0,1,1,1,0,1
329804273,0,0,1,1,1,1,1
1208423114,0,0,1,1,1,1,0
1175871524,0,0,1,1,1,1,0
227811080,0,0,1,0,1,1,0
157614264,0,1,1,1,1,1,1
1176426272,0,0,1,1,1,1,0
616973721,0,1,1,1,1,0,0
616293207,0,0,1,1,1,1,0
1174450668,0,1,1,1,1,0,0
270442712,0,0,1,1,0,1,1
1127582702,0,0,1,1,1,1,0
1127400348,0,0,1,1,1,1,0
616304112,0,1,1,1,1,1,1
616224374,0,0,1,1,1,1,0
617262093,0,1,1,1,1,0,0
617627840,0,0,1,1,1,0,0
1127769554,0,0,1,1,1,1,1
616224076,0,1,1,1,1,0,1
95782748,0,0,1,1,0,0,1
1122936860,0,0,1,0,0,0,1
247979863,0,0,1,1,1,1,1
616736089,0,0,1,1,1,1,0
617430051,0,1,1,1,1,0,0
1174873122,0,0,1,1,1,1,1
616227250,0,0,1,1,1,1,0
396755498,0,1,0,1,0,1,1
1176393222,0,0,1,1,1,1,0
1174643767,0,0,1,1,0,0,1
237036122,0,0,1,1,1,1,0
616207376,0,1,1,1,1,0,0
1366923541,0,0,1,1,0,1,0
616221794,0,1,1,1,1,1,0
73766975,0,0,1,1,1,1,0
616227970,0,0,1,1,1,1,0
375174626,0,0,1,1,0,1,0
141394735,0,0,1,0,0,1,0
617254082,0,0,1,1,1,0,0
1130284382,0,0,1,1,1,1,0
1175732936,0,1,1,1,1,1,1
616231144,0,0,1,1,1,0,0
1128728185,0,1,1,1,1,1,0
616237669,0,1,1,1,1,1,0
1381459980,0,0,1,1,0,1,0
622366249,0,0,1,1,1,0,0
709392979,0,0,1,1,1,0,0
457013718,0,0,1,0,0,1,0
617560837,0,1,1,1,1,1,0
617392176,0,1,1,1,1,1,1
1383712140,0,0,1,1,0,1,1
616354262,0,1,1,1,1,0,0
1013213588,0,0,1,1,0,1,0
1176157068,0,0,1,1,1,1,0
617534754,0,1,1,1,1,1,0
195625268,0,0,1,1,0,1,0
1174906022,0,0,1,1,1,1,0
1176074503,0,0,1,1,1,0,0
1208801689,0,0,1,1,1,1,1
617096196,0,0,1,1,1,1,0
382916532,0,1,1,1,1,0,1
1127946307,0,1,1,1,1,1,0
616319798,0,0,1,1,1,1,0
154527192,0,0,1,1,1,1,1
616206563,0,1,1,1,1,0,0
616218482,0,1,1,1,1,0,0
1174352306,0,0,1,1,1,1,0
618393696,0,0,1,1,1,0,0
616300842,0,0,1,1,1,1,0
616774511,0,0,1,1,1,0,1
1175064218,0,1,1,1,1,0,1
1129477836,0,0,1,1,1,1,0
1175918527,0,1,1,1,1,1,1
1127034602,0,0,1,1,1,1,1
616524118,0,1,1,1,1,1,0
112188483,0,0,1,1,1,0,0
1176263858,0,0,1,1,1,1,1
1368097362,0,0,1,1,0,1,1
158369900,0,0,1,1,0,1,0
141886393,0,0,1,1,1,0,0
616228429,0,1,1,1,1,1,0
564015559,0,0,1,1,0,1,0
147813988,0,0,1,1,1,0,0
616217972,0,0,1,1,1,1,0
1127587958,0,0,1,1,1,0,0
617695825,0,1,1,1,1,1,0
617315471,0,1,1,1,1,1,0
1174962156,0,0,1,1,1,1,0
563363271,0,0,1,1,0,0,1
616230896,0,1,1,1,1,0,0
616206386,0,1,1,1,1,1,1
616297983,0,1,1,1,1,1,1
1175850312,0,0,1,1,1,1,0
1176030852,0,0,1,1,1,1,0
1175874906,0,0,1,1,1,0,0
622255721,0,1,1,1,1,1,1
240422007,0,0,1,1,1,0,1
1373071759,0,0,1,1,0,1,0
1174429314,0,0,1,1,1,0,1
616300515,0,1,1,1,1,0,0
590916061,0,0,1,1,0,0,0
1127015257,0,0,1,1,1,0,0
1174425702,0,0,1,1,1,0,0
192193390,0,0,1,1,1,0,0
254059795,0,0,1,1,0,0,0
88517573,0,0,1,1,1,1,1
1174472216,0,0,1,1,1,1,0
1127114233,0,1,1,1,1,0,1
1381069658,0,0,1,1,0,1,0
1127077592,0,1,1,1,1,0,0
1175878608,0,1,1,1,1,0,0
1174366058,0,0,1,1,1,1,1
1369480706,0,0,1,1,0,1,0
617396030,0,0,1,1,1,1,0
616598289,0,0,1,1,1,1,0
617736616,0,0,1,1,1,0,1
139270785,0,0,1,1,0,1,0
267092571,0,0,1,1,0,0,0
1174413146,0,0,1,1,1,1,0
1174396562,0,1,1,1,1,0,0
1208622896,0,0,1,1,0,0,0
616212358,0,0,1,1,1,1,0
523607344,0,0,1,1,1,0,1
617429491,0,1,1,1,1,0,0
198572784,0,1,1,1,1,1,1
1128511538,0,0,1,1,1,0,0
617373484,0,0,1,1,1,0,0
617596978,0,1,1,1,1,0,1
1176318060,0,0,1,1,1,1,1
599789901,0,0,1,1,1,0,1
717691526,0,1,0,0,1,1,0
262867461,0,0,1,1,1,1,0
66984417,0,0,1,1,1,0,0
1174739790,0,0,1,1,1,1,0
616904387,0,1,1,1,1,1,1
616876048,0,1,1,1,1,1,0
616382834,0,1,1,1,1,1,0
1128250548,0,0,1,1,1,1,0
1128470257,0,1,1,1,1,0,0
1176038917,0,0,1,1,1,1,0
1127026316,0,1,1,1,1,0,1
1127081611,0,0,1,1,1,1,0
616236079,0,0,1,1,1,1,0
1174994395,0,1,1,1,1,0,1
617473160,0,1,1,1,1,1,1
1174909136,0,0,1,1,1,1,0
569994470,0,0,1,1,1,1,1
617053599,0,0,1,1,1,1,0
1175057606,0,0,1,1,0,0,1
617772457,0,1,1,1,1,0,1
616287324,0,1,1,1,1,1,1
1174338175,0,0,1,1,1,0,1
348489687,0,1,1,0,0,1,1
616224925,0,1,1,1,1,0,0
1176186649,0,1,1,1,1,0,1
617356028,0,0,1,1,1,0,1
310445390,0,0,1,1,0,1,1
1176337327,0,0,1,1,1,0,1
50660716,0,1,1,1,1,1,0
708947054,0,0,1,1,1,0,0
56163699,0,0,1,1,1,1,1
1124616192,0,0,1,1,1,1,0
83895093,0,0,1,1,0,0,0
1174706054,0,0,1,1,1,0,1
616613637,0,0,1,1,1,0,0
1176388351,0,0,1,1,1,1,0
619225021,0,1,1,1,1,0,1
1126439455,0,1,1,1,1,0,1
622545293,0,1,1,1,1,1,0
1174560156,0,1,1,1,1,0,0
711678624,0,1,1,1,1,1,0
1127332626,0,1,1,1,1,1,0
96123681,0,0,1,1,0,1,0
619411152,0,0,1,1,1,0,0
1174735315,0,0,1,1,1,0,0
616236223,0,1,1,1,1,1,1
1174510238,0,0,1,1,1,1,0
1176129667,0,1,1,1,1,0,0
618739511,0,1,1,1,1,1,0
616684545,0,1,1,1,1,0,0
616222720,0,0,1,1,1,1,0
1174991155,0,0,1,1,1,1,0
346747046,0,0,1,1,1,0,0
616299576,0,0,1,1,1,1,0
1370501162,0,0,1,1,0,1,0
616210993,0,1,1,1,1,0,0
1124453858,0,1,1,1,1,1,0
619466144,0,0,1,1,1,1,0
617451689,0,1,1,1,1,0,1
1381512248,0,0,1,1,1,0,0
616217828,0,0,1,1,1,0,0
616300512,0,1,1,1,1,0,1
617299004,0,1,1,1,1,0,0
514736144,0,0,1,1,1,1,0
171066133,0,0,1,1,1,1,1
620220804,0,1,1,1,1,1,0
1129326936,0,1,1,1,1,0,0
1381246512,0,0,1,1,0,0,0
1174550876,0,0,1,1,1,1,0
619020183,0,0,1,1,1,1,0
307819895,0,0,1,1,1,0,1
616681075,0,0,1,1,1,1,0
127375715,0,0,1,1,1,1,1
1174414464,0,0,1,1,1,1,0
1174560212,0,1,1,1,1,1,0
435591257,0,0,1,1,0,1,0
617818221,0,1,1,1,1,0,0
1128588481,0,1,1,1,1,1,0
209169103,0,0,1,1,0,0,0
1127948335,0,0,1,1,0,1,1
125514462,0,0,1,1,1,1,0
398429222,0,0,1,0,0,0,0
619463113,0,1,1,1,1,1,0
72024595,0,0,1,1,0,1,1
1174497528,0,0,1,1,1,1,0
616221926,0,0,1,1,1,0,1
618239464,0,1,1,1,1,0,0
1124632188,0,0,1,1,1,1,0
249011468,0,0,1,1,0,1,0
1127324448,0,0,1,1,1,1,0
618404984,0,1,1,1,1,1,1
317330851,0,1,1,1,1,1,0
282813691,0,0,1,1,0,1,1
77413855,0,1,1,1,1,0,1
161085466,0,0,1,1,1,1,1
616310832,0,0,1,1,1,0,1
616908229,0,1,1,1,1,1,0
1174887464,0,0,1,1,1,1,1
1174739436,0,0,1,1,1,0,1
617679199,0,1,1,1,1,1,0
1128517003,0,1,1,1,1,1,0
1129895606,0,0,1,1,1,1,1
616206664,0,1,1,1,1,0,0
617784376,0,0,1,1,1,1,0
616914106,0,0,1,1,1,1,1
67828913,0,0,1,1,0,0,0
30993019,0,0,1,1,0,1,1
616225018,0,0,1,1,1,1,0
616993101,0,0,1,1,1,1,1
380246735,0,0,1,1,0,1,1
1175864395,0,0,1,1,1,1,0
1174723886,0,0,1,1,1,1,0
265617529,0,0,1,1,1,1,1
616714447,0,0,1,1,1,1,0
135680610,0,0,1,0,0,0,1
1130570449,0,0,1,1,1,0,0
1174850017,0,0,1,1,1,1,0
616222051,0,1,1,1,1,0,0
1207753332,0,0,1,1,1,1,0
19230427,0,0,1,1,1,1,1
75921800,0,0,1,1,1,1,0
1174337233,0,0,1,1,1,1,1
1175818194,0,1,1,1,1,1,0
1213030910,0,0,1,1,0,1,0
616385430,0,0,1,1,1,1,0
616990658,0,1,1,1,1,1,1
1174379054,0,0,1,1,1,1,0
491750411,0,0,1,1,1,0,0
617438377,0,0,1,1,1,1,1
1124264132,0,0,1,1,1,1,1
1128822200,0,0,1,1,1,0,0
377994769,0,0,1,0,0,1,0
921913526,0,0,1,1,0,0,0
1175700618,0,0,1,1,1,1,0
1176421460,0,0,1,1,1,1,1
1174908596,0,1,1,1,1,0,1
322334942,0,0,1,1,1,1,0
1129040058,0,1,1,1,1,1,0
1370681630,0,0,1,1,0,0,0
1175758454,0,0,1,1,1,1,0
1126978626,0,0,1,1,1,0,1
1174433768,0,0,1,1,1,1,0
616313250,0,1,1,1,1,1,0
57710065,0,1,1,0,1,0,1
198277538,0,0,1,1,1,0,0
616206200,0,0,1,1,1,1,0
1174672777,0,0,1,1,1,1,0
216039493,0,0,1,1,1,1,0
1030686715,0,0,1,1,1,0,0
1175642052,0,0,1,1,1,1,0
716470938,0,0,1,1,1,0,0
616219148,0,0,1,1,1,1,0
1127771377,0,0,1,1,1,0,1
619723557,0,1,1,1,1,1,0
1174413920,0,0,1,1,1,0,0
1174739780,0,0,1,1,1,0,0
253239439,0,1,1,0,1,1,1
764770615,0,0,1,1,1,0,0
1176277519,0,0,1,1,1,0,1
1367040230,0,0,1,1,0,0,1
1208650584,0,0,1,1,0,0,0
616544491,0,1,1,1,1,0,0
616341300,0,1,1,1,1,0,0
1127029874,0,1,1,1,1,0,0
322560937,0,0,1,1,0,1,0
1130539062,0,1,1,1,1,1,1
1174679323,0,0,1,1,1,0,1
171990690,0,0,1,1,0,1,0
349392750,0,1,0,0,1,1,1
172164229,0,0,1,1,0,0,1
189211293,0,1,1,1,1,1,0
1174905187,0,0,1,1,1,0,0
48109055,0,0,1,1,1,0,1
1176325658,0,0,1,1,1,0,0
1175819569,0,0,1,1,1,1,0
616218845,0,0,1,1,1,0,0
619727032,0,1,1,1,1,1,1
617733611,0,1,1,1,1,0,0
617446883,0,0,1,1,1,0,0
712468867,0,0,1,1,1,0,0
96882337,0,1,1,1,1,1,0
1176259471,0,0,1,1,1,0,0
110875970,0,0,1,1,1,1,0
973256785,0,0,1,1,0,1,0
616227352,0,0,1,1,1,1,0
1128361064,0,1,1,1,1,0,1
1174665463,0,0,1,1,1,1,0
1176329180,0,1,1,1,1,1,1
1127056663,0,1,1,1,1,1,0
713127517,0,1,1,1,1,0,0
77668831,0,0,1,1,1,0,0
1175963882,0,0,1,1,1,1,0
1174349246,0,0,1,1,1,0,0
156242211,0,0,1,1,0,1,0
1127067181,0,0,1,1,1,1,0
616998587,0,1,1,1,1,1,0
124419079,0,0,1,1,0,0,0
617821602,0,0,1,1,1,1,1
618887115,0,0,1,1,1,0,1
1176104192,0,0,1,1,0,0,1
1127315730,0,0,1,1,1,1,0
616632879,0,0,1,1,1,0,0
257278802,0,1,0,0,1,0,0
47497854,1,0,1,1,1,1,1
135555380,0,0,1,1,1,1,1
199843531,0,0,1,1,0,0,0
616424372,0,1,1,1,1,1,1
1174754300,0,0,1,1,1,1,0
1130305728,0,0,1,1,1,1,0
1130518314,0,0,1,1,1,0,0
1174642170,0,0,1,1,1,1,0
1127302868,0,0,1,1,1,1,0
1175990276,0,0,1,1,1,1,0
616235848,0,1,1,1,1,1,0
1128300438,0,0,1,1,1,0,0
1176219258,0,0,1,1,1,1,1
157769562,0,0,1,1,0,1,0
546818678,0,0,1,1,0,1,0
1174619377,0,0,1,1,1,0,1
616228258,0,1,1,1,1,0,1
475549626,0,1,0,0,0,0,0
617578990,0,1,1,1,1,0,1
617034173,0,1,1,1,1,1,0
1174414201,0,0,1,1,1,1,0
1174322688,0,0,1,1,1,0,0
616804331,0,1,1,1,1,1,0
1205024066,0,0,1,1,0,0,0
618195959,0,1,1,1,1,1,0
164239619,0,0,1,1,1,1,1
1174924308,0,0,1,1,1,1,0
1129950846,0,0,1,1,1,1,0
1127042088,0,1,1,1,1,1,1
380597201,0,1,1,1,1,1,0
1175690418,0,0,1,1,1,0,1
617389950,0,1,1,1,1,1,0
1127389794,0,1,1,1,1,1,0
1127687125,0,0,1,1,1,0,1
617539440,0,0,1,1,1,1,0
55197144,0,0,1,0,1,1,0
1130064529,0,0,1,1,1,1,1
616229203,0,0,1,1,1,0,0
1176344048,0,0,1,1,1,1,1
616299531,0,1,1,1,1,0,0
544805302,0,0,1,1,0,1,1
128278995,1,0,1,1,1,0,0
1176380456,0,0,1,1,1,1,0
617742720,0,1,1,1,1,1,0
618186707,0,0,1,1,1,1,1
229906054,0,0,1,1,0,0,0
619418083,0,1,1,1,1,1,1
616308894,0,1,1,1,1,1,0
616920480,0,0,1,1,1,1,1
1174771632,0,1,1,1,1,0,0
1175031572,0,0,1,1,1,1,0
292533078,0,1,1,1,1,0,0
420200172,0,0,1,0,0,0,0
616977419,0,1,1,1,1,1,0
182071638,0,0,1,1,0,1,1
616730427,0,1,1,1,1,1,0
1126130328,0,0,1,1,1,0,1
617214370,0,1,1,1,1,0,0
55639200,0,0,1,1,0,1,1
250216358,0,1,1,1,1,1,0
1175940716,0,0,1,1,1,0,1
1175015820,0,0,1,1,1,1,1
617721359,0,1,1,1,1,0,0
1176246091,0,0,1,1,1,1,0
1023549769,0,0,1,1,0,1,1
616217345,0,1,1,1,1,0,0
1174434985,0,0,1,1,1,0,0
1175830736,0,0,1,1,1,1,0
616250278,0,1,1,1,1,1,0
616903526,0,0,1,1,1,0,1
616235338,0,0,1,1,1,0,1
1127809698,0,0,1,1,1,1,0
1176100699,0,0,1,1,1,0,0
617830441,0,0,1,1,1,1,0
1130207582,0,0,1,1,1,0,1
616231585,0,1,1,1,1,0,0
1127942606,0,1,1,1,1,0,0
1174971644,0,0,1,1,1,0,0
1175681424,0,0,1,1,1,1,0
617011109,0,0,1,1,1,1,0
1208952572,0,0,1,1,0,1,1
1208689016,0,0,1,1,0,1,0
618529778,0,1,1,1,1,0,1
617299578,0,0,1,1,1,0,1
301529735,0,0,1,0,0,1,0
355843642,0,0,1,1,1,1,0
616757321,0,1,1,1,1,1,0
619472899,0,0,1,1,1,1,0
120957631,0,0,1,1,1,0,1
1174946815,0,1,1,1,1,1,0
617758824,0,0,1,1,1,1,0
616226596,0,0,1,1,1,0,0
1174443134,0,0,1,1,1,1,1
616230506,0,0,1,1,1,0,0
617690311,0,0,1,1,1,1,0
620598613,0,0,1,1,1,1,0
224567425,0,1,1,1,1,0,1
1174768531,0,1,1,1,1,1,1
1175011722,0,0,1,1,1,1,0
144038714,0,0,1,1,0,1,0
618752804,0,0,1,1,1,1,0
616627945,0,1,1,1,1,0,0
617020884,0,0,1,1,1,1,0
616222864,0,0,1,1,1,0,0
1176214640,0,0,1,1,1,0,1
616308801,0,0,1,1,1,1,1
1125962952,0,0,1,1,1,1,0
1176040076,0,0,1,1,1,0,1
1174398458,0,1,1,1,1,0,0
617510269,0,0,1,1,1,1,1
1176381348,0,0,1,1,1,1,0
448310199,0,1,0,0,1,1,0
338107834,0,0,1,1,0,1,0
616322025,0,0,1,1,1,0,0
1176314646,0,0,1,1,1,1,0
1174638181,0,0,1,1,1,1,0
289531155,0,1,1,1,1,1,0
214998068,0,1,1,1,1,1,0
1369749661,0,0,1,1,0,0,0
1175614022,0,0,1,1,1,1,0
1174832804,0,1,1,1,1,1,1
101892747,0,0,1,1,0,0,0
951793016,0,0,1,1,1,0,0
616841344,0,0,1,1,1,0,1
555263333,0,0,1,1,1,1,0
1129813304,0,0,1,1,1,0,0
966110664,0,0,1,1,0,0,0
616596310,0,1,1,1,1,1,0
1127025932,0,1,1,1,1,1,1
616226164,0,1,1,1,1,0,1
1208037522,0,0,1,1,0,0,1
617490522,0,1,1,1,1,1,0
1175834918,0,1,1,1,1,1,1
616263295,0,0,1,1,1,0,1
254545789,0,0,1,1,0,1,0
1176258824,0,0,1,1,1,0,1
1174631851,0,1,1,1,1,1,0
347430365,0,0,1,1,0,0,0
1174399688,0,0,1,1,1,1,1
1176394070,0,1,1,1,1,1,0
217230913,0,0,1,1,1,0,0
616989279,0,1,1,1,1,1,1
618249287,0,1,1,1,1,1,0
618945206,0,0,1,1,1,0,1
45954898,0,0,1,1,1,1,1
620519953,0,1,1,1,1,1,0
1174330976,0,0,1,1,1,1,0
616302783,0,0,1,1,1,1,0
1176217807,0,1,1,1,0,0,0
1127000612,0,0,1,1,1,0,0
617597399,0,1,1,1,1,0,1
1174357490,0,0,1,1,1,1,0
39321660,0,1,1,1,1,1,0
1174577719,0,0,1,1,1,0,0
1205093317,0,0,1,1,0,1,1
250231381,0,0,1,1,1,1,0
616206143,0,0,1,1,1,1,1
1128012338,0,0,1,1,1,1,0
1124613985,0,1,1,1,1,1,0
1174706798,0,0,1,1,1,1,0
190796770,0,0,1,1,1,0,1
616301904,0,1,1,1,1,1,0
617020095,0,1,1,1,1,0,0
621364003,0,0,1,1,1,1,0
116265574,0,0,1,1,1,1,0
1175982799,0,0,1,1,1,0,1
277203011,0,0,1,1,1,1,0
263925079,0,1,1,1,1,0,1
1128263910,0,1,1,1,1,1,0
67856562,0,0,1,0,1,1,0
616853412,0,0,1,1,1,1,1
255195150,0,1,1,1,0,1,0
616224547,0,1,1,1,1,0,1
563914220,0,0,1,0,0,0,0
619664425,0,1,1,1,1,0,0
616455360,0,0,1,1,1,0,1
616772277,0,0,1,1,1,1,0
588962156,0,0,1,1,1,1,1
1218559916,0,0,1,1,1,1,0
1127159532,0,0,1,1,1,0,0
620515439,0,1,1,1,1,0,0
303469076,0,0,1,1,0,1,1
617633344,0,0,1,1,1,1,0
1175612930,0,1,1,1,1,1,0
617679830,0,1,1,1,1,1,0
617294403,0,0,1,1,1,0,0
1176363709,0,0,1,1,1,0,0
616225051,0,0,1,1,1,0,1
550717230,0,0,1,1,1,0,0
1366784677,0,0,1,1,0,0,0
620111964,0,0,1,1,1,0,1
1126916953,0,0,1,1,1,1,0
1129894363,0,1,1,1,1,1,0
233145356,0,0,1,1,0,0,1
80479674,0,1,1,1,1,0,0
1174983931,0,0,1,1,1,1,0
1176039984,0,0,1,1,1,1,0
618853944,0,1,1,1,1,1,0
1213131912,0,0,1,1,1,1,0
487650514,0,0,1,1,1,1,0
265551997,0,0,1,0,1,1,1
617859996,0,1,1,1,1,1,0
1174438993,0,0,1,1,1,1,0
119227710,0,0,1,1,0,0,1
1129034947,0,0,1,1,1,1,1
617029885,0,0,1,1,1,1,0
618500176,0,0,1,1,1,0,0
1174345260,0,0,1,1,1,1,1
630700348,0,0,1,1,0,1,0
1175968452,0,0,1,1,1,0,0
1130321509,0,1,1,1,1,0,1
715004359,0,0,1,1,1,1,0
616221752,0,1,1,1,1,0,0
1281271908,0,0,1,1,1,0,0
250970687,0,0,1,1,1,0,0
315492745,0,0,1,1,1,0,0
1174420404,0,0,1,1,1,0,0
1175699864,0,1,1,1,1,1,1
1174872906,0,0,1,1,1,1,0
1127105233,0,0,1,1,1,1,1
346754293,0,0,1,1,1,1,0
1174679113,0,0,1,1,1,1,1
616235260,0,0,1,1,1,1,0
1175593494,0,0,1,1,1,0,0
112200531,0,0,1,1,1,0,1
1127036438,0,1,1,1,1,0,1
548300100,0,1,1,0,0,1,0
621962667,0,0,1,1,1,1,1
616299144,0,0,1,1,1,0,0
1174707146,0,1,1,1,1,1,1
229243865,0,1,1,1,1,0,0
617021605,0,1,1,1,1,1,0
1176026473,0,0,1,1,1,1,1
1175755050,0,1,1,1,1,1,0
616726886,0,0,1,1,1,1,1
1128530996,0,0,1,1,1,1,0
616381786,0,1,1,1,1,1,0
1175654954,0,0,1,1,1,0,1
1174981094,0,0,1,1,1,1,0
1176218598,0,1,1,1,1,1,0
616873653,0,1,1,1,1,1,0
1127286650,0,0,1,1,1,1,0
616221239,0,1,1,1,1,0,0
617629634,0,0,1,1,1,0,1
617234497,0,0,1,1,1,1,1
279388955,0,1,0,0,1,0,0
214549887,0,0,1,1,1,0,0
145022907,1,0,1,0,1,1,0
148896431,0,0,1,1,1,1,0
618758991,0,0,1,1,1,1,0
709713920,0,0,1,1,1,0,1
711117829,0,1,1,1,1,0,0
617695084,0,0,1,1,1,0,1
423342037,0,0,1,1,1,0,1
1208394786,0,0,1,1,0,0,1
1127733422,0,1,1,1,1,1,0
295202314,0,0,1,1,1,0,0
616231654,0,0,1,1,1,0,0
1129972454,0,1,1,1,1,1,0
1175762274,0,0,1,1,1,1,1
1174552537,0,0,1,1,1,0,0
616980013,0,1,1,1,1,1,0
1127373948,0,1,1,1,1,1,1
1212870672,0,0,1,1,1,1,0
616806334,0,1,1,1,1,1,0
710176700,0,0,1,1,1,1,0
616300671,0,1,1,1,1,1,0
617105824,0,0,1,1,1,1,0
1130227346,0,1,1,1,1,0,0
170144297,0,0,1,0,1,1,1
38021637,0,0,1,1,1,1,0
617396809,0,0,1,1,1,0,0
55962452,0,0,1,1,1,0,0
260440734,0,0,1,1,1,1,0
1174619839,0,0,1,1,1,0,0
617461581,0,0,1,1,1,0,1
611238815,0,0,1,1,1,1,0
1174763443,0,0,1,1,1,1,0
1128635107,0,1,1,1,0,1,0
616256389,0,1,1,1,1,0,0
1127844894,0,1,1,1,1,0,0
169474438,0,0,1,1,0,0,0
108061353,1,0,1,1,1,0,1
123952912,0,0,1,1,0,1,0
616891504,0,0,1,1,1,0,0
1174367996,0,0,1,1,1,0,0
1124459342,0,0,1,1,1,1,0
616228510,0,0,1,1,1,0,0
616386285,0,0,1,1,1,1,0
1205108125,0,0,1,1,0,1,0
1213170564,0,0,1,1,0,1,1
1175897192,0,1,1,1,1,0,1
1176372842,0,0,1,1,1,0,1
617813940,0,0,1,1,1,0,0
616616287,0,0,1,1,1,1,0
716465820,0,1,1,1,1,1,1
616361034,0,0,1,1,1,1,0
616229482,0,1,1,1,1,1,0
1174699399,0,1,1,1,1,1,1
1130268866,0,0,1,1,1,1,0
1128379118,0,0,1,1,1,1,0
616246319,0,0,1,1,1,1,0
622589126,0,1,1,1,1,0,1
619187098,0,1,1,1,1,0,0
1175597359,0,0,1,1,1,0,0
254839933,0,0,1,1,0,1,0
1175669130,0,0,1,1,1,1,0
1174724869,0,0,1,1,1,0,1
616805636,0,1,1,1,1,1,0
616217867,0,0,1,1,1,0,1
616232503,0,1,1,1,1,1,0
1175035327,0,0,1,1,1,0,1
622111989,0,0,1,1,1,0,0
1175672016,0,1,1,1,1,1,0
1174431032,0,1,1,1,1,0,0
79860976,0,0,1,1,0,1,0
616231565,0,1,1,1,1,0,0
91781300,0,1,1,1,1,1,0
616211512,0,1,1,1,1,0,0
1174743122,0,1,1,1,1,0,0
616229068,0,1,1,1,1,0,0
186476710,0,0,1,1,1,1,0
1174331114,0,0,1,1,1,1,1
620474586,0,0,1,1,1,1,1
566429313,0,0,1,1,0,1,0
616232782,0,1,1,1,1,0,0
617859807,0,1,1,1,1,1,0
241289593,0,0,1,1,1,0,1
1176131065,0,0,1,1,1,1,1
259396381,0,1,1,1,0,1,0
96487747,0,0,1,1,1,1,1
1128339972,0,1,1,1,1,1,0
735242102,0,0,1,1,1,1,0
989855300,0,0,1,1,1,1,1
909766628,0,0,1,1,1,1,1
617303057,0,0,1,1,1,1,0
79749293,0,0,1,1,1,1,0
145602813,0,0,1,1,1,0,0
616792194,0,0,1,1,1,1,1
616206626,0,0,1,1,1,0,1
1130158777,0,1,1,1,1,0,0
1175670450,0,0,1,1,1,1,1
1174549280,0,0,1,1,1,0,0
357756459,0,0,1,1,1,1,1
88563527,0,1,1,0,1,0,0
69412978,1,1,0,1,1,1,0
616305351,0,1,1,1,1,1,1
1176248545,0,1,1,1,1,0,0
616217255,0,1,1,1,1,0,1
252818860,0,0,1,1,0,1,0
1130283200,0,0,1,1,1,1,1
626820204,0,0,1,1,1,1,1
716803351,0,0,1,1,1,1,0
1127064944,0,1,1,1,1,1,0
1127688234,0,0,1,1,1,1,0
619231739,0,0,1,1,1,0,1
1176405830,0,0,1,1,1,1,1
616893835,0,1,1,1,1,0,0
617584099,0,0,1,1,1,1,0
318156874,0,0,1,1,0,1,0
1381744988,0,0,1,1,1,1,0
64110707,0,0,1,1,1,1,0
616225156,0,1,1,1,1,0,0
617916495,0,0,1,1,1,0,0
1130549228,0,0,1,1,1,1,0
1176247873,0,0,1,1,1,1,0
619976364,0,1,1,1,1,0,0
616897643,0,0,1,1,1,0,0
343814415,0,0,1,1,0,1,1
1175663832,0,1,1,1,0,1,0
1213492392,0,0,1,1,1,1,0
620421877,0,1,1,1,1,0,0
115443974,0,0,1,1,1,1,0
1174644924,0,0,1,1,1,0,1
616298739,0,1,1,1,1,0,0
616684038,0,1,1,1,1,0,0
622329814,0,1,1,1,1,1,0
616298898,0,0,1,1,1,1,0
617617831,0,1,1,1,1,1,0
1129076226,0,1,1,1,1,1,0
1128223321,0,1,1,1,1,0,0
1127849112,0,1,1,1,1,1,0
617087922,0,0,1,1,1,1,0
196198266,0,0,1,1,1,1,1
246498796,0,0,1,0,1,1,1
620332636,0,0,1,1,1,1,1
1129914116,0,1,1,1,1,1,1
534488325,0,0,1,1,0,0,0
127423382,0,0,1,1,1,1,0
1127080364,0,0,1,1,1,0,1
616222247,0,1,1,1,1,0,1
616296954,1,0,1,1,1,1,0
244447055,0,0,1,1,1,0,0
184821868,0,0,1,0,1,0,1
1174734559,0,0,1,1,1,1,0
1176270469,0,0,1,1,1,1,1
1174959522,0,0,1,1,1,0,0
106193762,0,0,1,1,1,1,0
616401471,0,1,1,1,1,1,0
616300830,0,1,1,1,1,1,1
349979518,0,0,1,1,1,1,0
48336195,0,0,1,1,1,0,0
617342501,0,1,1,1,1,1,0
1176132600,0,0,1,1,1,1,0
120459203,0,1,1,1,1,0,0
344796697,0,0,1,0,1,0,1
617316416,0,0,1,1,1,1,0
619613905,0,1,1,1,1,1,0
616764807,0,1,1,1,1,1,1
89225998,0,1,1,0,1,1,1
1208435030,0,0,1,1,0,0,1
1176335570,0,1,1,1,1,1,0
622736222,0,0,1,1,1,1,0
616206769,0,1,1,1,1,0,0
1174719445,0,1,1,1,1,1,0
176506844,0,0,1,1,0,0,0
1174725366,0,0,1,1,1,1,0
622375535,0,1,1,1,1,0,0
616220383,0,1,1,1,1,0,0
616309005,0,0,1,1,1,1,0
616807239,0,1,1,1,1,1,0
616550352,0,0,1,1,1,1,0
616304133,0,1,1,1,1,1,0
616224959,0,1,1,1,1,1,0
99469213,0,0,1,1,1,1,0
383379752,0,0,1,1,1,1,0
1130266422,0,0,1,1,1,1,1
616212964,0,0,1,1,1,1,1
72849399,0,0,1,1,1,1,0
616685497,0,1,1,1,1,1,1
616301763,0,0,1,1,1,0,1
1130234461,0,0,1,1,1,0,0
616223195,0,0,1,1,1,1,0
616219253,0,0,1,1,1,0,0
616221350,0,1,1,1,1,0,0
616312653,0,1,1,1,1,1,0
197659647,0,0,1,1,1,1,0
1175869250,0,0,1,1,1,0,0
621502353,0,1,1,1,1,0,0
616298418,0,1,1,1,1,0,1
142876983,0,0,1,1,1,1,0
616289460,0,0,1,1,1,1,0
617450488,0,0,1,1,1,1,0
1174688940,0,1,1,1,1,0,1
1176278306,0,0,1,1,1,1,0
620518627,0,1,1,1,1,0,1
616219193,0,1,1,1,1,1,0
1176291828,0,0,1,1,1,0,0
368596513,0,0,1,1,0,1,1
282715534,0,0,1,1,1,1,0
1129948556,0,0,1,1,1,0,0
1175816443,0,0,1,1,1,0,1
82885728,0,0,1,1,1,0,1
1205078954,0,0,1,1,1,1,0
616298625,0,1,1,1,1,1,0
1174601928,0,1,1,1,1,1,0
1128581702,0,1,1,1,1,1,0
1127094674,0,1,1,1,1,0,0
415627855,0,0,1,1,0,1,0
299114435,0,0,1,1,1,1,0
617007034,0,0,1,1,1,0,0
300387928,0,0,1,1,0,0,1
617639339,0,1,1,1,1,1,1
616400521,0,1,1,1,1,1,1
1391378610,0,0,1,1,1,0,0
136277724,0,0,1,1,1,1,0
619586346,0,1,1,1,1,1,0
617541822,0,0,1,1,1,1,1
104850934,0,0,1,1,0,1,0
617821434,0,0,1,1,1,1,0
617198204,0,1,1,1,1,1,0
161291774,0,0,1,0,1,1,0
616594567,0,1,1,1,1,1,0
1128096152,0,0,1,1,1,1,0
618469145,0,1,1,1,1,0,1
617341446,0,0,1,1,1,0,0
215878258,0,0,1,1,1,1,0
616301994,0,1,1,1,1,1,0
1124348202,0,0,1,1,1,0,0
1174632889,0,0,1,1,1,1,0
616297401,0,1,1,1,1,1,0
1176225534,0,0,1,1,1,1,0
616229767,0,1,1,1,1,0,0
1174352293,0,1,1,1,1,0,0
89799649,0,0,1,1,0,1,0
1175671008,0,0,1,1,1,0,0
616303596,0,0,1,1,1,0,1
1176056719,0,0,1,1,1,1,1
1175995525,0,0,1,1,1,0,1
616916922,0,1,1,1,1,1,0
616205123,0,0,1,1,1,0,0
1174402488,0,0,1,1,1,1,1
616225009,0,1,1,1,1,0,0
113971880,0,0,1,1,1,0,0
616641964,0,1,1,1,1,1,0
442773631,0,0,1,1,1,1,1
616972396,0,0,1,1,1,1,0
617343116,0,1,1,1,1,0,0
344217570,0,0,1,1,0,1,1
1175933034,0,0,1,1,1,0,0
1174534844,0,1,1,1,1,1,0
319802566,0,0,1,1,0,1,1
617128626,0,0,1,1,1,0,0
616538559,0,1,1,1,1,0,0
